0
SECTION
2
HEADER
9
$ACADVER
1
AC1009
9
$DWGCODEPAGE
3
ANSI_1252
9
$INSUNITS
70
6
9
$MEASUREMENT
70
1
9
$LUNITS
70
2
9
$LUPREC
70
6
9
$EXTMIN
10
-30.500000
20
-36.000000
30
0.000000
9
$EXTMAX
10
474.000000
20
454.000000
30
0.000000
9
$LIMMIN
10
-30.500000
20
-36.000000
9
$LIMMAX
10
474.000000
20
454.000000
0
ENDSEC
0
SECTION
2
TABLES
0
TABLE
2
LTYPE
70
2
0
LTYPE
2
CONTINUOUS
70
0
3
Solid line
72
65
73
0
40
0.000000
0
LTYPE
2
DASHED
70
0
3
__ __ __
72
65
73
2
40
4.800000
49
3.000000
49
-1.800000
0
ENDTAB
0
TABLE
2
LAYER
70
22
0
LAYER
2
SITE
70
0
62
7
6
CONTINUOUS
0
LAYER
2
ENVELOPE
70
0
62
1
6
DASHED
0
LAYER
2
ROAD-PRIMARY
70
0
62
8
6
CONTINUOUS
0
LAYER
2
ROAD-SECONDARY
70
0
62
9
6
CONTINUOUS
0
LAYER
2
PLOT
70
0
62
30
6
CONTINUOUS
0
LAYER
2
GREEN
70
0
62
3
6
CONTINUOUS
0
LAYER
2
AMENITY
70
0
62
40
6
CONTINUOUS
0
LAYER
2
CLUB
70
0
62
32
6
CONTINUOUS
0
LAYER
2
POOL
70
0
62
5
6
CONTINUOUS
0
LAYER
2
GATE
70
0
62
6
6
CONTINUOUS
0
LAYER
2
PARKING
70
0
62
9
6
CONTINUOUS
0
LAYER
2
TREE
70
0
62
3
6
CONTINUOUS
0
LAYER
2
BUILDING
70
0
62
34
6
CONTINUOUS
0
LAYER
2
PAVING
70
0
62
9
6
CONTINUOUS
0
LAYER
2
WATER
70
0
62
5
6
CONTINUOUS
0
LAYER
2
LAWN
70
0
62
3
6
CONTINUOUS
0
LAYER
2
SHADOW
70
0
62
8
6
CONTINUOUS
0
LAYER
2
MARKING
70
0
62
7
6
CONTINUOUS
0
LAYER
2
DIMENSION
70
0
62
2
6
CONTINUOUS
0
LAYER
2
TEXT
70
0
62
7
6
CONTINUOUS
0
LAYER
2
ANNOTATION
70
0
62
7
6
CONTINUOUS
0
LAYER
2
WATERMARK
70
0
62
8
6
CONTINUOUS
0
ENDTAB
0
TABLE
2
STYLE
70
1
0
STYLE
2
STANDARD
70
0
40
0.000000
41
1.000000
50
0.000000
71
0
42
2.500000
3
txt
4

0
ENDTAB
0
ENDSEC
0
SECTION
2
ENTITIES
999
URBANOS_COORDINATE_UNIT metre
999
URBANOS_DECLARED_SCALE 1:1000.000000
999
URBANOS_CLASSIFICATION demo-illustrative
999
URBANOS_STATUS Research Draft — Not for Construction · DEMO
999
URBANOS_FIXTURE_DIGEST 8fd580064eae35cb9bfaa6bdfb70490d0144840b5cd0077605018be6ff7535f5
999
URBANOS_RULEBOOK_DIGEST c7ae502fd0e600774cd77ce3526e6d0a836f3ebf648879930af64b1f7aa06abb
999
URBANOS_GEOMETRY_DIGEST 64f4db4362069f4c1133f61e02897d90edfc28e0ab2e0c1a20b77ea744eabfbc
999
URBANOS_PATH f.site-boundary
0
POLYLINE
8
SITE
66
1
70
1
10
0.000000
20
0.000000
30
0.000000
0
VERTEX
8
SITE
10
0.000000
20
0.000000
30
0.000000
0
VERTEX
8
SITE
10
460.000000
20
0.000000
30
0.000000
0
VERTEX
8
SITE
10
460.000000
20
440.000000
30
0.000000
0
VERTEX
8
SITE
10
0.000000
20
440.000000
30
0.000000
0
SEQEND
8
SITE
999
URBANOS_PATH f.envelope
0
POLYLINE
8
ENVELOPE
66
1
70
1
10
0.000000
20
0.000000
30
0.000000
0
VERTEX
8
ENVELOPE
10
12.000000
20
15.000000
30
0.000000
0
VERTEX
8
ENVELOPE
10
448.000000
20
15.000000
30
0.000000
0
VERTEX
8
ENVELOPE
10
448.000000
20
428.000000
30
0.000000
0
VERTEX
8
ENVELOPE
10
12.000000
20
428.000000
30
0.000000
0
SEQEND
8
ENVELOPE
999
URBANOS_PATH f.road-primary-spine
0
POLYLINE
8
ROAD-PRIMARY
66
1
70
1
10
0.000000
20
0.000000
30
0.000000
0
VERTEX
8
ROAD-PRIMARY
10
209.000000
20
0.000000
30
0.000000
0
VERTEX
8
ROAD-PRIMARY
10
224.000000
20
0.000000
30
0.000000
0
VERTEX
8
ROAD-PRIMARY
10
224.000000
20
414.500000
30
0.000000
0
VERTEX
8
ROAD-PRIMARY
10
209.000000
20
414.500000
30
0.000000
0
SEQEND
8
ROAD-PRIMARY
999
URBANOS_PATH f.road-primary-spine-east
0
POLYLINE
8
ROAD-PRIMARY
66
1
70
1
10
0.000000
20
0.000000
30
0.000000
0
VERTEX
8
ROAD-PRIMARY
10
236.000000
20
0.000000
30
0.000000
0
VERTEX
8
ROAD-PRIMARY
10
251.000000
20
0.000000
30
0.000000
0
VERTEX
8
ROAD-PRIMARY
10
251.000000
20
414.500000
30
0.000000
0
VERTEX
8
ROAD-PRIMARY
10
236.000000
20
414.500000
30
0.000000
0
SEQEND
8
ROAD-PRIMARY
999
URBANOS_PATH f.gate-entry
0
POLYLINE
8
GATE
66
1
70
1
10
0.000000
20
0.000000
30
0.000000
0
VERTEX
8
GATE
10
209.000000
20
0.000000
30
0.000000
0
VERTEX
8
GATE
10
251.000000
20
0.000000
30
0.000000
0
VERTEX
8
GATE
10
251.000000
20
4.000000
30
0.000000
0
VERTEX
8
GATE
10
209.000000
20
4.000000
30
0.000000
0
SEQEND
8
GATE
999
URBANOS_PATH f.road-secondary-sw-loop-s
0
POLYLINE
8
ROAD-SECONDARY
66
1
70
1
10
0.000000
20
0.000000
30
0.000000
0
VERTEX
8
ROAD-SECONDARY
10
25.500000
20
28.500000
30
0.000000
0
VERTEX
8
ROAD-SECONDARY
10
209.000000
20
28.500000
30
0.000000
0
VERTEX
8
ROAD-SECONDARY
10
209.000000
20
40.500000
30
0.000000
0
VERTEX
8
ROAD-SECONDARY
10
25.500000
20
40.500000
30
0.000000
0
SEQEND
8
ROAD-SECONDARY
999
URBANOS_PATH f.road-secondary-sw-loop-n
0
POLYLINE
8
ROAD-SECONDARY
66
1
70
1
10
0.000000
20
0.000000
30
0.000000
0
VERTEX
8
ROAD-SECONDARY
10
25.500000
20
154.350000
30
0.000000
0
VERTEX
8
ROAD-SECONDARY
10
209.000000
20
154.350000
30
0.000000
0
VERTEX
8
ROAD-SECONDARY
10
209.000000
20
166.350000
30
0.000000
0
VERTEX
8
ROAD-SECONDARY
10
25.500000
20
166.350000
30
0.000000
0
SEQEND
8
ROAD-SECONDARY
999
URBANOS_PATH f.road-secondary-sw-loop-w
0
POLYLINE
8
ROAD-SECONDARY
66
1
70
1
10
0.000000
20
0.000000
30
0.000000
0
VERTEX
8
ROAD-SECONDARY
10
25.500000
20
40.500000
30
0.000000
0
VERTEX
8
ROAD-SECONDARY
10
37.500000
20
40.500000
30
0.000000
0
VERTEX
8
ROAD-SECONDARY
10
37.500000
20
154.350000
30
0.000000
0
VERTEX
8
ROAD-SECONDARY
10
25.500000
20
154.350000
30
0.000000
0
SEQEND
8
ROAD-SECONDARY
999
URBANOS_PATH f.road-secondary-sw-loop-e
0
POLYLINE
8
ROAD-SECONDARY
66
1
70
1
10
0.000000
20
0.000000
30
0.000000
0
VERTEX
8
ROAD-SECONDARY
10
197.000000
20
40.500000
30
0.000000
0
VERTEX
8
ROAD-SECONDARY
10
209.000000
20
40.500000
30
0.000000
0
VERTEX
8
ROAD-SECONDARY
10
209.000000
20
154.350000
30
0.000000
0
VERTEX
8
ROAD-SECONDARY
10
197.000000
20
154.350000
30
0.000000
0
SEQEND
8
ROAD-SECONDARY
999
URBANOS_PATH f.road-secondary-sw-lane-0
0
POLYLINE
8
ROAD-SECONDARY
66
1
70
1
10
0.000000
20
0.000000
30
0.000000
0
VERTEX
8
ROAD-SECONDARY
10
37.500000
20
58.500000
30
0.000000
0
VERTEX
8
ROAD-SECONDARY
10
179.000000
20
58.500000
30
0.000000
0
VERTEX
8
ROAD-SECONDARY
10
179.000000
20
70.500000
30
0.000000
0
VERTEX
8
ROAD-SECONDARY
10
37.500000
20
70.500000
30
0.000000
0
SEQEND
8
ROAD-SECONDARY
999
URBANOS_PATH f.road-secondary-sw-lane-1
0
POLYLINE
8
ROAD-SECONDARY
66
1
70
1
10
0.000000
20
0.000000
30
0.000000
0
VERTEX
8
ROAD-SECONDARY
10
37.500000
20
106.500000
30
0.000000
0
VERTEX
8
ROAD-SECONDARY
10
179.000000
20
106.500000
30
0.000000
0
VERTEX
8
ROAD-SECONDARY
10
179.000000
20
118.500000
30
0.000000
0
VERTEX
8
ROAD-SECONDARY
10
37.500000
20
118.500000
30
0.000000
0
SEQEND
8
ROAD-SECONDARY
999
URBANOS_PATH f.road-secondary-se-loop-s
0
POLYLINE
8
ROAD-SECONDARY
66
1
70
1
10
0.000000
20
0.000000
30
0.000000
0
VERTEX
8
ROAD-SECONDARY
10
251.000000
20
28.500000
30
0.000000
0
VERTEX
8
ROAD-SECONDARY
10
434.500000
20
28.500000
30
0.000000
0
VERTEX
8
ROAD-SECONDARY
10
434.500000
20
40.500000
30
0.000000
0
VERTEX
8
ROAD-SECONDARY
10
251.000000
20
40.500000
30
0.000000
0
SEQEND
8
ROAD-SECONDARY
999
URBANOS_PATH f.road-secondary-se-loop-n
0
POLYLINE
8
ROAD-SECONDARY
66
1
70
1
10
0.000000
20
0.000000
30
0.000000
0
VERTEX
8
ROAD-SECONDARY
10
251.000000
20
154.350000
30
0.000000
0
VERTEX
8
ROAD-SECONDARY
10
434.500000
20
154.350000
30
0.000000
0
VERTEX
8
ROAD-SECONDARY
10
434.500000
20
166.350000
30
0.000000
0
VERTEX
8
ROAD-SECONDARY
10
251.000000
20
166.350000
30
0.000000
0
SEQEND
8
ROAD-SECONDARY
999
URBANOS_PATH f.road-secondary-se-loop-w
0
POLYLINE
8
ROAD-SECONDARY
66
1
70
1
10
0.000000
20
0.000000
30
0.000000
0
VERTEX
8
ROAD-SECONDARY
10
251.000000
20
40.500000
30
0.000000
0
VERTEX
8
ROAD-SECONDARY
10
263.000000
20
40.500000
30
0.000000
0
VERTEX
8
ROAD-SECONDARY
10
263.000000
20
154.350000
30
0.000000
0
VERTEX
8
ROAD-SECONDARY
10
251.000000
20
154.350000
30
0.000000
0
SEQEND
8
ROAD-SECONDARY
999
URBANOS_PATH f.road-secondary-se-loop-e
0
POLYLINE
8
ROAD-SECONDARY
66
1
70
1
10
0.000000
20
0.000000
30
0.000000
0
VERTEX
8
ROAD-SECONDARY
10
422.500000
20
40.500000
30
0.000000
0
VERTEX
8
ROAD-SECONDARY
10
434.500000
20
40.500000
30
0.000000
0
VERTEX
8
ROAD-SECONDARY
10
434.500000
20
154.350000
30
0.000000
0
VERTEX
8
ROAD-SECONDARY
10
422.500000
20
154.350000
30
0.000000
0
SEQEND
8
ROAD-SECONDARY
999
URBANOS_PATH f.road-secondary-se-lane-0
0
POLYLINE
8
ROAD-SECONDARY
66
1
70
1
10
0.000000
20
0.000000
30
0.000000
0
VERTEX
8
ROAD-SECONDARY
10
281.000000
20
40.500000
30
0.000000
0
VERTEX
8
ROAD-SECONDARY
10
293.000000
20
40.500000
30
0.000000
0
VERTEX
8
ROAD-SECONDARY
10
293.000000
20
136.350000
30
0.000000
0
VERTEX
8
ROAD-SECONDARY
10
281.000000
20
136.350000
30
0.000000
0
SEQEND
8
ROAD-SECONDARY
999
URBANOS_PATH f.road-secondary-se-lane-1
0
POLYLINE
8
ROAD-SECONDARY
66
1
70
1
10
0.000000
20
0.000000
30
0.000000
0
VERTEX
8
ROAD-SECONDARY
10
329.000000
20
40.500000
30
0.000000
0
VERTEX
8
ROAD-SECONDARY
10
341.000000
20
40.500000
30
0.000000
0
VERTEX
8
ROAD-SECONDARY
10
341.000000
20
136.350000
30
0.000000
0
VERTEX
8
ROAD-SECONDARY
10
329.000000
20
136.350000
30
0.000000
0
SEQEND
8
ROAD-SECONDARY
999
URBANOS_PATH f.road-secondary-se-lane-2
0
POLYLINE
8
ROAD-SECONDARY
66
1
70
1
10
0.000000
20
0.000000
30
0.000000
0
VERTEX
8
ROAD-SECONDARY
10
377.000000
20
40.500000
30
0.000000
0
VERTEX
8
ROAD-SECONDARY
10
389.000000
20
40.500000
30
0.000000
0
VERTEX
8
ROAD-SECONDARY
10
389.000000
20
136.350000
30
0.000000
0
VERTEX
8
ROAD-SECONDARY
10
377.000000
20
136.350000
30
0.000000
0
SEQEND
8
ROAD-SECONDARY
999
URBANOS_PATH f.road-secondary-nw-loop-s
0
POLYLINE
8
ROAD-SECONDARY
66
1
70
1
10
0.000000
20
0.000000
30
0.000000
0
VERTEX
8
ROAD-SECONDARY
10
25.500000
20
276.650000
30
0.000000
0
VERTEX
8
ROAD-SECONDARY
10
209.000000
20
276.650000
30
0.000000
0
VERTEX
8
ROAD-SECONDARY
10
209.000000
20
288.650000
30
0.000000
0
VERTEX
8
ROAD-SECONDARY
10
25.500000
20
288.650000
30
0.000000
0
SEQEND
8
ROAD-SECONDARY
999
URBANOS_PATH f.road-secondary-nw-loop-n
0
POLYLINE
8
ROAD-SECONDARY
66
1
70
1
10
0.000000
20
0.000000
30
0.000000
0
VERTEX
8
ROAD-SECONDARY
10
25.500000
20
402.500000
30
0.000000
0
VERTEX
8
ROAD-SECONDARY
10
209.000000
20
402.500000
30
0.000000
0
VERTEX
8
ROAD-SECONDARY
10
209.000000
20
414.500000
30
0.000000
0
VERTEX
8
ROAD-SECONDARY
10
25.500000
20
414.500000
30
0.000000
0
SEQEND
8
ROAD-SECONDARY
999
URBANOS_PATH f.road-secondary-nw-loop-w
0
POLYLINE
8
ROAD-SECONDARY
66
1
70
1
10
0.000000
20
0.000000
30
0.000000
0
VERTEX
8
ROAD-SECONDARY
10
25.500000
20
288.650000
30
0.000000
0
VERTEX
8
ROAD-SECONDARY
10
37.500000
20
288.650000
30
0.000000
0
VERTEX
8
ROAD-SECONDARY
10
37.500000
20
402.500000
30
0.000000
0
VERTEX
8
ROAD-SECONDARY
10
25.500000
20
402.500000
30
0.000000
0
SEQEND
8
ROAD-SECONDARY
999
URBANOS_PATH f.road-secondary-nw-loop-e
0
POLYLINE
8
ROAD-SECONDARY
66
1
70
1
10
0.000000
20
0.000000
30
0.000000
0
VERTEX
8
ROAD-SECONDARY
10
197.000000
20
288.650000
30
0.000000
0
VERTEX
8
ROAD-SECONDARY
10
209.000000
20
288.650000
30
0.000000
0
VERTEX
8
ROAD-SECONDARY
10
209.000000
20
402.500000
30
0.000000
0
VERTEX
8
ROAD-SECONDARY
10
197.000000
20
402.500000
30
0.000000
0
SEQEND
8
ROAD-SECONDARY
999
URBANOS_PATH f.road-secondary-nw-lane-0
0
POLYLINE
8
ROAD-SECONDARY
66
1
70
1
10
0.000000
20
0.000000
30
0.000000
0
VERTEX
8
ROAD-SECONDARY
10
55.500000
20
288.650000
30
0.000000
0
VERTEX
8
ROAD-SECONDARY
10
67.500000
20
288.650000
30
0.000000
0
VERTEX
8
ROAD-SECONDARY
10
67.500000
20
384.500000
30
0.000000
0
VERTEX
8
ROAD-SECONDARY
10
55.500000
20
384.500000
30
0.000000
0
SEQEND
8
ROAD-SECONDARY
999
URBANOS_PATH f.road-secondary-nw-lane-1
0
POLYLINE
8
ROAD-SECONDARY
66
1
70
1
10
0.000000
20
0.000000
30
0.000000
0
VERTEX
8
ROAD-SECONDARY
10
103.500000
20
288.650000
30
0.000000
0
VERTEX
8
ROAD-SECONDARY
10
115.500000
20
288.650000
30
0.000000
0
VERTEX
8
ROAD-SECONDARY
10
115.500000
20
384.500000
30
0.000000
0
VERTEX
8
ROAD-SECONDARY
10
103.500000
20
384.500000
30
0.000000
0
SEQEND
8
ROAD-SECONDARY
999
URBANOS_PATH f.road-secondary-nw-lane-2
0
POLYLINE
8
ROAD-SECONDARY
66
1
70
1
10
0.000000
20
0.000000
30
0.000000
0
VERTEX
8
ROAD-SECONDARY
10
151.500000
20
288.650000
30
0.000000
0
VERTEX
8
ROAD-SECONDARY
10
163.500000
20
288.650000
30
0.000000
0
VERTEX
8
ROAD-SECONDARY
10
163.500000
20
384.500000
30
0.000000
0
VERTEX
8
ROAD-SECONDARY
10
151.500000
20
384.500000
30
0.000000
0
SEQEND
8
ROAD-SECONDARY
999
URBANOS_PATH f.road-secondary-ne-loop-s
0
POLYLINE
8
ROAD-SECONDARY
66
1
70
1
10
0.000000
20
0.000000
30
0.000000
0
VERTEX
8
ROAD-SECONDARY
10
251.000000
20
276.650000
30
0.000000
0
VERTEX
8
ROAD-SECONDARY
10
434.500000
20
276.650000
30
0.000000
0
VERTEX
8
ROAD-SECONDARY
10
434.500000
20
288.650000
30
0.000000
0
VERTEX
8
ROAD-SECONDARY
10
251.000000
20
288.650000
30
0.000000
0
SEQEND
8
ROAD-SECONDARY
999
URBANOS_PATH f.road-secondary-ne-loop-n
0
POLYLINE
8
ROAD-SECONDARY
66
1
70
1
10
0.000000
20
0.000000
30
0.000000
0
VERTEX
8
ROAD-SECONDARY
10
251.000000
20
402.500000
30
0.000000
0
VERTEX
8
ROAD-SECONDARY
10
434.500000
20
402.500000
30
0.000000
0
VERTEX
8
ROAD-SECONDARY
10
434.500000
20
414.500000
30
0.000000
0
VERTEX
8
ROAD-SECONDARY
10
251.000000
20
414.500000
30
0.000000
0
SEQEND
8
ROAD-SECONDARY
999
URBANOS_PATH f.road-secondary-ne-loop-w
0
POLYLINE
8
ROAD-SECONDARY
66
1
70
1
10
0.000000
20
0.000000
30
0.000000
0
VERTEX
8
ROAD-SECONDARY
10
251.000000
20
288.650000
30
0.000000
0
VERTEX
8
ROAD-SECONDARY
10
263.000000
20
288.650000
30
0.000000
0
VERTEX
8
ROAD-SECONDARY
10
263.000000
20
402.500000
30
0.000000
0
VERTEX
8
ROAD-SECONDARY
10
251.000000
20
402.500000
30
0.000000
0
SEQEND
8
ROAD-SECONDARY
999
URBANOS_PATH f.road-secondary-ne-loop-e
0
POLYLINE
8
ROAD-SECONDARY
66
1
70
1
10
0.000000
20
0.000000
30
0.000000
0
VERTEX
8
ROAD-SECONDARY
10
422.500000
20
288.650000
30
0.000000
0
VERTEX
8
ROAD-SECONDARY
10
434.500000
20
288.650000
30
0.000000
0
VERTEX
8
ROAD-SECONDARY
10
434.500000
20
402.500000
30
0.000000
0
VERTEX
8
ROAD-SECONDARY
10
422.500000
20
402.500000
30
0.000000
0
SEQEND
8
ROAD-SECONDARY
999
URBANOS_PATH f.road-secondary-ne-lane-0
0
POLYLINE
8
ROAD-SECONDARY
66
1
70
1
10
0.000000
20
0.000000
30
0.000000
0
VERTEX
8
ROAD-SECONDARY
10
263.000000
20
306.650000
30
0.000000
0
VERTEX
8
ROAD-SECONDARY
10
404.500000
20
306.650000
30
0.000000
0
VERTEX
8
ROAD-SECONDARY
10
404.500000
20
318.650000
30
0.000000
0
VERTEX
8
ROAD-SECONDARY
10
263.000000
20
318.650000
30
0.000000
0
SEQEND
8
ROAD-SECONDARY
999
URBANOS_PATH f.road-secondary-ne-lane-1
0
POLYLINE
8
ROAD-SECONDARY
66
1
70
1
10
0.000000
20
0.000000
30
0.000000
0
VERTEX
8
ROAD-SECONDARY
10
263.000000
20
354.650000
30
0.000000
0
VERTEX
8
ROAD-SECONDARY
10
404.500000
20
354.650000
30
0.000000
0
VERTEX
8
ROAD-SECONDARY
10
404.500000
20
366.650000
30
0.000000
0
VERTEX
8
ROAD-SECONDARY
10
263.000000
20
366.650000
30
0.000000
0
SEQEND
8
ROAD-SECONDARY
999
URBANOS_PATH f.road-secondary-sw-court-0
0
POLYLINE
8
ROAD-SECONDARY
66
1
70
1
10
0.000000
20
0.000000
30
0.000000
0
VERTEX
8
ROAD-SECONDARY
10
179.000000
20
54.500000
30
0.000000
0
VERTEX
8
ROAD-SECONDARY
10
191.000000
20
54.500000
30
0.000000
0
VERTEX
8
ROAD-SECONDARY
10
191.000000
20
74.500000
30
0.000000
0
VERTEX
8
ROAD-SECONDARY
10
179.000000
20
74.500000
30
0.000000
0
SEQEND
8
ROAD-SECONDARY
999
URBANOS_PATH f.road-secondary-sw-court-1
0
POLYLINE
8
ROAD-SECONDARY
66
1
70
1
10
0.000000
20
0.000000
30
0.000000
0
VERTEX
8
ROAD-SECONDARY
10
179.000000
20
102.500000
30
0.000000
0
VERTEX
8
ROAD-SECONDARY
10
191.000000
20
102.500000
30
0.000000
0
VERTEX
8
ROAD-SECONDARY
10
191.000000
20
122.500000
30
0.000000
0
VERTEX
8
ROAD-SECONDARY
10
179.000000
20
122.500000
30
0.000000
0
SEQEND
8
ROAD-SECONDARY
999
URBANOS_PATH f.road-secondary-se-court-0
0
POLYLINE
8
ROAD-SECONDARY
66
1
70
1
10
0.000000
20
0.000000
30
0.000000
0
VERTEX
8
ROAD-SECONDARY
10
277.000000
20
136.350000
30
0.000000
0
VERTEX
8
ROAD-SECONDARY
10
297.000000
20
136.350000
30
0.000000
0
VERTEX
8
ROAD-SECONDARY
10
297.000000
20
148.350000
30
0.000000
0
VERTEX
8
ROAD-SECONDARY
10
277.000000
20
148.350000
30
0.000000
0
SEQEND
8
ROAD-SECONDARY
999
URBANOS_PATH f.road-secondary-se-court-1
0
POLYLINE
8
ROAD-SECONDARY
66
1
70
1
10
0.000000
20
0.000000
30
0.000000
0
VERTEX
8
ROAD-SECONDARY
10
325.000000
20
136.350000
30
0.000000
0
VERTEX
8
ROAD-SECONDARY
10
345.000000
20
136.350000
30
0.000000
0
VERTEX
8
ROAD-SECONDARY
10
345.000000
20
148.350000
30
0.000000
0
VERTEX
8
ROAD-SECONDARY
10
325.000000
20
148.350000
30
0.000000
0
SEQEND
8
ROAD-SECONDARY
999
URBANOS_PATH f.road-secondary-se-court-2
0
POLYLINE
8
ROAD-SECONDARY
66
1
70
1
10
0.000000
20
0.000000
30
0.000000
0
VERTEX
8
ROAD-SECONDARY
10
373.000000
20
136.350000
30
0.000000
0
VERTEX
8
ROAD-SECONDARY
10
393.000000
20
136.350000
30
0.000000
0
VERTEX
8
ROAD-SECONDARY
10
393.000000
20
148.350000
30
0.000000
0
VERTEX
8
ROAD-SECONDARY
10
373.000000
20
148.350000
30
0.000000
0
SEQEND
8
ROAD-SECONDARY
999
URBANOS_PATH f.road-secondary-nw-court-0
0
POLYLINE
8
ROAD-SECONDARY
66
1
70
1
10
0.000000
20
0.000000
30
0.000000
0
VERTEX
8
ROAD-SECONDARY
10
51.500000
20
384.500000
30
0.000000
0
VERTEX
8
ROAD-SECONDARY
10
71.500000
20
384.500000
30
0.000000
0
VERTEX
8
ROAD-SECONDARY
10
71.500000
20
396.500000
30
0.000000
0
VERTEX
8
ROAD-SECONDARY
10
51.500000
20
396.500000
30
0.000000
0
SEQEND
8
ROAD-SECONDARY
999
URBANOS_PATH f.road-secondary-nw-court-1
0
POLYLINE
8
ROAD-SECONDARY
66
1
70
1
10
0.000000
20
0.000000
30
0.000000
0
VERTEX
8
ROAD-SECONDARY
10
99.500000
20
384.500000
30
0.000000
0
VERTEX
8
ROAD-SECONDARY
10
119.500000
20
384.500000
30
0.000000
0
VERTEX
8
ROAD-SECONDARY
10
119.500000
20
396.500000
30
0.000000
0
VERTEX
8
ROAD-SECONDARY
10
99.500000
20
396.500000
30
0.000000
0
SEQEND
8
ROAD-SECONDARY
999
URBANOS_PATH f.road-secondary-nw-court-2
0
POLYLINE
8
ROAD-SECONDARY
66
1
70
1
10
0.000000
20
0.000000
30
0.000000
0
VERTEX
8
ROAD-SECONDARY
10
147.500000
20
384.500000
30
0.000000
0
VERTEX
8
ROAD-SECONDARY
10
167.500000
20
384.500000
30
0.000000
0
VERTEX
8
ROAD-SECONDARY
10
167.500000
20
396.500000
30
0.000000
0
VERTEX
8
ROAD-SECONDARY
10
147.500000
20
396.500000
30
0.000000
0
SEQEND
8
ROAD-SECONDARY
999
URBANOS_PATH f.road-secondary-ne-court-0
0
POLYLINE
8
ROAD-SECONDARY
66
1
70
1
10
0.000000
20
0.000000
30
0.000000
0
VERTEX
8
ROAD-SECONDARY
10
404.500000
20
302.650000
30
0.000000
0
VERTEX
8
ROAD-SECONDARY
10
416.500000
20
302.650000
30
0.000000
0
VERTEX
8
ROAD-SECONDARY
10
416.500000
20
322.650000
30
0.000000
0
VERTEX
8
ROAD-SECONDARY
10
404.500000
20
322.650000
30
0.000000
0
SEQEND
8
ROAD-SECONDARY
999
URBANOS_PATH f.road-secondary-ne-court-1
0
POLYLINE
8
ROAD-SECONDARY
66
1
70
1
10
0.000000
20
0.000000
30
0.000000
0
VERTEX
8
ROAD-SECONDARY
10
404.500000
20
350.650000
30
0.000000
0
VERTEX
8
ROAD-SECONDARY
10
416.500000
20
350.650000
30
0.000000
0
VERTEX
8
ROAD-SECONDARY
10
416.500000
20
370.650000
30
0.000000
0
VERTEX
8
ROAD-SECONDARY
10
404.500000
20
370.650000
30
0.000000
0
SEQEND
8
ROAD-SECONDARY
999
URBANOS_PATH f.green-ring-s-west
0
POLYLINE
8
GREEN
66
1
70
1
10
0.000000
20
0.000000
30
0.000000
0
VERTEX
8
GREEN
10
12.000000
20
15.000000
30
0.000000
0
VERTEX
8
GREEN
10
209.000000
20
15.000000
30
0.000000
0
VERTEX
8
GREEN
10
209.000000
20
28.500000
30
0.000000
0
VERTEX
8
GREEN
10
12.000000
20
28.500000
30
0.000000
0
SEQEND
8
GREEN
999
URBANOS_PATH f.green-ring-s-east
0
POLYLINE
8
GREEN
66
1
70
1
10
0.000000
20
0.000000
30
0.000000
0
VERTEX
8
GREEN
10
251.000000
20
15.000000
30
0.000000
0
VERTEX
8
GREEN
10
448.000000
20
15.000000
30
0.000000
0
VERTEX
8
GREEN
10
448.000000
20
28.500000
30
0.000000
0
VERTEX
8
GREEN
10
251.000000
20
28.500000
30
0.000000
0
SEQEND
8
GREEN
999
URBANOS_PATH f.green-ring-n
0
POLYLINE
8
GREEN
66
1
70
1
10
0.000000
20
0.000000
30
0.000000
0
VERTEX
8
GREEN
10
12.000000
20
414.500000
30
0.000000
0
VERTEX
8
GREEN
10
448.000000
20
414.500000
30
0.000000
0
VERTEX
8
GREEN
10
448.000000
20
428.000000
30
0.000000
0
VERTEX
8
GREEN
10
12.000000
20
428.000000
30
0.000000
0
SEQEND
8
GREEN
999
URBANOS_PATH f.green-ring-w
0
POLYLINE
8
GREEN
66
1
70
1
10
0.000000
20
0.000000
30
0.000000
0
VERTEX
8
GREEN
10
12.000000
20
28.500000
30
0.000000
0
VERTEX
8
GREEN
10
25.500000
20
28.500000
30
0.000000
0
VERTEX
8
GREEN
10
25.500000
20
414.500000
30
0.000000
0
VERTEX
8
GREEN
10
12.000000
20
414.500000
30
0.000000
0
SEQEND
8
GREEN
999
URBANOS_PATH f.green-ring-e
0
POLYLINE
8
GREEN
66
1
70
1
10
0.000000
20
0.000000
30
0.000000
0
VERTEX
8
GREEN
10
434.500000
20
28.500000
30
0.000000
0
VERTEX
8
GREEN
10
448.000000
20
28.500000
30
0.000000
0
VERTEX
8
GREEN
10
448.000000
20
414.500000
30
0.000000
0
VERTEX
8
GREEN
10
434.500000
20
414.500000
30
0.000000
0
SEQEND
8
GREEN
999
URBANOS_PATH f.green-median
0
POLYLINE
8
GREEN
66
1
70
1
10
0.000000
20
0.000000
30
0.000000
0
VERTEX
8
GREEN
10
224.000000
20
15.000000
30
0.000000
0
VERTEX
8
GREEN
10
236.000000
20
15.000000
30
0.000000
0
VERTEX
8
GREEN
10
236.000000
20
414.500000
30
0.000000
0
VERTEX
8
GREEN
10
224.000000
20
414.500000
30
0.000000
0
SEQEND
8
GREEN
999
URBANOS_PATH f.green-west
0
POLYLINE
8
GREEN
66
1
70
1
10
0.000000
20
0.000000
30
0.000000
0
VERTEX
8
GREEN
10
25.500000
20
166.350000
30
0.000000
0
VERTEX
8
GREEN
10
209.000000
20
166.350000
30
0.000000
0
VERTEX
8
GREEN
10
209.000000
20
276.650000
30
0.000000
0
VERTEX
8
GREEN
10
25.500000
20
276.650000
30
0.000000
0
SEQEND
8
GREEN
999
URBANOS_PATH f.green-east
0
POLYLINE
8
GREEN
66
1
70
1
10
0.000000
20
0.000000
30
0.000000
0
VERTEX
8
GREEN
10
397.800000
20
166.350000
30
0.000000
0
VERTEX
8
GREEN
10
434.500000
20
166.350000
30
0.000000
0
VERTEX
8
GREEN
10
434.500000
20
276.650000
30
0.000000
0
VERTEX
8
GREEN
10
397.800000
20
276.650000
30
0.000000
0
SEQEND
8
GREEN
999
URBANOS_PATH f.green-pocket-000
0
POLYLINE
8
GREEN
66
1
70
1
10
0.000000
20
0.000000
30
0.000000
0
VERTEX
8
GREEN
10
37.500000
20
136.500000
30
0.000000
0
VERTEX
8
GREEN
10
179.000000
20
136.500000
30
0.000000
0
VERTEX
8
GREEN
10
179.000000
20
154.350000
30
0.000000
0
VERTEX
8
GREEN
10
37.500000
20
154.350000
30
0.000000
0
SEQEND
8
GREEN
999
URBANOS_PATH f.green-mews-001
0
POLYLINE
8
GREEN
66
1
70
1
10
0.000000
20
0.000000
30
0.000000
0
VERTEX
8
GREEN
10
85.500000
20
118.500000
30
0.000000
0
VERTEX
8
GREEN
10
97.500000
20
118.500000
30
0.000000
0
VERTEX
8
GREEN
10
97.500000
20
136.500000
30
0.000000
0
VERTEX
8
GREEN
10
85.500000
20
136.500000
30
0.000000
0
SEQEND
8
GREEN
999
URBANOS_PATH f.green-mews-002
0
POLYLINE
8
GREEN
66
1
70
1
10
0.000000
20
0.000000
30
0.000000
0
VERTEX
8
GREEN
10
145.500000
20
118.500000
30
0.000000
0
VERTEX
8
GREEN
10
157.500000
20
118.500000
30
0.000000
0
VERTEX
8
GREEN
10
157.500000
20
136.500000
30
0.000000
0
VERTEX
8
GREEN
10
145.500000
20
136.500000
30
0.000000
0
SEQEND
8
GREEN
999
URBANOS_PATH f.green-pocket-003
0
POLYLINE
8
GREEN
66
1
70
1
10
0.000000
20
0.000000
30
0.000000
0
VERTEX
8
GREEN
10
173.500000
20
118.500000
30
0.000000
0
VERTEX
8
GREEN
10
179.000000
20
118.500000
30
0.000000
0
VERTEX
8
GREEN
10
179.000000
20
136.500000
30
0.000000
0
VERTEX
8
GREEN
10
173.500000
20
136.500000
30
0.000000
0
SEQEND
8
GREEN
999
URBANOS_PATH f.green-mews-004
0
POLYLINE
8
GREEN
66
1
70
1
10
0.000000
20
0.000000
30
0.000000
0
VERTEX
8
GREEN
10
61.500000
20
88.500000
30
0.000000
0
VERTEX
8
GREEN
10
73.500000
20
88.500000
30
0.000000
0
VERTEX
8
GREEN
10
73.500000
20
106.500000
30
0.000000
0
VERTEX
8
GREEN
10
61.500000
20
106.500000
30
0.000000
0
SEQEND
8
GREEN
999
URBANOS_PATH f.green-mews-005
0
POLYLINE
8
GREEN
66
1
70
1
10
0.000000
20
0.000000
30
0.000000
0
VERTEX
8
GREEN
10
121.500000
20
88.500000
30
0.000000
0
VERTEX
8
GREEN
10
133.500000
20
88.500000
30
0.000000
0
VERTEX
8
GREEN
10
133.500000
20
106.500000
30
0.000000
0
VERTEX
8
GREEN
10
121.500000
20
106.500000
30
0.000000
0
SEQEND
8
GREEN
999
URBANOS_PATH f.green-pocket-006
0
POLYLINE
8
GREEN
66
1
70
1
10
0.000000
20
0.000000
30
0.000000
0
VERTEX
8
GREEN
10
173.500000
20
88.500000
30
0.000000
0
VERTEX
8
GREEN
10
179.000000
20
88.500000
30
0.000000
0
VERTEX
8
GREEN
10
179.000000
20
106.500000
30
0.000000
0
VERTEX
8
GREEN
10
173.500000
20
106.500000
30
0.000000
0
SEQEND
8
GREEN
999
URBANOS_PATH f.green-mews-007
0
POLYLINE
8
GREEN
66
1
70
1
10
0.000000
20
0.000000
30
0.000000
0
VERTEX
8
GREEN
10
85.500000
20
70.500000
30
0.000000
0
VERTEX
8
GREEN
10
97.500000
20
70.500000
30
0.000000
0
VERTEX
8
GREEN
10
97.500000
20
88.500000
30
0.000000
0
VERTEX
8
GREEN
10
85.500000
20
88.500000
30
0.000000
0
SEQEND
8
GREEN
999
URBANOS_PATH f.green-mews-008
0
POLYLINE
8
GREEN
66
1
70
1
10
0.000000
20
0.000000
30
0.000000
0
VERTEX
8
GREEN
10
145.500000
20
70.500000
30
0.000000
0
VERTEX
8
GREEN
10
157.500000
20
70.500000
30
0.000000
0
VERTEX
8
GREEN
10
157.500000
20
88.500000
30
0.000000
0
VERTEX
8
GREEN
10
145.500000
20
88.500000
30
0.000000
0
SEQEND
8
GREEN
999
URBANOS_PATH f.green-pocket-009
0
POLYLINE
8
GREEN
66
1
70
1
10
0.000000
20
0.000000
30
0.000000
0
VERTEX
8
GREEN
10
173.500000
20
70.500000
30
0.000000
0
VERTEX
8
GREEN
10
179.000000
20
70.500000
30
0.000000
0
VERTEX
8
GREEN
10
179.000000
20
88.500000
30
0.000000
0
VERTEX
8
GREEN
10
173.500000
20
88.500000
30
0.000000
0
SEQEND
8
GREEN
999
URBANOS_PATH f.green-mews-010
0
POLYLINE
8
GREEN
66
1
70
1
10
0.000000
20
0.000000
30
0.000000
0
VERTEX
8
GREEN
10
61.500000
20
40.500000
30
0.000000
0
VERTEX
8
GREEN
10
73.500000
20
40.500000
30
0.000000
0
VERTEX
8
GREEN
10
73.500000
20
58.500000
30
0.000000
0
VERTEX
8
GREEN
10
61.500000
20
58.500000
30
0.000000
0
SEQEND
8
GREEN
999
URBANOS_PATH f.green-mews-011
0
POLYLINE
8
GREEN
66
1
70
1
10
0.000000
20
0.000000
30
0.000000
0
VERTEX
8
GREEN
10
121.500000
20
40.500000
30
0.000000
0
VERTEX
8
GREEN
10
133.500000
20
40.500000
30
0.000000
0
VERTEX
8
GREEN
10
133.500000
20
58.500000
30
0.000000
0
VERTEX
8
GREEN
10
121.500000
20
58.500000
30
0.000000
0
SEQEND
8
GREEN
999
URBANOS_PATH f.green-pocket-012
0
POLYLINE
8
GREEN
66
1
70
1
10
0.000000
20
0.000000
30
0.000000
0
VERTEX
8
GREEN
10
173.500000
20
40.500000
30
0.000000
0
VERTEX
8
GREEN
10
179.000000
20
40.500000
30
0.000000
0
VERTEX
8
GREEN
10
179.000000
20
58.500000
30
0.000000
0
VERTEX
8
GREEN
10
173.500000
20
58.500000
30
0.000000
0
SEQEND
8
GREEN
999
URBANOS_PATH f.green-court-013
0
POLYLINE
8
GREEN
66
1
70
1
10
0.000000
20
0.000000
30
0.000000
0
VERTEX
8
GREEN
10
191.000000
20
40.500000
30
0.000000
0
VERTEX
8
GREEN
10
197.000000
20
40.500000
30
0.000000
0
VERTEX
8
GREEN
10
197.000000
20
154.350000
30
0.000000
0
VERTEX
8
GREEN
10
191.000000
20
154.350000
30
0.000000
0
SEQEND
8
GREEN
999
URBANOS_PATH f.green-court-014
0
POLYLINE
8
GREEN
66
1
70
1
10
0.000000
20
0.000000
30
0.000000
0
VERTEX
8
GREEN
10
179.000000
20
40.500000
30
0.000000
0
VERTEX
8
GREEN
10
191.000000
20
40.500000
30
0.000000
0
VERTEX
8
GREEN
10
191.000000
20
54.500000
30
0.000000
0
VERTEX
8
GREEN
10
179.000000
20
54.500000
30
0.000000
0
SEQEND
8
GREEN
999
URBANOS_PATH f.green-court-015
0
POLYLINE
8
GREEN
66
1
70
1
10
0.000000
20
0.000000
30
0.000000
0
VERTEX
8
GREEN
10
179.000000
20
74.500000
30
0.000000
0
VERTEX
8
GREEN
10
191.000000
20
74.500000
30
0.000000
0
VERTEX
8
GREEN
10
191.000000
20
102.500000
30
0.000000
0
VERTEX
8
GREEN
10
179.000000
20
102.500000
30
0.000000
0
SEQEND
8
GREEN
999
URBANOS_PATH f.green-court-016
0
POLYLINE
8
GREEN
66
1
70
1
10
0.000000
20
0.000000
30
0.000000
0
VERTEX
8
GREEN
10
179.000000
20
122.500000
30
0.000000
0
VERTEX
8
GREEN
10
191.000000
20
122.500000
30
0.000000
0
VERTEX
8
GREEN
10
191.000000
20
154.350000
30
0.000000
0
VERTEX
8
GREEN
10
179.000000
20
154.350000
30
0.000000
0
SEQEND
8
GREEN
999
URBANOS_PATH f.green-pocket-017
0
POLYLINE
8
GREEN
66
1
70
1
10
0.000000
20
0.000000
30
0.000000
0
VERTEX
8
GREEN
10
407.000000
20
40.500000
30
0.000000
0
VERTEX
8
GREEN
10
422.500000
20
40.500000
30
0.000000
0
VERTEX
8
GREEN
10
422.500000
20
136.350000
30
0.000000
0
VERTEX
8
GREEN
10
407.000000
20
136.350000
30
0.000000
0
SEQEND
8
GREEN
999
URBANOS_PATH f.green-mews-018
0
POLYLINE
8
GREEN
66
1
70
1
10
0.000000
20
0.000000
30
0.000000
0
VERTEX
8
GREEN
10
263.000000
20
88.500000
30
0.000000
0
VERTEX
8
GREEN
10
281.000000
20
88.500000
30
0.000000
0
VERTEX
8
GREEN
10
281.000000
20
100.500000
30
0.000000
0
VERTEX
8
GREEN
10
263.000000
20
100.500000
30
0.000000
0
SEQEND
8
GREEN
999
URBANOS_PATH f.green-pocket-019
0
POLYLINE
8
GREEN
66
1
70
1
10
0.000000
20
0.000000
30
0.000000
0
VERTEX
8
GREEN
10
263.000000
20
132.500000
30
0.000000
0
VERTEX
8
GREEN
10
281.000000
20
132.500000
30
0.000000
0
VERTEX
8
GREEN
10
281.000000
20
136.350000
30
0.000000
0
VERTEX
8
GREEN
10
263.000000
20
136.350000
30
0.000000
0
SEQEND
8
GREEN
999
URBANOS_PATH f.green-mews-020
0
POLYLINE
8
GREEN
66
1
70
1
10
0.000000
20
0.000000
30
0.000000
0
VERTEX
8
GREEN
10
293.000000
20
64.500000
30
0.000000
0
VERTEX
8
GREEN
10
311.000000
20
64.500000
30
0.000000
0
VERTEX
8
GREEN
10
311.000000
20
76.500000
30
0.000000
0
VERTEX
8
GREEN
10
293.000000
20
76.500000
30
0.000000
0
SEQEND
8
GREEN
999
URBANOS_PATH f.green-pocket-021
0
POLYLINE
8
GREEN
66
1
70
1
10
0.000000
20
0.000000
30
0.000000
0
VERTEX
8
GREEN
10
293.000000
20
124.500000
30
0.000000
0
VERTEX
8
GREEN
10
311.000000
20
124.500000
30
0.000000
0
VERTEX
8
GREEN
10
311.000000
20
136.350000
30
0.000000
0
VERTEX
8
GREEN
10
293.000000
20
136.350000
30
0.000000
0
SEQEND
8
GREEN
999
URBANOS_PATH f.green-mews-022
0
POLYLINE
8
GREEN
66
1
70
1
10
0.000000
20
0.000000
30
0.000000
0
VERTEX
8
GREEN
10
311.000000
20
88.500000
30
0.000000
0
VERTEX
8
GREEN
10
329.000000
20
88.500000
30
0.000000
0
VERTEX
8
GREEN
10
329.000000
20
100.500000
30
0.000000
0
VERTEX
8
GREEN
10
311.000000
20
100.500000
30
0.000000
0
SEQEND
8
GREEN
999
URBANOS_PATH f.green-pocket-023
0
POLYLINE
8
GREEN
66
1
70
1
10
0.000000
20
0.000000
30
0.000000
0
VERTEX
8
GREEN
10
311.000000
20
132.500000
30
0.000000
0
VERTEX
8
GREEN
10
329.000000
20
132.500000
30
0.000000
0
VERTEX
8
GREEN
10
329.000000
20
136.350000
30
0.000000
0
VERTEX
8
GREEN
10
311.000000
20
136.350000
30
0.000000
0
SEQEND
8
GREEN
999
URBANOS_PATH f.green-mews-024
0
POLYLINE
8
GREEN
66
1
70
1
10
0.000000
20
0.000000
30
0.000000
0
VERTEX
8
GREEN
10
341.000000
20
64.500000
30
0.000000
0
VERTEX
8
GREEN
10
359.000000
20
64.500000
30
0.000000
0
VERTEX
8
GREEN
10
359.000000
20
76.500000
30
0.000000
0
VERTEX
8
GREEN
10
341.000000
20
76.500000
30
0.000000
0
SEQEND
8
GREEN
999
URBANOS_PATH f.green-pocket-025
0
POLYLINE
8
GREEN
66
1
70
1
10
0.000000
20
0.000000
30
0.000000
0
VERTEX
8
GREEN
10
341.000000
20
124.500000
30
0.000000
0
VERTEX
8
GREEN
10
359.000000
20
124.500000
30
0.000000
0
VERTEX
8
GREEN
10
359.000000
20
136.350000
30
0.000000
0
VERTEX
8
GREEN
10
341.000000
20
136.350000
30
0.000000
0
SEQEND
8
GREEN
999
URBANOS_PATH f.green-mews-026
0
POLYLINE
8
GREEN
66
1
70
1
10
0.000000
20
0.000000
30
0.000000
0
VERTEX
8
GREEN
10
359.000000
20
88.500000
30
0.000000
0
VERTEX
8
GREEN
10
377.000000
20
88.500000
30
0.000000
0
VERTEX
8
GREEN
10
377.000000
20
100.500000
30
0.000000
0
VERTEX
8
GREEN
10
359.000000
20
100.500000
30
0.000000
0
SEQEND
8
GREEN
999
URBANOS_PATH f.green-pocket-027
0
POLYLINE
8
GREEN
66
1
70
1
10
0.000000
20
0.000000
30
0.000000
0
VERTEX
8
GREEN
10
359.000000
20
132.500000
30
0.000000
0
VERTEX
8
GREEN
10
377.000000
20
132.500000
30
0.000000
0
VERTEX
8
GREEN
10
377.000000
20
136.350000
30
0.000000
0
VERTEX
8
GREEN
10
359.000000
20
136.350000
30
0.000000
0
SEQEND
8
GREEN
999
URBANOS_PATH f.green-mews-028
0
POLYLINE
8
GREEN
66
1
70
1
10
0.000000
20
0.000000
30
0.000000
0
VERTEX
8
GREEN
10
389.000000
20
64.500000
30
0.000000
0
VERTEX
8
GREEN
10
407.000000
20
64.500000
30
0.000000
0
VERTEX
8
GREEN
10
407.000000
20
76.500000
30
0.000000
0
VERTEX
8
GREEN
10
389.000000
20
76.500000
30
0.000000
0
SEQEND
8
GREEN
999
URBANOS_PATH f.green-pocket-029
0
POLYLINE
8
GREEN
66
1
70
1
10
0.000000
20
0.000000
30
0.000000
0
VERTEX
8
GREEN
10
389.000000
20
124.500000
30
0.000000
0
VERTEX
8
GREEN
10
407.000000
20
124.500000
30
0.000000
0
VERTEX
8
GREEN
10
407.000000
20
136.350000
30
0.000000
0
VERTEX
8
GREEN
10
389.000000
20
136.350000
30
0.000000
0
SEQEND
8
GREEN
999
URBANOS_PATH f.green-court-030
0
POLYLINE
8
GREEN
66
1
70
1
10
0.000000
20
0.000000
30
0.000000
0
VERTEX
8
GREEN
10
263.000000
20
148.350000
30
0.000000
0
VERTEX
8
GREEN
10
422.500000
20
148.350000
30
0.000000
0
VERTEX
8
GREEN
10
422.500000
20
154.350000
30
0.000000
0
VERTEX
8
GREEN
10
263.000000
20
154.350000
30
0.000000
0
SEQEND
8
GREEN
999
URBANOS_PATH f.green-court-031
0
POLYLINE
8
GREEN
66
1
70
1
10
0.000000
20
0.000000
30
0.000000
0
VERTEX
8
GREEN
10
263.000000
20
136.350000
30
0.000000
0
VERTEX
8
GREEN
10
277.000000
20
136.350000
30
0.000000
0
VERTEX
8
GREEN
10
277.000000
20
148.350000
30
0.000000
0
VERTEX
8
GREEN
10
263.000000
20
148.350000
30
0.000000
0
SEQEND
8
GREEN
999
URBANOS_PATH f.green-court-032
0
POLYLINE
8
GREEN
66
1
70
1
10
0.000000
20
0.000000
30
0.000000
0
VERTEX
8
GREEN
10
297.000000
20
136.350000
30
0.000000
0
VERTEX
8
GREEN
10
325.000000
20
136.350000
30
0.000000
0
VERTEX
8
GREEN
10
325.000000
20
148.350000
30
0.000000
0
VERTEX
8
GREEN
10
297.000000
20
148.350000
30
0.000000
0
SEQEND
8
GREEN
999
URBANOS_PATH f.green-court-033
0
POLYLINE
8
GREEN
66
1
70
1
10
0.000000
20
0.000000
30
0.000000
0
VERTEX
8
GREEN
10
345.000000
20
136.350000
30
0.000000
0
VERTEX
8
GREEN
10
373.000000
20
136.350000
30
0.000000
0
VERTEX
8
GREEN
10
373.000000
20
148.350000
30
0.000000
0
VERTEX
8
GREEN
10
345.000000
20
148.350000
30
0.000000
0
SEQEND
8
GREEN
999
URBANOS_PATH f.green-court-034
0
POLYLINE
8
GREEN
66
1
70
1
10
0.000000
20
0.000000
30
0.000000
0
VERTEX
8
GREEN
10
393.000000
20
136.350000
30
0.000000
0
VERTEX
8
GREEN
10
422.500000
20
136.350000
30
0.000000
0
VERTEX
8
GREEN
10
422.500000
20
148.350000
30
0.000000
0
VERTEX
8
GREEN
10
393.000000
20
148.350000
30
0.000000
0
SEQEND
8
GREEN
999
URBANOS_PATH f.green-pocket-035
0
POLYLINE
8
GREEN
66
1
70
1
10
0.000000
20
0.000000
30
0.000000
0
VERTEX
8
GREEN
10
181.500000
20
288.650000
30
0.000000
0
VERTEX
8
GREEN
10
197.000000
20
288.650000
30
0.000000
0
VERTEX
8
GREEN
10
197.000000
20
384.500000
30
0.000000
0
VERTEX
8
GREEN
10
181.500000
20
384.500000
30
0.000000
0
SEQEND
8
GREEN
999
URBANOS_PATH f.green-mews-036
0
POLYLINE
8
GREEN
66
1
70
1
10
0.000000
20
0.000000
30
0.000000
0
VERTEX
8
GREEN
10
163.500000
20
336.650000
30
0.000000
0
VERTEX
8
GREEN
10
181.500000
20
336.650000
30
0.000000
0
VERTEX
8
GREEN
10
181.500000
20
348.650000
30
0.000000
0
VERTEX
8
GREEN
10
163.500000
20
348.650000
30
0.000000
0
SEQEND
8
GREEN
999
URBANOS_PATH f.green-pocket-037
0
POLYLINE
8
GREEN
66
1
70
1
10
0.000000
20
0.000000
30
0.000000
0
VERTEX
8
GREEN
10
163.500000
20
380.650000
30
0.000000
0
VERTEX
8
GREEN
10
181.500000
20
380.650000
30
0.000000
0
VERTEX
8
GREEN
10
181.500000
20
384.500000
30
0.000000
0
VERTEX
8
GREEN
10
163.500000
20
384.500000
30
0.000000
0
SEQEND
8
GREEN
999
URBANOS_PATH f.green-mews-038
0
POLYLINE
8
GREEN
66
1
70
1
10
0.000000
20
0.000000
30
0.000000
0
VERTEX
8
GREEN
10
133.500000
20
312.650000
30
0.000000
0
VERTEX
8
GREEN
10
151.500000
20
312.650000
30
0.000000
0
VERTEX
8
GREEN
10
151.500000
20
324.650000
30
0.000000
0
VERTEX
8
GREEN
10
133.500000
20
324.650000
30
0.000000
0
SEQEND
8
GREEN
999
URBANOS_PATH f.green-pocket-039
0
POLYLINE
8
GREEN
66
1
70
1
10
0.000000
20
0.000000
30
0.000000
0
VERTEX
8
GREEN
10
133.500000
20
372.650000
30
0.000000
0
VERTEX
8
GREEN
10
151.500000
20
372.650000
30
0.000000
0
VERTEX
8
GREEN
10
151.500000
20
384.500000
30
0.000000
0
VERTEX
8
GREEN
10
133.500000
20
384.500000
30
0.000000
0
SEQEND
8
GREEN
999
URBANOS_PATH f.green-mews-040
0
POLYLINE
8
GREEN
66
1
70
1
10
0.000000
20
0.000000
30
0.000000
0
VERTEX
8
GREEN
10
115.500000
20
336.650000
30
0.000000
0
VERTEX
8
GREEN
10
133.500000
20
336.650000
30
0.000000
0
VERTEX
8
GREEN
10
133.500000
20
348.650000
30
0.000000
0
VERTEX
8
GREEN
10
115.500000
20
348.650000
30
0.000000
0
SEQEND
8
GREEN
999
URBANOS_PATH f.green-pocket-041
0
POLYLINE
8
GREEN
66
1
70
1
10
0.000000
20
0.000000
30
0.000000
0
VERTEX
8
GREEN
10
115.500000
20
380.650000
30
0.000000
0
VERTEX
8
GREEN
10
133.500000
20
380.650000
30
0.000000
0
VERTEX
8
GREEN
10
133.500000
20
384.500000
30
0.000000
0
VERTEX
8
GREEN
10
115.500000
20
384.500000
30
0.000000
0
SEQEND
8
GREEN
999
URBANOS_PATH f.green-mews-042
0
POLYLINE
8
GREEN
66
1
70
1
10
0.000000
20
0.000000
30
0.000000
0
VERTEX
8
GREEN
10
85.500000
20
312.650000
30
0.000000
0
VERTEX
8
GREEN
10
103.500000
20
312.650000
30
0.000000
0
VERTEX
8
GREEN
10
103.500000
20
324.650000
30
0.000000
0
VERTEX
8
GREEN
10
85.500000
20
324.650000
30
0.000000
0
SEQEND
8
GREEN
999
URBANOS_PATH f.green-pocket-043
0
POLYLINE
8
GREEN
66
1
70
1
10
0.000000
20
0.000000
30
0.000000
0
VERTEX
8
GREEN
10
85.500000
20
372.650000
30
0.000000
0
VERTEX
8
GREEN
10
103.500000
20
372.650000
30
0.000000
0
VERTEX
8
GREEN
10
103.500000
20
384.500000
30
0.000000
0
VERTEX
8
GREEN
10
85.500000
20
384.500000
30
0.000000
0
SEQEND
8
GREEN
999
URBANOS_PATH f.green-mews-044
0
POLYLINE
8
GREEN
66
1
70
1
10
0.000000
20
0.000000
30
0.000000
0
VERTEX
8
GREEN
10
67.500000
20
336.650000
30
0.000000
0
VERTEX
8
GREEN
10
85.500000
20
336.650000
30
0.000000
0
VERTEX
8
GREEN
10
85.500000
20
348.650000
30
0.000000
0
VERTEX
8
GREEN
10
67.500000
20
348.650000
30
0.000000
0
SEQEND
8
GREEN
999
URBANOS_PATH f.green-pocket-045
0
POLYLINE
8
GREEN
66
1
70
1
10
0.000000
20
0.000000
30
0.000000
0
VERTEX
8
GREEN
10
67.500000
20
380.650000
30
0.000000
0
VERTEX
8
GREEN
10
85.500000
20
380.650000
30
0.000000
0
VERTEX
8
GREEN
10
85.500000
20
384.500000
30
0.000000
0
VERTEX
8
GREEN
10
67.500000
20
384.500000
30
0.000000
0
SEQEND
8
GREEN
999
URBANOS_PATH f.green-mews-046
0
POLYLINE
8
GREEN
66
1
70
1
10
0.000000
20
0.000000
30
0.000000
0
VERTEX
8
GREEN
10
37.500000
20
312.650000
30
0.000000
0
VERTEX
8
GREEN
10
55.500000
20
312.650000
30
0.000000
0
VERTEX
8
GREEN
10
55.500000
20
324.650000
30
0.000000
0
VERTEX
8
GREEN
10
37.500000
20
324.650000
30
0.000000
0
SEQEND
8
GREEN
999
URBANOS_PATH f.green-pocket-047
0
POLYLINE
8
GREEN
66
1
70
1
10
0.000000
20
0.000000
30
0.000000
0
VERTEX
8
GREEN
10
37.500000
20
372.650000
30
0.000000
0
VERTEX
8
GREEN
10
55.500000
20
372.650000
30
0.000000
0
VERTEX
8
GREEN
10
55.500000
20
384.500000
30
0.000000
0
VERTEX
8
GREEN
10
37.500000
20
384.500000
30
0.000000
0
SEQEND
8
GREEN
999
URBANOS_PATH f.green-court-048
0
POLYLINE
8
GREEN
66
1
70
1
10
0.000000
20
0.000000
30
0.000000
0
VERTEX
8
GREEN
10
37.500000
20
396.500000
30
0.000000
0
VERTEX
8
GREEN
10
197.000000
20
396.500000
30
0.000000
0
VERTEX
8
GREEN
10
197.000000
20
402.500000
30
0.000000
0
VERTEX
8
GREEN
10
37.500000
20
402.500000
30
0.000000
0
SEQEND
8
GREEN
999
URBANOS_PATH f.green-court-049
0
POLYLINE
8
GREEN
66
1
70
1
10
0.000000
20
0.000000
30
0.000000
0
VERTEX
8
GREEN
10
37.500000
20
384.500000
30
0.000000
0
VERTEX
8
GREEN
10
51.500000
20
384.500000
30
0.000000
0
VERTEX
8
GREEN
10
51.500000
20
396.500000
30
0.000000
0
VERTEX
8
GREEN
10
37.500000
20
396.500000
30
0.000000
0
SEQEND
8
GREEN
999
URBANOS_PATH f.green-court-050
0
POLYLINE
8
GREEN
66
1
70
1
10
0.000000
20
0.000000
30
0.000000
0
VERTEX
8
GREEN
10
71.500000
20
384.500000
30
0.000000
0
VERTEX
8
GREEN
10
99.500000
20
384.500000
30
0.000000
0
VERTEX
8
GREEN
10
99.500000
20
396.500000
30
0.000000
0
VERTEX
8
GREEN
10
71.500000
20
396.500000
30
0.000000
0
SEQEND
8
GREEN
999
URBANOS_PATH f.green-court-051
0
POLYLINE
8
GREEN
66
1
70
1
10
0.000000
20
0.000000
30
0.000000
0
VERTEX
8
GREEN
10
119.500000
20
384.500000
30
0.000000
0
VERTEX
8
GREEN
10
147.500000
20
384.500000
30
0.000000
0
VERTEX
8
GREEN
10
147.500000
20
396.500000
30
0.000000
0
VERTEX
8
GREEN
10
119.500000
20
396.500000
30
0.000000
0
SEQEND
8
GREEN
999
URBANOS_PATH f.green-court-052
0
POLYLINE
8
GREEN
66
1
70
1
10
0.000000
20
0.000000
30
0.000000
0
VERTEX
8
GREEN
10
167.500000
20
384.500000
30
0.000000
0
VERTEX
8
GREEN
10
197.000000
20
384.500000
30
0.000000
0
VERTEX
8
GREEN
10
197.000000
20
396.500000
30
0.000000
0
VERTEX
8
GREEN
10
167.500000
20
396.500000
30
0.000000
0
SEQEND
8
GREEN
999
URBANOS_PATH f.green-pocket-053
0
POLYLINE
8
GREEN
66
1
70
1
10
0.000000
20
0.000000
30
0.000000
0
VERTEX
8
GREEN
10
263.000000
20
384.650000
30
0.000000
0
VERTEX
8
GREEN
10
404.500000
20
384.650000
30
0.000000
0
VERTEX
8
GREEN
10
404.500000
20
402.500000
30
0.000000
0
VERTEX
8
GREEN
10
263.000000
20
402.500000
30
0.000000
0
SEQEND
8
GREEN
999
URBANOS_PATH f.green-mews-054
0
POLYLINE
8
GREEN
66
1
70
1
10
0.000000
20
0.000000
30
0.000000
0
VERTEX
8
GREEN
10
311.000000
20
288.650000
30
0.000000
0
VERTEX
8
GREEN
10
323.000000
20
288.650000
30
0.000000
0
VERTEX
8
GREEN
10
323.000000
20
306.650000
30
0.000000
0
VERTEX
8
GREEN
10
311.000000
20
306.650000
30
0.000000
0
SEQEND
8
GREEN
999
URBANOS_PATH f.green-mews-055
0
POLYLINE
8
GREEN
66
1
70
1
10
0.000000
20
0.000000
30
0.000000
0
VERTEX
8
GREEN
10
371.000000
20
288.650000
30
0.000000
0
VERTEX
8
GREEN
10
383.000000
20
288.650000
30
0.000000
0
VERTEX
8
GREEN
10
383.000000
20
306.650000
30
0.000000
0
VERTEX
8
GREEN
10
371.000000
20
306.650000
30
0.000000
0
SEQEND
8
GREEN
999
URBANOS_PATH f.green-pocket-056
0
POLYLINE
8
GREEN
66
1
70
1
10
0.000000
20
0.000000
30
0.000000
0
VERTEX
8
GREEN
10
399.000000
20
288.650000
30
0.000000
0
VERTEX
8
GREEN
10
404.500000
20
288.650000
30
0.000000
0
VERTEX
8
GREEN
10
404.500000
20
306.650000
30
0.000000
0
VERTEX
8
GREEN
10
399.000000
20
306.650000
30
0.000000
0
SEQEND
8
GREEN
999
URBANOS_PATH f.green-mews-057
0
POLYLINE
8
GREEN
66
1
70
1
10
0.000000
20
0.000000
30
0.000000
0
VERTEX
8
GREEN
10
287.000000
20
318.650000
30
0.000000
0
VERTEX
8
GREEN
10
299.000000
20
318.650000
30
0.000000
0
VERTEX
8
GREEN
10
299.000000
20
336.650000
30
0.000000
0
VERTEX
8
GREEN
10
287.000000
20
336.650000
30
0.000000
0
SEQEND
8
GREEN
999
URBANOS_PATH f.green-mews-058
0
POLYLINE
8
GREEN
66
1
70
1
10
0.000000
20
0.000000
30
0.000000
0
VERTEX
8
GREEN
10
347.000000
20
318.650000
30
0.000000
0
VERTEX
8
GREEN
10
359.000000
20
318.650000
30
0.000000
0
VERTEX
8
GREEN
10
359.000000
20
336.650000
30
0.000000
0
VERTEX
8
GREEN
10
347.000000
20
336.650000
30
0.000000
0
SEQEND
8
GREEN
999
URBANOS_PATH f.green-pocket-059
0
POLYLINE
8
GREEN
66
1
70
1
10
0.000000
20
0.000000
30
0.000000
0
VERTEX
8
GREEN
10
399.000000
20
318.650000
30
0.000000
0
VERTEX
8
GREEN
10
404.500000
20
318.650000
30
0.000000
0
VERTEX
8
GREEN
10
404.500000
20
336.650000
30
0.000000
0
VERTEX
8
GREEN
10
399.000000
20
336.650000
30
0.000000
0
SEQEND
8
GREEN
999
URBANOS_PATH f.green-mews-060
0
POLYLINE
8
GREEN
66
1
70
1
10
0.000000
20
0.000000
30
0.000000
0
VERTEX
8
GREEN
10
311.000000
20
336.650000
30
0.000000
0
VERTEX
8
GREEN
10
323.000000
20
336.650000
30
0.000000
0
VERTEX
8
GREEN
10
323.000000
20
354.650000
30
0.000000
0
VERTEX
8
GREEN
10
311.000000
20
354.650000
30
0.000000
0
SEQEND
8
GREEN
999
URBANOS_PATH f.green-mews-061
0
POLYLINE
8
GREEN
66
1
70
1
10
0.000000
20
0.000000
30
0.000000
0
VERTEX
8
GREEN
10
371.000000
20
336.650000
30
0.000000
0
VERTEX
8
GREEN
10
383.000000
20
336.650000
30
0.000000
0
VERTEX
8
GREEN
10
383.000000
20
354.650000
30
0.000000
0
VERTEX
8
GREEN
10
371.000000
20
354.650000
30
0.000000
0
SEQEND
8
GREEN
999
URBANOS_PATH f.green-pocket-062
0
POLYLINE
8
GREEN
66
1
70
1
10
0.000000
20
0.000000
30
0.000000
0
VERTEX
8
GREEN
10
399.000000
20
336.650000
30
0.000000
0
VERTEX
8
GREEN
10
404.500000
20
336.650000
30
0.000000
0
VERTEX
8
GREEN
10
404.500000
20
354.650000
30
0.000000
0
VERTEX
8
GREEN
10
399.000000
20
354.650000
30
0.000000
0
SEQEND
8
GREEN
999
URBANOS_PATH f.green-mews-063
0
POLYLINE
8
GREEN
66
1
70
1
10
0.000000
20
0.000000
30
0.000000
0
VERTEX
8
GREEN
10
287.000000
20
366.650000
30
0.000000
0
VERTEX
8
GREEN
10
299.000000
20
366.650000
30
0.000000
0
VERTEX
8
GREEN
10
299.000000
20
384.650000
30
0.000000
0
VERTEX
8
GREEN
10
287.000000
20
384.650000
30
0.000000
0
SEQEND
8
GREEN
999
URBANOS_PATH f.green-mews-064
0
POLYLINE
8
GREEN
66
1
70
1
10
0.000000
20
0.000000
30
0.000000
0
VERTEX
8
GREEN
10
347.000000
20
366.650000
30
0.000000
0
VERTEX
8
GREEN
10
359.000000
20
366.650000
30
0.000000
0
VERTEX
8
GREEN
10
359.000000
20
384.650000
30
0.000000
0
VERTEX
8
GREEN
10
347.000000
20
384.650000
30
0.000000
0
SEQEND
8
GREEN
999
URBANOS_PATH f.green-pocket-065
0
POLYLINE
8
GREEN
66
1
70
1
10
0.000000
20
0.000000
30
0.000000
0
VERTEX
8
GREEN
10
399.000000
20
366.650000
30
0.000000
0
VERTEX
8
GREEN
10
404.500000
20
366.650000
30
0.000000
0
VERTEX
8
GREEN
10
404.500000
20
384.650000
30
0.000000
0
VERTEX
8
GREEN
10
399.000000
20
384.650000
30
0.000000
0
SEQEND
8
GREEN
999
URBANOS_PATH f.green-court-066
0
POLYLINE
8
GREEN
66
1
70
1
10
0.000000
20
0.000000
30
0.000000
0
VERTEX
8
GREEN
10
416.500000
20
288.650000
30
0.000000
0
VERTEX
8
GREEN
10
422.500000
20
288.650000
30
0.000000
0
VERTEX
8
GREEN
10
422.500000
20
402.500000
30
0.000000
0
VERTEX
8
GREEN
10
416.500000
20
402.500000
30
0.000000
0
SEQEND
8
GREEN
999
URBANOS_PATH f.green-court-067
0
POLYLINE
8
GREEN
66
1
70
1
10
0.000000
20
0.000000
30
0.000000
0
VERTEX
8
GREEN
10
404.500000
20
288.650000
30
0.000000
0
VERTEX
8
GREEN
10
416.500000
20
288.650000
30
0.000000
0
VERTEX
8
GREEN
10
416.500000
20
302.650000
30
0.000000
0
VERTEX
8
GREEN
10
404.500000
20
302.650000
30
0.000000
0
SEQEND
8
GREEN
999
URBANOS_PATH f.green-court-068
0
POLYLINE
8
GREEN
66
1
70
1
10
0.000000
20
0.000000
30
0.000000
0
VERTEX
8
GREEN
10
404.500000
20
322.650000
30
0.000000
0
VERTEX
8
GREEN
10
416.500000
20
322.650000
30
0.000000
0
VERTEX
8
GREEN
10
416.500000
20
350.650000
30
0.000000
0
VERTEX
8
GREEN
10
404.500000
20
350.650000
30
0.000000
0
SEQEND
8
GREEN
999
URBANOS_PATH f.green-court-069
0
POLYLINE
8
GREEN
66
1
70
1
10
0.000000
20
0.000000
30
0.000000
0
VERTEX
8
GREEN
10
404.500000
20
370.650000
30
0.000000
0
VERTEX
8
GREEN
10
416.500000
20
370.650000
30
0.000000
0
VERTEX
8
GREEN
10
416.500000
20
402.500000
30
0.000000
0
VERTEX
8
GREEN
10
404.500000
20
402.500000
30
0.000000
0
SEQEND
8
GREEN
999
URBANOS_PATH f.amenity-parcel
0
POLYLINE
8
AMENITY
66
1
70
1
10
0.000000
20
0.000000
30
0.000000
0
VERTEX
8
AMENITY
10
251.000000
20
166.350000
30
0.000000
0
VERTEX
8
AMENITY
10
397.800000
20
166.350000
30
0.000000
0
VERTEX
8
AMENITY
10
397.800000
20
276.650000
30
0.000000
0
VERTEX
8
AMENITY
10
251.000000
20
276.650000
30
0.000000
0
SEQEND
8
AMENITY
999
URBANOS_PATH f.club-house
0
POLYLINE
8
CLUB
66
1
70
1
10
0.000000
20
0.000000
30
0.000000
0
VERTEX
8
CLUB
10
283.296000
20
196.300000
30
0.000000
0
VERTEX
8
CLUB
10
315.296000
20
196.300000
30
0.000000
0
VERTEX
8
CLUB
10
315.296000
20
246.700000
30
0.000000
0
VERTEX
8
CLUB
10
283.296000
20
246.700000
30
0.000000
0
SEQEND
8
CLUB
999
URBANOS_PATH f.pool
0
POLYLINE
8
POOL
66
1
70
1
10
0.000000
20
0.000000
30
0.000000
0
VERTEX
8
POOL
10
323.296000
20
207.640000
30
0.000000
0
VERTEX
8
POOL
10
339.296000
20
207.640000
30
0.000000
0
VERTEX
8
POOL
10
339.296000
20
235.360000
30
0.000000
0
VERTEX
8
POOL
10
323.296000
20
235.360000
30
0.000000
0
SEQEND
8
POOL
999
URBANOS_PATH f.plot-sw-00-00
0
POLYLINE
8
PLOT
66
1
70
1
10
0.000000
20
0.000000
30
0.000000
0
VERTEX
8
PLOT
10
37.500000
20
118.500000
30
0.000000
0
VERTEX
8
PLOT
10
45.500000
20
118.500000
30
0.000000
0
VERTEX
8
PLOT
10
45.500000
20
136.500000
30
0.000000
0
VERTEX
8
PLOT
10
37.500000
20
136.500000
30
0.000000
0
SEQEND
8
PLOT
999
URBANOS_PATH f.plot-sw-00-01
0
POLYLINE
8
PLOT
66
1
70
1
10
0.000000
20
0.000000
30
0.000000
0
VERTEX
8
PLOT
10
45.500000
20
118.500000
30
0.000000
0
VERTEX
8
PLOT
10
53.500000
20
118.500000
30
0.000000
0
VERTEX
8
PLOT
10
53.500000
20
136.500000
30
0.000000
0
VERTEX
8
PLOT
10
45.500000
20
136.500000
30
0.000000
0
SEQEND
8
PLOT
999
URBANOS_PATH f.plot-sw-00-02
0
POLYLINE
8
PLOT
66
1
70
1
10
0.000000
20
0.000000
30
0.000000
0
VERTEX
8
PLOT
10
53.500000
20
118.500000
30
0.000000
0
VERTEX
8
PLOT
10
61.500000
20
118.500000
30
0.000000
0
VERTEX
8
PLOT
10
61.500000
20
136.500000
30
0.000000
0
VERTEX
8
PLOT
10
53.500000
20
136.500000
30
0.000000
0
SEQEND
8
PLOT
999
URBANOS_PATH f.plot-sw-00-03
0
POLYLINE
8
PLOT
66
1
70
1
10
0.000000
20
0.000000
30
0.000000
0
VERTEX
8
PLOT
10
61.500000
20
118.500000
30
0.000000
0
VERTEX
8
PLOT
10
69.500000
20
118.500000
30
0.000000
0
VERTEX
8
PLOT
10
69.500000
20
136.500000
30
0.000000
0
VERTEX
8
PLOT
10
61.500000
20
136.500000
30
0.000000
0
SEQEND
8
PLOT
999
URBANOS_PATH f.plot-sw-00-04
0
POLYLINE
8
PLOT
66
1
70
1
10
0.000000
20
0.000000
30
0.000000
0
VERTEX
8
PLOT
10
69.500000
20
118.500000
30
0.000000
0
VERTEX
8
PLOT
10
77.500000
20
118.500000
30
0.000000
0
VERTEX
8
PLOT
10
77.500000
20
136.500000
30
0.000000
0
VERTEX
8
PLOT
10
69.500000
20
136.500000
30
0.000000
0
SEQEND
8
PLOT
999
URBANOS_PATH f.plot-sw-00-05
0
POLYLINE
8
PLOT
66
1
70
1
10
0.000000
20
0.000000
30
0.000000
0
VERTEX
8
PLOT
10
77.500000
20
118.500000
30
0.000000
0
VERTEX
8
PLOT
10
85.500000
20
118.500000
30
0.000000
0
VERTEX
8
PLOT
10
85.500000
20
136.500000
30
0.000000
0
VERTEX
8
PLOT
10
77.500000
20
136.500000
30
0.000000
0
SEQEND
8
PLOT
999
URBANOS_PATH f.plot-sw-00-06
0
POLYLINE
8
PLOT
66
1
70
1
10
0.000000
20
0.000000
30
0.000000
0
VERTEX
8
PLOT
10
97.500000
20
118.500000
30
0.000000
0
VERTEX
8
PLOT
10
105.500000
20
118.500000
30
0.000000
0
VERTEX
8
PLOT
10
105.500000
20
136.500000
30
0.000000
0
VERTEX
8
PLOT
10
97.500000
20
136.500000
30
0.000000
0
SEQEND
8
PLOT
999
URBANOS_PATH f.plot-sw-00-07
0
POLYLINE
8
PLOT
66
1
70
1
10
0.000000
20
0.000000
30
0.000000
0
VERTEX
8
PLOT
10
105.500000
20
118.500000
30
0.000000
0
VERTEX
8
PLOT
10
113.500000
20
118.500000
30
0.000000
0
VERTEX
8
PLOT
10
113.500000
20
136.500000
30
0.000000
0
VERTEX
8
PLOT
10
105.500000
20
136.500000
30
0.000000
0
SEQEND
8
PLOT
999
URBANOS_PATH f.plot-sw-00-08
0
POLYLINE
8
PLOT
66
1
70
1
10
0.000000
20
0.000000
30
0.000000
0
VERTEX
8
PLOT
10
113.500000
20
118.500000
30
0.000000
0
VERTEX
8
PLOT
10
121.500000
20
118.500000
30
0.000000
0
VERTEX
8
PLOT
10
121.500000
20
136.500000
30
0.000000
0
VERTEX
8
PLOT
10
113.500000
20
136.500000
30
0.000000
0
SEQEND
8
PLOT
999
URBANOS_PATH f.plot-sw-00-09
0
POLYLINE
8
PLOT
66
1
70
1
10
0.000000
20
0.000000
30
0.000000
0
VERTEX
8
PLOT
10
121.500000
20
118.500000
30
0.000000
0
VERTEX
8
PLOT
10
129.500000
20
118.500000
30
0.000000
0
VERTEX
8
PLOT
10
129.500000
20
136.500000
30
0.000000
0
VERTEX
8
PLOT
10
121.500000
20
136.500000
30
0.000000
0
SEQEND
8
PLOT
999
URBANOS_PATH f.plot-sw-00-10
0
POLYLINE
8
PLOT
66
1
70
1
10
0.000000
20
0.000000
30
0.000000
0
VERTEX
8
PLOT
10
129.500000
20
118.500000
30
0.000000
0
VERTEX
8
PLOT
10
137.500000
20
118.500000
30
0.000000
0
VERTEX
8
PLOT
10
137.500000
20
136.500000
30
0.000000
0
VERTEX
8
PLOT
10
129.500000
20
136.500000
30
0.000000
0
SEQEND
8
PLOT
999
URBANOS_PATH f.plot-sw-00-11
0
POLYLINE
8
PLOT
66
1
70
1
10
0.000000
20
0.000000
30
0.000000
0
VERTEX
8
PLOT
10
137.500000
20
118.500000
30
0.000000
0
VERTEX
8
PLOT
10
145.500000
20
118.500000
30
0.000000
0
VERTEX
8
PLOT
10
145.500000
20
136.500000
30
0.000000
0
VERTEX
8
PLOT
10
137.500000
20
136.500000
30
0.000000
0
SEQEND
8
PLOT
999
URBANOS_PATH f.plot-sw-00-12
0
POLYLINE
8
PLOT
66
1
70
1
10
0.000000
20
0.000000
30
0.000000
0
VERTEX
8
PLOT
10
157.500000
20
118.500000
30
0.000000
0
VERTEX
8
PLOT
10
165.500000
20
118.500000
30
0.000000
0
VERTEX
8
PLOT
10
165.500000
20
136.500000
30
0.000000
0
VERTEX
8
PLOT
10
157.500000
20
136.500000
30
0.000000
0
SEQEND
8
PLOT
999
URBANOS_PATH f.plot-sw-00-13
0
POLYLINE
8
PLOT
66
1
70
1
10
0.000000
20
0.000000
30
0.000000
0
VERTEX
8
PLOT
10
165.500000
20
118.500000
30
0.000000
0
VERTEX
8
PLOT
10
173.500000
20
118.500000
30
0.000000
0
VERTEX
8
PLOT
10
173.500000
20
136.500000
30
0.000000
0
VERTEX
8
PLOT
10
165.500000
20
136.500000
30
0.000000
0
SEQEND
8
PLOT
999
URBANOS_PATH f.plot-sw-01-00
0
POLYLINE
8
PLOT
66
1
70
1
10
0.000000
20
0.000000
30
0.000000
0
VERTEX
8
PLOT
10
37.500000
20
88.500000
30
0.000000
0
VERTEX
8
PLOT
10
45.500000
20
88.500000
30
0.000000
0
VERTEX
8
PLOT
10
45.500000
20
106.500000
30
0.000000
0
VERTEX
8
PLOT
10
37.500000
20
106.500000
30
0.000000
0
SEQEND
8
PLOT
999
URBANOS_PATH f.plot-sw-01-01
0
POLYLINE
8
PLOT
66
1
70
1
10
0.000000
20
0.000000
30
0.000000
0
VERTEX
8
PLOT
10
45.500000
20
88.500000
30
0.000000
0
VERTEX
8
PLOT
10
53.500000
20
88.500000
30
0.000000
0
VERTEX
8
PLOT
10
53.500000
20
106.500000
30
0.000000
0
VERTEX
8
PLOT
10
45.500000
20
106.500000
30
0.000000
0
SEQEND
8
PLOT
999
URBANOS_PATH f.plot-sw-01-02
0
POLYLINE
8
PLOT
66
1
70
1
10
0.000000
20
0.000000
30
0.000000
0
VERTEX
8
PLOT
10
53.500000
20
88.500000
30
0.000000
0
VERTEX
8
PLOT
10
61.500000
20
88.500000
30
0.000000
0
VERTEX
8
PLOT
10
61.500000
20
106.500000
30
0.000000
0
VERTEX
8
PLOT
10
53.500000
20
106.500000
30
0.000000
0
SEQEND
8
PLOT
999
URBANOS_PATH f.plot-sw-01-03
0
POLYLINE
8
PLOT
66
1
70
1
10
0.000000
20
0.000000
30
0.000000
0
VERTEX
8
PLOT
10
73.500000
20
88.500000
30
0.000000
0
VERTEX
8
PLOT
10
81.500000
20
88.500000
30
0.000000
0
VERTEX
8
PLOT
10
81.500000
20
106.500000
30
0.000000
0
VERTEX
8
PLOT
10
73.500000
20
106.500000
30
0.000000
0
SEQEND
8
PLOT
999
URBANOS_PATH f.plot-sw-01-04
0
POLYLINE
8
PLOT
66
1
70
1
10
0.000000
20
0.000000
30
0.000000
0
VERTEX
8
PLOT
10
81.500000
20
88.500000
30
0.000000
0
VERTEX
8
PLOT
10
89.500000
20
88.500000
30
0.000000
0
VERTEX
8
PLOT
10
89.500000
20
106.500000
30
0.000000
0
VERTEX
8
PLOT
10
81.500000
20
106.500000
30
0.000000
0
SEQEND
8
PLOT
999
URBANOS_PATH f.plot-sw-01-05
0
POLYLINE
8
PLOT
66
1
70
1
10
0.000000
20
0.000000
30
0.000000
0
VERTEX
8
PLOT
10
89.500000
20
88.500000
30
0.000000
0
VERTEX
8
PLOT
10
97.500000
20
88.500000
30
0.000000
0
VERTEX
8
PLOT
10
97.500000
20
106.500000
30
0.000000
0
VERTEX
8
PLOT
10
89.500000
20
106.500000
30
0.000000
0
SEQEND
8
PLOT
999
URBANOS_PATH f.plot-sw-01-06
0
POLYLINE
8
PLOT
66
1
70
1
10
0.000000
20
0.000000
30
0.000000
0
VERTEX
8
PLOT
10
97.500000
20
88.500000
30
0.000000
0
VERTEX
8
PLOT
10
105.500000
20
88.500000
30
0.000000
0
VERTEX
8
PLOT
10
105.500000
20
106.500000
30
0.000000
0
VERTEX
8
PLOT
10
97.500000
20
106.500000
30
0.000000
0
SEQEND
8
PLOT
999
URBANOS_PATH f.plot-sw-01-07
0
POLYLINE
8
PLOT
66
1
70
1
10
0.000000
20
0.000000
30
0.000000
0
VERTEX
8
PLOT
10
105.500000
20
88.500000
30
0.000000
0
VERTEX
8
PLOT
10
113.500000
20
88.500000
30
0.000000
0
VERTEX
8
PLOT
10
113.500000
20
106.500000
30
0.000000
0
VERTEX
8
PLOT
10
105.500000
20
106.500000
30
0.000000
0
SEQEND
8
PLOT
999
URBANOS_PATH f.plot-sw-01-08
0
POLYLINE
8
PLOT
66
1
70
1
10
0.000000
20
0.000000
30
0.000000
0
VERTEX
8
PLOT
10
113.500000
20
88.500000
30
0.000000
0
VERTEX
8
PLOT
10
121.500000
20
88.500000
30
0.000000
0
VERTEX
8
PLOT
10
121.500000
20
106.500000
30
0.000000
0
VERTEX
8
PLOT
10
113.500000
20
106.500000
30
0.000000
0
SEQEND
8
PLOT
999
URBANOS_PATH f.plot-sw-01-09
0
POLYLINE
8
PLOT
66
1
70
1
10
0.000000
20
0.000000
30
0.000000
0
VERTEX
8
PLOT
10
133.500000
20
88.500000
30
0.000000
0
VERTEX
8
PLOT
10
141.500000
20
88.500000
30
0.000000
0
VERTEX
8
PLOT
10
141.500000
20
106.500000
30
0.000000
0
VERTEX
8
PLOT
10
133.500000
20
106.500000
30
0.000000
0
SEQEND
8
PLOT
999
URBANOS_PATH f.plot-sw-01-10
0
POLYLINE
8
PLOT
66
1
70
1
10
0.000000
20
0.000000
30
0.000000
0
VERTEX
8
PLOT
10
141.500000
20
88.500000
30
0.000000
0
VERTEX
8
PLOT
10
149.500000
20
88.500000
30
0.000000
0
VERTEX
8
PLOT
10
149.500000
20
106.500000
30
0.000000
0
VERTEX
8
PLOT
10
141.500000
20
106.500000
30
0.000000
0
SEQEND
8
PLOT
999
URBANOS_PATH f.plot-sw-01-11
0
POLYLINE
8
PLOT
66
1
70
1
10
0.000000
20
0.000000
30
0.000000
0
VERTEX
8
PLOT
10
149.500000
20
88.500000
30
0.000000
0
VERTEX
8
PLOT
10
157.500000
20
88.500000
30
0.000000
0
VERTEX
8
PLOT
10
157.500000
20
106.500000
30
0.000000
0
VERTEX
8
PLOT
10
149.500000
20
106.500000
30
0.000000
0
SEQEND
8
PLOT
999
URBANOS_PATH f.plot-sw-01-12
0
POLYLINE
8
PLOT
66
1
70
1
10
0.000000
20
0.000000
30
0.000000
0
VERTEX
8
PLOT
10
157.500000
20
88.500000
30
0.000000
0
VERTEX
8
PLOT
10
165.500000
20
88.500000
30
0.000000
0
VERTEX
8
PLOT
10
165.500000
20
106.500000
30
0.000000
0
VERTEX
8
PLOT
10
157.500000
20
106.500000
30
0.000000
0
SEQEND
8
PLOT
999
URBANOS_PATH f.plot-sw-01-13
0
POLYLINE
8
PLOT
66
1
70
1
10
0.000000
20
0.000000
30
0.000000
0
VERTEX
8
PLOT
10
165.500000
20
88.500000
30
0.000000
0
VERTEX
8
PLOT
10
173.500000
20
88.500000
30
0.000000
0
VERTEX
8
PLOT
10
173.500000
20
106.500000
30
0.000000
0
VERTEX
8
PLOT
10
165.500000
20
106.500000
30
0.000000
0
SEQEND
8
PLOT
999
URBANOS_PATH f.plot-sw-02-00
0
POLYLINE
8
PLOT
66
1
70
1
10
0.000000
20
0.000000
30
0.000000
0
VERTEX
8
PLOT
10
37.500000
20
70.500000
30
0.000000
0
VERTEX
8
PLOT
10
45.500000
20
70.500000
30
0.000000
0
VERTEX
8
PLOT
10
45.500000
20
88.500000
30
0.000000
0
VERTEX
8
PLOT
10
37.500000
20
88.500000
30
0.000000
0
SEQEND
8
PLOT
999
URBANOS_PATH f.plot-sw-02-01
0
POLYLINE
8
PLOT
66
1
70
1
10
0.000000
20
0.000000
30
0.000000
0
VERTEX
8
PLOT
10
45.500000
20
70.500000
30
0.000000
0
VERTEX
8
PLOT
10
53.500000
20
70.500000
30
0.000000
0
VERTEX
8
PLOT
10
53.500000
20
88.500000
30
0.000000
0
VERTEX
8
PLOT
10
45.500000
20
88.500000
30
0.000000
0
SEQEND
8
PLOT
999
URBANOS_PATH f.plot-sw-02-02
0
POLYLINE
8
PLOT
66
1
70
1
10
0.000000
20
0.000000
30
0.000000
0
VERTEX
8
PLOT
10
53.500000
20
70.500000
30
0.000000
0
VERTEX
8
PLOT
10
61.500000
20
70.500000
30
0.000000
0
VERTEX
8
PLOT
10
61.500000
20
88.500000
30
0.000000
0
VERTEX
8
PLOT
10
53.500000
20
88.500000
30
0.000000
0
SEQEND
8
PLOT
999
URBANOS_PATH f.plot-sw-02-03
0
POLYLINE
8
PLOT
66
1
70
1
10
0.000000
20
0.000000
30
0.000000
0
VERTEX
8
PLOT
10
61.500000
20
70.500000
30
0.000000
0
VERTEX
8
PLOT
10
69.500000
20
70.500000
30
0.000000
0
VERTEX
8
PLOT
10
69.500000
20
88.500000
30
0.000000
0
VERTEX
8
PLOT
10
61.500000
20
88.500000
30
0.000000
0
SEQEND
8
PLOT
999
URBANOS_PATH f.plot-sw-02-04
0
POLYLINE
8
PLOT
66
1
70
1
10
0.000000
20
0.000000
30
0.000000
0
VERTEX
8
PLOT
10
69.500000
20
70.500000
30
0.000000
0
VERTEX
8
PLOT
10
77.500000
20
70.500000
30
0.000000
0
VERTEX
8
PLOT
10
77.500000
20
88.500000
30
0.000000
0
VERTEX
8
PLOT
10
69.500000
20
88.500000
30
0.000000
0
SEQEND
8
PLOT
999
URBANOS_PATH f.plot-sw-02-05
0
POLYLINE
8
PLOT
66
1
70
1
10
0.000000
20
0.000000
30
0.000000
0
VERTEX
8
PLOT
10
77.500000
20
70.500000
30
0.000000
0
VERTEX
8
PLOT
10
85.500000
20
70.500000
30
0.000000
0
VERTEX
8
PLOT
10
85.500000
20
88.500000
30
0.000000
0
VERTEX
8
PLOT
10
77.500000
20
88.500000
30
0.000000
0
SEQEND
8
PLOT
999
URBANOS_PATH f.plot-sw-02-06
0
POLYLINE
8
PLOT
66
1
70
1
10
0.000000
20
0.000000
30
0.000000
0
VERTEX
8
PLOT
10
97.500000
20
70.500000
30
0.000000
0
VERTEX
8
PLOT
10
105.500000
20
70.500000
30
0.000000
0
VERTEX
8
PLOT
10
105.500000
20
88.500000
30
0.000000
0
VERTEX
8
PLOT
10
97.500000
20
88.500000
30
0.000000
0
SEQEND
8
PLOT
999
URBANOS_PATH f.plot-sw-02-07
0
POLYLINE
8
PLOT
66
1
70
1
10
0.000000
20
0.000000
30
0.000000
0
VERTEX
8
PLOT
10
105.500000
20
70.500000
30
0.000000
0
VERTEX
8
PLOT
10
113.500000
20
70.500000
30
0.000000
0
VERTEX
8
PLOT
10
113.500000
20
88.500000
30
0.000000
0
VERTEX
8
PLOT
10
105.500000
20
88.500000
30
0.000000
0
SEQEND
8
PLOT
999
URBANOS_PATH f.plot-sw-02-08
0
POLYLINE
8
PLOT
66
1
70
1
10
0.000000
20
0.000000
30
0.000000
0
VERTEX
8
PLOT
10
113.500000
20
70.500000
30
0.000000
0
VERTEX
8
PLOT
10
121.500000
20
70.500000
30
0.000000
0
VERTEX
8
PLOT
10
121.500000
20
88.500000
30
0.000000
0
VERTEX
8
PLOT
10
113.500000
20
88.500000
30
0.000000
0
SEQEND
8
PLOT
999
URBANOS_PATH f.plot-sw-02-09
0
POLYLINE
8
PLOT
66
1
70
1
10
0.000000
20
0.000000
30
0.000000
0
VERTEX
8
PLOT
10
121.500000
20
70.500000
30
0.000000
0
VERTEX
8
PLOT
10
129.500000
20
70.500000
30
0.000000
0
VERTEX
8
PLOT
10
129.500000
20
88.500000
30
0.000000
0
VERTEX
8
PLOT
10
121.500000
20
88.500000
30
0.000000
0
SEQEND
8
PLOT
999
URBANOS_PATH f.plot-sw-02-10
0
POLYLINE
8
PLOT
66
1
70
1
10
0.000000
20
0.000000
30
0.000000
0
VERTEX
8
PLOT
10
129.500000
20
70.500000
30
0.000000
0
VERTEX
8
PLOT
10
137.500000
20
70.500000
30
0.000000
0
VERTEX
8
PLOT
10
137.500000
20
88.500000
30
0.000000
0
VERTEX
8
PLOT
10
129.500000
20
88.500000
30
0.000000
0
SEQEND
8
PLOT
999
URBANOS_PATH f.plot-sw-02-11
0
POLYLINE
8
PLOT
66
1
70
1
10
0.000000
20
0.000000
30
0.000000
0
VERTEX
8
PLOT
10
137.500000
20
70.500000
30
0.000000
0
VERTEX
8
PLOT
10
145.500000
20
70.500000
30
0.000000
0
VERTEX
8
PLOT
10
145.500000
20
88.500000
30
0.000000
0
VERTEX
8
PLOT
10
137.500000
20
88.500000
30
0.000000
0
SEQEND
8
PLOT
999
URBANOS_PATH f.plot-sw-02-12
0
POLYLINE
8
PLOT
66
1
70
1
10
0.000000
20
0.000000
30
0.000000
0
VERTEX
8
PLOT
10
157.500000
20
70.500000
30
0.000000
0
VERTEX
8
PLOT
10
165.500000
20
70.500000
30
0.000000
0
VERTEX
8
PLOT
10
165.500000
20
88.500000
30
0.000000
0
VERTEX
8
PLOT
10
157.500000
20
88.500000
30
0.000000
0
SEQEND
8
PLOT
999
URBANOS_PATH f.plot-sw-02-13
0
POLYLINE
8
PLOT
66
1
70
1
10
0.000000
20
0.000000
30
0.000000
0
VERTEX
8
PLOT
10
165.500000
20
70.500000
30
0.000000
0
VERTEX
8
PLOT
10
173.500000
20
70.500000
30
0.000000
0
VERTEX
8
PLOT
10
173.500000
20
88.500000
30
0.000000
0
VERTEX
8
PLOT
10
165.500000
20
88.500000
30
0.000000
0
SEQEND
8
PLOT
999
URBANOS_PATH f.plot-sw-03-00
0
POLYLINE
8
PLOT
66
1
70
1
10
0.000000
20
0.000000
30
0.000000
0
VERTEX
8
PLOT
10
37.500000
20
40.500000
30
0.000000
0
VERTEX
8
PLOT
10
45.500000
20
40.500000
30
0.000000
0
VERTEX
8
PLOT
10
45.500000
20
58.500000
30
0.000000
0
VERTEX
8
PLOT
10
37.500000
20
58.500000
30
0.000000
0
SEQEND
8
PLOT
999
URBANOS_PATH f.plot-sw-03-01
0
POLYLINE
8
PLOT
66
1
70
1
10
0.000000
20
0.000000
30
0.000000
0
VERTEX
8
PLOT
10
45.500000
20
40.500000
30
0.000000
0
VERTEX
8
PLOT
10
53.500000
20
40.500000
30
0.000000
0
VERTEX
8
PLOT
10
53.500000
20
58.500000
30
0.000000
0
VERTEX
8
PLOT
10
45.500000
20
58.500000
30
0.000000
0
SEQEND
8
PLOT
999
URBANOS_PATH f.plot-sw-03-02
0
POLYLINE
8
PLOT
66
1
70
1
10
0.000000
20
0.000000
30
0.000000
0
VERTEX
8
PLOT
10
53.500000
20
40.500000
30
0.000000
0
VERTEX
8
PLOT
10
61.500000
20
40.500000
30
0.000000
0
VERTEX
8
PLOT
10
61.500000
20
58.500000
30
0.000000
0
VERTEX
8
PLOT
10
53.500000
20
58.500000
30
0.000000
0
SEQEND
8
PLOT
999
URBANOS_PATH f.plot-sw-03-03
0
POLYLINE
8
PLOT
66
1
70
1
10
0.000000
20
0.000000
30
0.000000
0
VERTEX
8
PLOT
10
73.500000
20
40.500000
30
0.000000
0
VERTEX
8
PLOT
10
81.500000
20
40.500000
30
0.000000
0
VERTEX
8
PLOT
10
81.500000
20
58.500000
30
0.000000
0
VERTEX
8
PLOT
10
73.500000
20
58.500000
30
0.000000
0
SEQEND
8
PLOT
999
URBANOS_PATH f.plot-sw-03-04
0
POLYLINE
8
PLOT
66
1
70
1
10
0.000000
20
0.000000
30
0.000000
0
VERTEX
8
PLOT
10
81.500000
20
40.500000
30
0.000000
0
VERTEX
8
PLOT
10
89.500000
20
40.500000
30
0.000000
0
VERTEX
8
PLOT
10
89.500000
20
58.500000
30
0.000000
0
VERTEX
8
PLOT
10
81.500000
20
58.500000
30
0.000000
0
SEQEND
8
PLOT
999
URBANOS_PATH f.plot-sw-03-05
0
POLYLINE
8
PLOT
66
1
70
1
10
0.000000
20
0.000000
30
0.000000
0
VERTEX
8
PLOT
10
89.500000
20
40.500000
30
0.000000
0
VERTEX
8
PLOT
10
97.500000
20
40.500000
30
0.000000
0
VERTEX
8
PLOT
10
97.500000
20
58.500000
30
0.000000
0
VERTEX
8
PLOT
10
89.500000
20
58.500000
30
0.000000
0
SEQEND
8
PLOT
999
URBANOS_PATH f.plot-sw-03-06
0
POLYLINE
8
PLOT
66
1
70
1
10
0.000000
20
0.000000
30
0.000000
0
VERTEX
8
PLOT
10
97.500000
20
40.500000
30
0.000000
0
VERTEX
8
PLOT
10
105.500000
20
40.500000
30
0.000000
0
VERTEX
8
PLOT
10
105.500000
20
58.500000
30
0.000000
0
VERTEX
8
PLOT
10
97.500000
20
58.500000
30
0.000000
0
SEQEND
8
PLOT
999
URBANOS_PATH f.plot-sw-03-07
0
POLYLINE
8
PLOT
66
1
70
1
10
0.000000
20
0.000000
30
0.000000
0
VERTEX
8
PLOT
10
105.500000
20
40.500000
30
0.000000
0
VERTEX
8
PLOT
10
113.500000
20
40.500000
30
0.000000
0
VERTEX
8
PLOT
10
113.500000
20
58.500000
30
0.000000
0
VERTEX
8
PLOT
10
105.500000
20
58.500000
30
0.000000
0
SEQEND
8
PLOT
999
URBANOS_PATH f.plot-sw-03-08
0
POLYLINE
8
PLOT
66
1
70
1
10
0.000000
20
0.000000
30
0.000000
0
VERTEX
8
PLOT
10
113.500000
20
40.500000
30
0.000000
0
VERTEX
8
PLOT
10
121.500000
20
40.500000
30
0.000000
0
VERTEX
8
PLOT
10
121.500000
20
58.500000
30
0.000000
0
VERTEX
8
PLOT
10
113.500000
20
58.500000
30
0.000000
0
SEQEND
8
PLOT
999
URBANOS_PATH f.plot-sw-03-09
0
POLYLINE
8
PLOT
66
1
70
1
10
0.000000
20
0.000000
30
0.000000
0
VERTEX
8
PLOT
10
133.500000
20
40.500000
30
0.000000
0
VERTEX
8
PLOT
10
141.500000
20
40.500000
30
0.000000
0
VERTEX
8
PLOT
10
141.500000
20
58.500000
30
0.000000
0
VERTEX
8
PLOT
10
133.500000
20
58.500000
30
0.000000
0
SEQEND
8
PLOT
999
URBANOS_PATH f.plot-sw-03-10
0
POLYLINE
8
PLOT
66
1
70
1
10
0.000000
20
0.000000
30
0.000000
0
VERTEX
8
PLOT
10
141.500000
20
40.500000
30
0.000000
0
VERTEX
8
PLOT
10
149.500000
20
40.500000
30
0.000000
0
VERTEX
8
PLOT
10
149.500000
20
58.500000
30
0.000000
0
VERTEX
8
PLOT
10
141.500000
20
58.500000
30
0.000000
0
SEQEND
8
PLOT
999
URBANOS_PATH f.plot-sw-03-11
0
POLYLINE
8
PLOT
66
1
70
1
10
0.000000
20
0.000000
30
0.000000
0
VERTEX
8
PLOT
10
149.500000
20
40.500000
30
0.000000
0
VERTEX
8
PLOT
10
157.500000
20
40.500000
30
0.000000
0
VERTEX
8
PLOT
10
157.500000
20
58.500000
30
0.000000
0
VERTEX
8
PLOT
10
149.500000
20
58.500000
30
0.000000
0
SEQEND
8
PLOT
999
URBANOS_PATH f.plot-sw-03-12
0
POLYLINE
8
PLOT
66
1
70
1
10
0.000000
20
0.000000
30
0.000000
0
VERTEX
8
PLOT
10
157.500000
20
40.500000
30
0.000000
0
VERTEX
8
PLOT
10
165.500000
20
40.500000
30
0.000000
0
VERTEX
8
PLOT
10
165.500000
20
58.500000
30
0.000000
0
VERTEX
8
PLOT
10
157.500000
20
58.500000
30
0.000000
0
SEQEND
8
PLOT
999
URBANOS_PATH f.plot-sw-03-13
0
POLYLINE
8
PLOT
66
1
70
1
10
0.000000
20
0.000000
30
0.000000
0
VERTEX
8
PLOT
10
165.500000
20
40.500000
30
0.000000
0
VERTEX
8
PLOT
10
173.500000
20
40.500000
30
0.000000
0
VERTEX
8
PLOT
10
173.500000
20
58.500000
30
0.000000
0
VERTEX
8
PLOT
10
165.500000
20
58.500000
30
0.000000
0
SEQEND
8
PLOT
999
URBANOS_PATH f.plot-se-00-00
0
POLYLINE
8
PLOT
66
1
70
1
10
0.000000
20
0.000000
30
0.000000
0
VERTEX
8
PLOT
10
263.000000
20
40.500000
30
0.000000
0
VERTEX
8
PLOT
10
281.000000
20
40.500000
30
0.000000
0
VERTEX
8
PLOT
10
281.000000
20
48.500000
30
0.000000
0
VERTEX
8
PLOT
10
263.000000
20
48.500000
30
0.000000
0
SEQEND
8
PLOT
999
URBANOS_PATH f.plot-se-00-01
0
POLYLINE
8
PLOT
66
1
70
1
10
0.000000
20
0.000000
30
0.000000
0
VERTEX
8
PLOT
10
263.000000
20
48.500000
30
0.000000
0
VERTEX
8
PLOT
10
281.000000
20
48.500000
30
0.000000
0
VERTEX
8
PLOT
10
281.000000
20
56.500000
30
0.000000
0
VERTEX
8
PLOT
10
263.000000
20
56.500000
30
0.000000
0
SEQEND
8
PLOT
999
URBANOS_PATH f.plot-se-00-02
0
POLYLINE
8
PLOT
66
1
70
1
10
0.000000
20
0.000000
30
0.000000
0
VERTEX
8
PLOT
10
263.000000
20
56.500000
30
0.000000
0
VERTEX
8
PLOT
10
281.000000
20
56.500000
30
0.000000
0
VERTEX
8
PLOT
10
281.000000
20
64.500000
30
0.000000
0
VERTEX
8
PLOT
10
263.000000
20
64.500000
30
0.000000
0
SEQEND
8
PLOT
999
URBANOS_PATH f.plot-se-00-03
0
POLYLINE
8
PLOT
66
1
70
1
10
0.000000
20
0.000000
30
0.000000
0
VERTEX
8
PLOT
10
263.000000
20
64.500000
30
0.000000
0
VERTEX
8
PLOT
10
281.000000
20
64.500000
30
0.000000
0
VERTEX
8
PLOT
10
281.000000
20
72.500000
30
0.000000
0
VERTEX
8
PLOT
10
263.000000
20
72.500000
30
0.000000
0
SEQEND
8
PLOT
999
URBANOS_PATH f.plot-se-00-04
0
POLYLINE
8
PLOT
66
1
70
1
10
0.000000
20
0.000000
30
0.000000
0
VERTEX
8
PLOT
10
263.000000
20
72.500000
30
0.000000
0
VERTEX
8
PLOT
10
281.000000
20
72.500000
30
0.000000
0
VERTEX
8
PLOT
10
281.000000
20
80.500000
30
0.000000
0
VERTEX
8
PLOT
10
263.000000
20
80.500000
30
0.000000
0
SEQEND
8
PLOT
999
URBANOS_PATH f.plot-se-00-05
0
POLYLINE
8
PLOT
66
1
70
1
10
0.000000
20
0.000000
30
0.000000
0
VERTEX
8
PLOT
10
263.000000
20
80.500000
30
0.000000
0
VERTEX
8
PLOT
10
281.000000
20
80.500000
30
0.000000
0
VERTEX
8
PLOT
10
281.000000
20
88.500000
30
0.000000
0
VERTEX
8
PLOT
10
263.000000
20
88.500000
30
0.000000
0
SEQEND
8
PLOT
999
URBANOS_PATH f.plot-se-00-06
0
POLYLINE
8
PLOT
66
1
70
1
10
0.000000
20
0.000000
30
0.000000
0
VERTEX
8
PLOT
10
263.000000
20
100.500000
30
0.000000
0
VERTEX
8
PLOT
10
281.000000
20
100.500000
30
0.000000
0
VERTEX
8
PLOT
10
281.000000
20
108.500000
30
0.000000
0
VERTEX
8
PLOT
10
263.000000
20
108.500000
30
0.000000
0
SEQEND
8
PLOT
999
URBANOS_PATH f.plot-se-00-07
0
POLYLINE
8
PLOT
66
1
70
1
10
0.000000
20
0.000000
30
0.000000
0
VERTEX
8
PLOT
10
263.000000
20
108.500000
30
0.000000
0
VERTEX
8
PLOT
10
281.000000
20
108.500000
30
0.000000
0
VERTEX
8
PLOT
10
281.000000
20
116.500000
30
0.000000
0
VERTEX
8
PLOT
10
263.000000
20
116.500000
30
0.000000
0
SEQEND
8
PLOT
999
URBANOS_PATH f.plot-se-00-08
0
POLYLINE
8
PLOT
66
1
70
1
10
0.000000
20
0.000000
30
0.000000
0
VERTEX
8
PLOT
10
263.000000
20
116.500000
30
0.000000
0
VERTEX
8
PLOT
10
281.000000
20
116.500000
30
0.000000
0
VERTEX
8
PLOT
10
281.000000
20
124.500000
30
0.000000
0
VERTEX
8
PLOT
10
263.000000
20
124.500000
30
0.000000
0
SEQEND
8
PLOT
999
URBANOS_PATH f.plot-se-00-09
0
POLYLINE
8
PLOT
66
1
70
1
10
0.000000
20
0.000000
30
0.000000
0
VERTEX
8
PLOT
10
263.000000
20
124.500000
30
0.000000
0
VERTEX
8
PLOT
10
281.000000
20
124.500000
30
0.000000
0
VERTEX
8
PLOT
10
281.000000
20
132.500000
30
0.000000
0
VERTEX
8
PLOT
10
263.000000
20
132.500000
30
0.000000
0
SEQEND
8
PLOT
999
URBANOS_PATH f.plot-se-01-00
0
POLYLINE
8
PLOT
66
1
70
1
10
0.000000
20
0.000000
30
0.000000
0
VERTEX
8
PLOT
10
293.000000
20
40.500000
30
0.000000
0
VERTEX
8
PLOT
10
311.000000
20
40.500000
30
0.000000
0
VERTEX
8
PLOT
10
311.000000
20
48.500000
30
0.000000
0
VERTEX
8
PLOT
10
293.000000
20
48.500000
30
0.000000
0
SEQEND
8
PLOT
999
URBANOS_PATH f.plot-se-01-01
0
POLYLINE
8
PLOT
66
1
70
1
10
0.000000
20
0.000000
30
0.000000
0
VERTEX
8
PLOT
10
293.000000
20
48.500000
30
0.000000
0
VERTEX
8
PLOT
10
311.000000
20
48.500000
30
0.000000
0
VERTEX
8
PLOT
10
311.000000
20
56.500000
30
0.000000
0
VERTEX
8
PLOT
10
293.000000
20
56.500000
30
0.000000
0
SEQEND
8
PLOT
999
URBANOS_PATH f.plot-se-01-02
0
POLYLINE
8
PLOT
66
1
70
1
10
0.000000
20
0.000000
30
0.000000
0
VERTEX
8
PLOT
10
293.000000
20
56.500000
30
0.000000
0
VERTEX
8
PLOT
10
311.000000
20
56.500000
30
0.000000
0
VERTEX
8
PLOT
10
311.000000
20
64.500000
30
0.000000
0
VERTEX
8
PLOT
10
293.000000
20
64.500000
30
0.000000
0
SEQEND
8
PLOT
999
URBANOS_PATH f.plot-se-01-03
0
POLYLINE
8
PLOT
66
1
70
1
10
0.000000
20
0.000000
30
0.000000
0
VERTEX
8
PLOT
10
293.000000
20
76.500000
30
0.000000
0
VERTEX
8
PLOT
10
311.000000
20
76.500000
30
0.000000
0
VERTEX
8
PLOT
10
311.000000
20
84.500000
30
0.000000
0
VERTEX
8
PLOT
10
293.000000
20
84.500000
30
0.000000
0
SEQEND
8
PLOT
999
URBANOS_PATH f.plot-se-01-04
0
POLYLINE
8
PLOT
66
1
70
1
10
0.000000
20
0.000000
30
0.000000
0
VERTEX
8
PLOT
10
293.000000
20
84.500000
30
0.000000
0
VERTEX
8
PLOT
10
311.000000
20
84.500000
30
0.000000
0
VERTEX
8
PLOT
10
311.000000
20
92.500000
30
0.000000
0
VERTEX
8
PLOT
10
293.000000
20
92.500000
30
0.000000
0
SEQEND
8
PLOT
999
URBANOS_PATH f.plot-se-01-05
0
POLYLINE
8
PLOT
66
1
70
1
10
0.000000
20
0.000000
30
0.000000
0
VERTEX
8
PLOT
10
293.000000
20
92.500000
30
0.000000
0
VERTEX
8
PLOT
10
311.000000
20
92.500000
30
0.000000
0
VERTEX
8
PLOT
10
311.000000
20
100.500000
30
0.000000
0
VERTEX
8
PLOT
10
293.000000
20
100.500000
30
0.000000
0
SEQEND
8
PLOT
999
URBANOS_PATH f.plot-se-01-06
0
POLYLINE
8
PLOT
66
1
70
1
10
0.000000
20
0.000000
30
0.000000
0
VERTEX
8
PLOT
10
293.000000
20
100.500000
30
0.000000
0
VERTEX
8
PLOT
10
311.000000
20
100.500000
30
0.000000
0
VERTEX
8
PLOT
10
311.000000
20
108.500000
30
0.000000
0
VERTEX
8
PLOT
10
293.000000
20
108.500000
30
0.000000
0
SEQEND
8
PLOT
999
URBANOS_PATH f.plot-se-01-07
0
POLYLINE
8
PLOT
66
1
70
1
10
0.000000
20
0.000000
30
0.000000
0
VERTEX
8
PLOT
10
293.000000
20
108.500000
30
0.000000
0
VERTEX
8
PLOT
10
311.000000
20
108.500000
30
0.000000
0
VERTEX
8
PLOT
10
311.000000
20
116.500000
30
0.000000
0
VERTEX
8
PLOT
10
293.000000
20
116.500000
30
0.000000
0
SEQEND
8
PLOT
999
URBANOS_PATH f.plot-se-01-08
0
POLYLINE
8
PLOT
66
1
70
1
10
0.000000
20
0.000000
30
0.000000
0
VERTEX
8
PLOT
10
293.000000
20
116.500000
30
0.000000
0
VERTEX
8
PLOT
10
311.000000
20
116.500000
30
0.000000
0
VERTEX
8
PLOT
10
311.000000
20
124.500000
30
0.000000
0
VERTEX
8
PLOT
10
293.000000
20
124.500000
30
0.000000
0
SEQEND
8
PLOT
999
URBANOS_PATH f.plot-se-02-00
0
POLYLINE
8
PLOT
66
1
70
1
10
0.000000
20
0.000000
30
0.000000
0
VERTEX
8
PLOT
10
311.000000
20
40.500000
30
0.000000
0
VERTEX
8
PLOT
10
329.000000
20
40.500000
30
0.000000
0
VERTEX
8
PLOT
10
329.000000
20
48.500000
30
0.000000
0
VERTEX
8
PLOT
10
311.000000
20
48.500000
30
0.000000
0
SEQEND
8
PLOT
999
URBANOS_PATH f.plot-se-02-01
0
POLYLINE
8
PLOT
66
1
70
1
10
0.000000
20
0.000000
30
0.000000
0
VERTEX
8
PLOT
10
311.000000
20
48.500000
30
0.000000
0
VERTEX
8
PLOT
10
329.000000
20
48.500000
30
0.000000
0
VERTEX
8
PLOT
10
329.000000
20
56.500000
30
0.000000
0
VERTEX
8
PLOT
10
311.000000
20
56.500000
30
0.000000
0
SEQEND
8
PLOT
999
URBANOS_PATH f.plot-se-02-02
0
POLYLINE
8
PLOT
66
1
70
1
10
0.000000
20
0.000000
30
0.000000
0
VERTEX
8
PLOT
10
311.000000
20
56.500000
30
0.000000
0
VERTEX
8
PLOT
10
329.000000
20
56.500000
30
0.000000
0
VERTEX
8
PLOT
10
329.000000
20
64.500000
30
0.000000
0
VERTEX
8
PLOT
10
311.000000
20
64.500000
30
0.000000
0
SEQEND
8
PLOT
999
URBANOS_PATH f.plot-se-02-03
0
POLYLINE
8
PLOT
66
1
70
1
10
0.000000
20
0.000000
30
0.000000
0
VERTEX
8
PLOT
10
311.000000
20
64.500000
30
0.000000
0
VERTEX
8
PLOT
10
329.000000
20
64.500000
30
0.000000
0
VERTEX
8
PLOT
10
329.000000
20
72.500000
30
0.000000
0
VERTEX
8
PLOT
10
311.000000
20
72.500000
30
0.000000
0
SEQEND
8
PLOT
999
URBANOS_PATH f.plot-se-02-04
0
POLYLINE
8
PLOT
66
1
70
1
10
0.000000
20
0.000000
30
0.000000
0
VERTEX
8
PLOT
10
311.000000
20
72.500000
30
0.000000
0
VERTEX
8
PLOT
10
329.000000
20
72.500000
30
0.000000
0
VERTEX
8
PLOT
10
329.000000
20
80.500000
30
0.000000
0
VERTEX
8
PLOT
10
311.000000
20
80.500000
30
0.000000
0
SEQEND
8
PLOT
999
URBANOS_PATH f.plot-se-02-05
0
POLYLINE
8
PLOT
66
1
70
1
10
0.000000
20
0.000000
30
0.000000
0
VERTEX
8
PLOT
10
311.000000
20
80.500000
30
0.000000
0
VERTEX
8
PLOT
10
329.000000
20
80.500000
30
0.000000
0
VERTEX
8
PLOT
10
329.000000
20
88.500000
30
0.000000
0
VERTEX
8
PLOT
10
311.000000
20
88.500000
30
0.000000
0
SEQEND
8
PLOT
999
URBANOS_PATH f.plot-se-02-06
0
POLYLINE
8
PLOT
66
1
70
1
10
0.000000
20
0.000000
30
0.000000
0
VERTEX
8
PLOT
10
311.000000
20
100.500000
30
0.000000
0
VERTEX
8
PLOT
10
329.000000
20
100.500000
30
0.000000
0
VERTEX
8
PLOT
10
329.000000
20
108.500000
30
0.000000
0
VERTEX
8
PLOT
10
311.000000
20
108.500000
30
0.000000
0
SEQEND
8
PLOT
999
URBANOS_PATH f.plot-se-02-07
0
POLYLINE
8
PLOT
66
1
70
1
10
0.000000
20
0.000000
30
0.000000
0
VERTEX
8
PLOT
10
311.000000
20
108.500000
30
0.000000
0
VERTEX
8
PLOT
10
329.000000
20
108.500000
30
0.000000
0
VERTEX
8
PLOT
10
329.000000
20
116.500000
30
0.000000
0
VERTEX
8
PLOT
10
311.000000
20
116.500000
30
0.000000
0
SEQEND
8
PLOT
999
URBANOS_PATH f.plot-se-02-08
0
POLYLINE
8
PLOT
66
1
70
1
10
0.000000
20
0.000000
30
0.000000
0
VERTEX
8
PLOT
10
311.000000
20
116.500000
30
0.000000
0
VERTEX
8
PLOT
10
329.000000
20
116.500000
30
0.000000
0
VERTEX
8
PLOT
10
329.000000
20
124.500000
30
0.000000
0
VERTEX
8
PLOT
10
311.000000
20
124.500000
30
0.000000
0
SEQEND
8
PLOT
999
URBANOS_PATH f.plot-se-02-09
0
POLYLINE
8
PLOT
66
1
70
1
10
0.000000
20
0.000000
30
0.000000
0
VERTEX
8
PLOT
10
311.000000
20
124.500000
30
0.000000
0
VERTEX
8
PLOT
10
329.000000
20
124.500000
30
0.000000
0
VERTEX
8
PLOT
10
329.000000
20
132.500000
30
0.000000
0
VERTEX
8
PLOT
10
311.000000
20
132.500000
30
0.000000
0
SEQEND
8
PLOT
999
URBANOS_PATH f.plot-se-03-00
0
POLYLINE
8
PLOT
66
1
70
1
10
0.000000
20
0.000000
30
0.000000
0
VERTEX
8
PLOT
10
341.000000
20
40.500000
30
0.000000
0
VERTEX
8
PLOT
10
359.000000
20
40.500000
30
0.000000
0
VERTEX
8
PLOT
10
359.000000
20
48.500000
30
0.000000
0
VERTEX
8
PLOT
10
341.000000
20
48.500000
30
0.000000
0
SEQEND
8
PLOT
999
URBANOS_PATH f.plot-se-03-01
0
POLYLINE
8
PLOT
66
1
70
1
10
0.000000
20
0.000000
30
0.000000
0
VERTEX
8
PLOT
10
341.000000
20
48.500000
30
0.000000
0
VERTEX
8
PLOT
10
359.000000
20
48.500000
30
0.000000
0
VERTEX
8
PLOT
10
359.000000
20
56.500000
30
0.000000
0
VERTEX
8
PLOT
10
341.000000
20
56.500000
30
0.000000
0
SEQEND
8
PLOT
999
URBANOS_PATH f.plot-se-03-02
0
POLYLINE
8
PLOT
66
1
70
1
10
0.000000
20
0.000000
30
0.000000
0
VERTEX
8
PLOT
10
341.000000
20
56.500000
30
0.000000
0
VERTEX
8
PLOT
10
359.000000
20
56.500000
30
0.000000
0
VERTEX
8
PLOT
10
359.000000
20
64.500000
30
0.000000
0
VERTEX
8
PLOT
10
341.000000
20
64.500000
30
0.000000
0
SEQEND
8
PLOT
999
URBANOS_PATH f.plot-se-03-03
0
POLYLINE
8
PLOT
66
1
70
1
10
0.000000
20
0.000000
30
0.000000
0
VERTEX
8
PLOT
10
341.000000
20
76.500000
30
0.000000
0
VERTEX
8
PLOT
10
359.000000
20
76.500000
30
0.000000
0
VERTEX
8
PLOT
10
359.000000
20
84.500000
30
0.000000
0
VERTEX
8
PLOT
10
341.000000
20
84.500000
30
0.000000
0
SEQEND
8
PLOT
999
URBANOS_PATH f.plot-se-03-04
0
POLYLINE
8
PLOT
66
1
70
1
10
0.000000
20
0.000000
30
0.000000
0
VERTEX
8
PLOT
10
341.000000
20
84.500000
30
0.000000
0
VERTEX
8
PLOT
10
359.000000
20
84.500000
30
0.000000
0
VERTEX
8
PLOT
10
359.000000
20
92.500000
30
0.000000
0
VERTEX
8
PLOT
10
341.000000
20
92.500000
30
0.000000
0
SEQEND
8
PLOT
999
URBANOS_PATH f.plot-se-03-05
0
POLYLINE
8
PLOT
66
1
70
1
10
0.000000
20
0.000000
30
0.000000
0
VERTEX
8
PLOT
10
341.000000
20
92.500000
30
0.000000
0
VERTEX
8
PLOT
10
359.000000
20
92.500000
30
0.000000
0
VERTEX
8
PLOT
10
359.000000
20
100.500000
30
0.000000
0
VERTEX
8
PLOT
10
341.000000
20
100.500000
30
0.000000
0
SEQEND
8
PLOT
999
URBANOS_PATH f.plot-se-03-06
0
POLYLINE
8
PLOT
66
1
70
1
10
0.000000
20
0.000000
30
0.000000
0
VERTEX
8
PLOT
10
341.000000
20
100.500000
30
0.000000
0
VERTEX
8
PLOT
10
359.000000
20
100.500000
30
0.000000
0
VERTEX
8
PLOT
10
359.000000
20
108.500000
30
0.000000
0
VERTEX
8
PLOT
10
341.000000
20
108.500000
30
0.000000
0
SEQEND
8
PLOT
999
URBANOS_PATH f.plot-se-03-07
0
POLYLINE
8
PLOT
66
1
70
1
10
0.000000
20
0.000000
30
0.000000
0
VERTEX
8
PLOT
10
341.000000
20
108.500000
30
0.000000
0
VERTEX
8
PLOT
10
359.000000
20
108.500000
30
0.000000
0
VERTEX
8
PLOT
10
359.000000
20
116.500000
30
0.000000
0
VERTEX
8
PLOT
10
341.000000
20
116.500000
30
0.000000
0
SEQEND
8
PLOT
999
URBANOS_PATH f.plot-se-03-08
0
POLYLINE
8
PLOT
66
1
70
1
10
0.000000
20
0.000000
30
0.000000
0
VERTEX
8
PLOT
10
341.000000
20
116.500000
30
0.000000
0
VERTEX
8
PLOT
10
359.000000
20
116.500000
30
0.000000
0
VERTEX
8
PLOT
10
359.000000
20
124.500000
30
0.000000
0
VERTEX
8
PLOT
10
341.000000
20
124.500000
30
0.000000
0
SEQEND
8
PLOT
999
URBANOS_PATH f.plot-se-04-00
0
POLYLINE
8
PLOT
66
1
70
1
10
0.000000
20
0.000000
30
0.000000
0
VERTEX
8
PLOT
10
359.000000
20
40.500000
30
0.000000
0
VERTEX
8
PLOT
10
377.000000
20
40.500000
30
0.000000
0
VERTEX
8
PLOT
10
377.000000
20
48.500000
30
0.000000
0
VERTEX
8
PLOT
10
359.000000
20
48.500000
30
0.000000
0
SEQEND
8
PLOT
999
URBANOS_PATH f.plot-se-04-01
0
POLYLINE
8
PLOT
66
1
70
1
10
0.000000
20
0.000000
30
0.000000
0
VERTEX
8
PLOT
10
359.000000
20
48.500000
30
0.000000
0
VERTEX
8
PLOT
10
377.000000
20
48.500000
30
0.000000
0
VERTEX
8
PLOT
10
377.000000
20
56.500000
30
0.000000
0
VERTEX
8
PLOT
10
359.000000
20
56.500000
30
0.000000
0
SEQEND
8
PLOT
999
URBANOS_PATH f.plot-se-04-02
0
POLYLINE
8
PLOT
66
1
70
1
10
0.000000
20
0.000000
30
0.000000
0
VERTEX
8
PLOT
10
359.000000
20
56.500000
30
0.000000
0
VERTEX
8
PLOT
10
377.000000
20
56.500000
30
0.000000
0
VERTEX
8
PLOT
10
377.000000
20
64.500000
30
0.000000
0
VERTEX
8
PLOT
10
359.000000
20
64.500000
30
0.000000
0
SEQEND
8
PLOT
999
URBANOS_PATH f.plot-se-04-03
0
POLYLINE
8
PLOT
66
1
70
1
10
0.000000
20
0.000000
30
0.000000
0
VERTEX
8
PLOT
10
359.000000
20
64.500000
30
0.000000
0
VERTEX
8
PLOT
10
377.000000
20
64.500000
30
0.000000
0
VERTEX
8
PLOT
10
377.000000
20
72.500000
30
0.000000
0
VERTEX
8
PLOT
10
359.000000
20
72.500000
30
0.000000
0
SEQEND
8
PLOT
999
URBANOS_PATH f.plot-se-04-04
0
POLYLINE
8
PLOT
66
1
70
1
10
0.000000
20
0.000000
30
0.000000
0
VERTEX
8
PLOT
10
359.000000
20
72.500000
30
0.000000
0
VERTEX
8
PLOT
10
377.000000
20
72.500000
30
0.000000
0
VERTEX
8
PLOT
10
377.000000
20
80.500000
30
0.000000
0
VERTEX
8
PLOT
10
359.000000
20
80.500000
30
0.000000
0
SEQEND
8
PLOT
999
URBANOS_PATH f.plot-se-04-05
0
POLYLINE
8
PLOT
66
1
70
1
10
0.000000
20
0.000000
30
0.000000
0
VERTEX
8
PLOT
10
359.000000
20
80.500000
30
0.000000
0
VERTEX
8
PLOT
10
377.000000
20
80.500000
30
0.000000
0
VERTEX
8
PLOT
10
377.000000
20
88.500000
30
0.000000
0
VERTEX
8
PLOT
10
359.000000
20
88.500000
30
0.000000
0
SEQEND
8
PLOT
999
URBANOS_PATH f.plot-se-04-06
0
POLYLINE
8
PLOT
66
1
70
1
10
0.000000
20
0.000000
30
0.000000
0
VERTEX
8
PLOT
10
359.000000
20
100.500000
30
0.000000
0
VERTEX
8
PLOT
10
377.000000
20
100.500000
30
0.000000
0
VERTEX
8
PLOT
10
377.000000
20
108.500000
30
0.000000
0
VERTEX
8
PLOT
10
359.000000
20
108.500000
30
0.000000
0
SEQEND
8
PLOT
999
URBANOS_PATH f.plot-se-04-07
0
POLYLINE
8
PLOT
66
1
70
1
10
0.000000
20
0.000000
30
0.000000
0
VERTEX
8
PLOT
10
359.000000
20
108.500000
30
0.000000
0
VERTEX
8
PLOT
10
377.000000
20
108.500000
30
0.000000
0
VERTEX
8
PLOT
10
377.000000
20
116.500000
30
0.000000
0
VERTEX
8
PLOT
10
359.000000
20
116.500000
30
0.000000
0
SEQEND
8
PLOT
999
URBANOS_PATH f.plot-se-04-08
0
POLYLINE
8
PLOT
66
1
70
1
10
0.000000
20
0.000000
30
0.000000
0
VERTEX
8
PLOT
10
359.000000
20
116.500000
30
0.000000
0
VERTEX
8
PLOT
10
377.000000
20
116.500000
30
0.000000
0
VERTEX
8
PLOT
10
377.000000
20
124.500000
30
0.000000
0
VERTEX
8
PLOT
10
359.000000
20
124.500000
30
0.000000
0
SEQEND
8
PLOT
999
URBANOS_PATH f.plot-se-04-09
0
POLYLINE
8
PLOT
66
1
70
1
10
0.000000
20
0.000000
30
0.000000
0
VERTEX
8
PLOT
10
359.000000
20
124.500000
30
0.000000
0
VERTEX
8
PLOT
10
377.000000
20
124.500000
30
0.000000
0
VERTEX
8
PLOT
10
377.000000
20
132.500000
30
0.000000
0
VERTEX
8
PLOT
10
359.000000
20
132.500000
30
0.000000
0
SEQEND
8
PLOT
999
URBANOS_PATH f.plot-se-05-00
0
POLYLINE
8
PLOT
66
1
70
1
10
0.000000
20
0.000000
30
0.000000
0
VERTEX
8
PLOT
10
389.000000
20
40.500000
30
0.000000
0
VERTEX
8
PLOT
10
407.000000
20
40.500000
30
0.000000
0
VERTEX
8
PLOT
10
407.000000
20
48.500000
30
0.000000
0
VERTEX
8
PLOT
10
389.000000
20
48.500000
30
0.000000
0
SEQEND
8
PLOT
999
URBANOS_PATH f.plot-se-05-01
0
POLYLINE
8
PLOT
66
1
70
1
10
0.000000
20
0.000000
30
0.000000
0
VERTEX
8
PLOT
10
389.000000
20
48.500000
30
0.000000
0
VERTEX
8
PLOT
10
407.000000
20
48.500000
30
0.000000
0
VERTEX
8
PLOT
10
407.000000
20
56.500000
30
0.000000
0
VERTEX
8
PLOT
10
389.000000
20
56.500000
30
0.000000
0
SEQEND
8
PLOT
999
URBANOS_PATH f.plot-se-05-02
0
POLYLINE
8
PLOT
66
1
70
1
10
0.000000
20
0.000000
30
0.000000
0
VERTEX
8
PLOT
10
389.000000
20
56.500000
30
0.000000
0
VERTEX
8
PLOT
10
407.000000
20
56.500000
30
0.000000
0
VERTEX
8
PLOT
10
407.000000
20
64.500000
30
0.000000
0
VERTEX
8
PLOT
10
389.000000
20
64.500000
30
0.000000
0
SEQEND
8
PLOT
999
URBANOS_PATH f.plot-se-05-03
0
POLYLINE
8
PLOT
66
1
70
1
10
0.000000
20
0.000000
30
0.000000
0
VERTEX
8
PLOT
10
389.000000
20
76.500000
30
0.000000
0
VERTEX
8
PLOT
10
407.000000
20
76.500000
30
0.000000
0
VERTEX
8
PLOT
10
407.000000
20
84.500000
30
0.000000
0
VERTEX
8
PLOT
10
389.000000
20
84.500000
30
0.000000
0
SEQEND
8
PLOT
999
URBANOS_PATH f.plot-se-05-04
0
POLYLINE
8
PLOT
66
1
70
1
10
0.000000
20
0.000000
30
0.000000
0
VERTEX
8
PLOT
10
389.000000
20
84.500000
30
0.000000
0
VERTEX
8
PLOT
10
407.000000
20
84.500000
30
0.000000
0
VERTEX
8
PLOT
10
407.000000
20
92.500000
30
0.000000
0
VERTEX
8
PLOT
10
389.000000
20
92.500000
30
0.000000
0
SEQEND
8
PLOT
999
URBANOS_PATH f.plot-se-05-05
0
POLYLINE
8
PLOT
66
1
70
1
10
0.000000
20
0.000000
30
0.000000
0
VERTEX
8
PLOT
10
389.000000
20
92.500000
30
0.000000
0
VERTEX
8
PLOT
10
407.000000
20
92.500000
30
0.000000
0
VERTEX
8
PLOT
10
407.000000
20
100.500000
30
0.000000
0
VERTEX
8
PLOT
10
389.000000
20
100.500000
30
0.000000
0
SEQEND
8
PLOT
999
URBANOS_PATH f.plot-se-05-06
0
POLYLINE
8
PLOT
66
1
70
1
10
0.000000
20
0.000000
30
0.000000
0
VERTEX
8
PLOT
10
389.000000
20
100.500000
30
0.000000
0
VERTEX
8
PLOT
10
407.000000
20
100.500000
30
0.000000
0
VERTEX
8
PLOT
10
407.000000
20
108.500000
30
0.000000
0
VERTEX
8
PLOT
10
389.000000
20
108.500000
30
0.000000
0
SEQEND
8
PLOT
999
URBANOS_PATH f.plot-se-05-07
0
POLYLINE
8
PLOT
66
1
70
1
10
0.000000
20
0.000000
30
0.000000
0
VERTEX
8
PLOT
10
389.000000
20
108.500000
30
0.000000
0
VERTEX
8
PLOT
10
407.000000
20
108.500000
30
0.000000
0
VERTEX
8
PLOT
10
407.000000
20
116.500000
30
0.000000
0
VERTEX
8
PLOT
10
389.000000
20
116.500000
30
0.000000
0
SEQEND
8
PLOT
999
URBANOS_PATH f.plot-se-05-08
0
POLYLINE
8
PLOT
66
1
70
1
10
0.000000
20
0.000000
30
0.000000
0
VERTEX
8
PLOT
10
389.000000
20
116.500000
30
0.000000
0
VERTEX
8
PLOT
10
407.000000
20
116.500000
30
0.000000
0
VERTEX
8
PLOT
10
407.000000
20
124.500000
30
0.000000
0
VERTEX
8
PLOT
10
389.000000
20
124.500000
30
0.000000
0
SEQEND
8
PLOT
999
URBANOS_PATH f.plot-nw-00-00
0
POLYLINE
8
PLOT
66
1
70
1
10
0.000000
20
0.000000
30
0.000000
0
VERTEX
8
PLOT
10
163.500000
20
288.650000
30
0.000000
0
VERTEX
8
PLOT
10
181.500000
20
288.650000
30
0.000000
0
VERTEX
8
PLOT
10
181.500000
20
296.650000
30
0.000000
0
VERTEX
8
PLOT
10
163.500000
20
296.650000
30
0.000000
0
SEQEND
8
PLOT
999
URBANOS_PATH f.plot-nw-00-01
0
POLYLINE
8
PLOT
66
1
70
1
10
0.000000
20
0.000000
30
0.000000
0
VERTEX
8
PLOT
10
163.500000
20
296.650000
30
0.000000
0
VERTEX
8
PLOT
10
181.500000
20
296.650000
30
0.000000
0
VERTEX
8
PLOT
10
181.500000
20
304.650000
30
0.000000
0
VERTEX
8
PLOT
10
163.500000
20
304.650000
30
0.000000
0
SEQEND
8
PLOT
999
URBANOS_PATH f.plot-nw-00-02
0
POLYLINE
8
PLOT
66
1
70
1
10
0.000000
20
0.000000
30
0.000000
0
VERTEX
8
PLOT
10
163.500000
20
304.650000
30
0.000000
0
VERTEX
8
PLOT
10
181.500000
20
304.650000
30
0.000000
0
VERTEX
8
PLOT
10
181.500000
20
312.650000
30
0.000000
0
VERTEX
8
PLOT
10
163.500000
20
312.650000
30
0.000000
0
SEQEND
8
PLOT
999
URBANOS_PATH f.plot-nw-00-03
0
POLYLINE
8
PLOT
66
1
70
1
10
0.000000
20
0.000000
30
0.000000
0
VERTEX
8
PLOT
10
163.500000
20
312.650000
30
0.000000
0
VERTEX
8
PLOT
10
181.500000
20
312.650000
30
0.000000
0
VERTEX
8
PLOT
10
181.500000
20
320.650000
30
0.000000
0
VERTEX
8
PLOT
10
163.500000
20
320.650000
30
0.000000
0
SEQEND
8
PLOT
999
URBANOS_PATH f.plot-nw-00-04
0
POLYLINE
8
PLOT
66
1
70
1
10
0.000000
20
0.000000
30
0.000000
0
VERTEX
8
PLOT
10
163.500000
20
320.650000
30
0.000000
0
VERTEX
8
PLOT
10
181.500000
20
320.650000
30
0.000000
0
VERTEX
8
PLOT
10
181.500000
20
328.650000
30
0.000000
0
VERTEX
8
PLOT
10
163.500000
20
328.650000
30
0.000000
0
SEQEND
8
PLOT
999
URBANOS_PATH f.plot-nw-00-05
0
POLYLINE
8
PLOT
66
1
70
1
10
0.000000
20
0.000000
30
0.000000
0
VERTEX
8
PLOT
10
163.500000
20
328.650000
30
0.000000
0
VERTEX
8
PLOT
10
181.500000
20
328.650000
30
0.000000
0
VERTEX
8
PLOT
10
181.500000
20
336.650000
30
0.000000
0
VERTEX
8
PLOT
10
163.500000
20
336.650000
30
0.000000
0
SEQEND
8
PLOT
999
URBANOS_PATH f.plot-nw-00-06
0
POLYLINE
8
PLOT
66
1
70
1
10
0.000000
20
0.000000
30
0.000000
0
VERTEX
8
PLOT
10
163.500000
20
348.650000
30
0.000000
0
VERTEX
8
PLOT
10
181.500000
20
348.650000
30
0.000000
0
VERTEX
8
PLOT
10
181.500000
20
356.650000
30
0.000000
0
VERTEX
8
PLOT
10
163.500000
20
356.650000
30
0.000000
0
SEQEND
8
PLOT
999
URBANOS_PATH f.plot-nw-00-07
0
POLYLINE
8
PLOT
66
1
70
1
10
0.000000
20
0.000000
30
0.000000
0
VERTEX
8
PLOT
10
163.500000
20
356.650000
30
0.000000
0
VERTEX
8
PLOT
10
181.500000
20
356.650000
30
0.000000
0
VERTEX
8
PLOT
10
181.500000
20
364.650000
30
0.000000
0
VERTEX
8
PLOT
10
163.500000
20
364.650000
30
0.000000
0
SEQEND
8
PLOT
999
URBANOS_PATH f.plot-nw-00-08
0
POLYLINE
8
PLOT
66
1
70
1
10
0.000000
20
0.000000
30
0.000000
0
VERTEX
8
PLOT
10
163.500000
20
364.650000
30
0.000000
0
VERTEX
8
PLOT
10
181.500000
20
364.650000
30
0.000000
0
VERTEX
8
PLOT
10
181.500000
20
372.650000
30
0.000000
0
VERTEX
8
PLOT
10
163.500000
20
372.650000
30
0.000000
0
SEQEND
8
PLOT
999
URBANOS_PATH f.plot-nw-00-09
0
POLYLINE
8
PLOT
66
1
70
1
10
0.000000
20
0.000000
30
0.000000
0
VERTEX
8
PLOT
10
163.500000
20
372.650000
30
0.000000
0
VERTEX
8
PLOT
10
181.500000
20
372.650000
30
0.000000
0
VERTEX
8
PLOT
10
181.500000
20
380.650000
30
0.000000
0
VERTEX
8
PLOT
10
163.500000
20
380.650000
30
0.000000
0
SEQEND
8
PLOT
999
URBANOS_PATH f.plot-nw-01-00
0
POLYLINE
8
PLOT
66
1
70
1
10
0.000000
20
0.000000
30
0.000000
0
VERTEX
8
PLOT
10
133.500000
20
288.650000
30
0.000000
0
VERTEX
8
PLOT
10
151.500000
20
288.650000
30
0.000000
0
VERTEX
8
PLOT
10
151.500000
20
296.650000
30
0.000000
0
VERTEX
8
PLOT
10
133.500000
20
296.650000
30
0.000000
0
SEQEND
8
PLOT
999
URBANOS_PATH f.plot-nw-01-01
0
POLYLINE
8
PLOT
66
1
70
1
10
0.000000
20
0.000000
30
0.000000
0
VERTEX
8
PLOT
10
133.500000
20
296.650000
30
0.000000
0
VERTEX
8
PLOT
10
151.500000
20
296.650000
30
0.000000
0
VERTEX
8
PLOT
10
151.500000
20
304.650000
30
0.000000
0
VERTEX
8
PLOT
10
133.500000
20
304.650000
30
0.000000
0
SEQEND
8
PLOT
999
URBANOS_PATH f.plot-nw-01-02
0
POLYLINE
8
PLOT
66
1
70
1
10
0.000000
20
0.000000
30
0.000000
0
VERTEX
8
PLOT
10
133.500000
20
304.650000
30
0.000000
0
VERTEX
8
PLOT
10
151.500000
20
304.650000
30
0.000000
0
VERTEX
8
PLOT
10
151.500000
20
312.650000
30
0.000000
0
VERTEX
8
PLOT
10
133.500000
20
312.650000
30
0.000000
0
SEQEND
8
PLOT
999
URBANOS_PATH f.plot-nw-01-03
0
POLYLINE
8
PLOT
66
1
70
1
10
0.000000
20
0.000000
30
0.000000
0
VERTEX
8
PLOT
10
133.500000
20
324.650000
30
0.000000
0
VERTEX
8
PLOT
10
151.500000
20
324.650000
30
0.000000
0
VERTEX
8
PLOT
10
151.500000
20
332.650000
30
0.000000
0
VERTEX
8
PLOT
10
133.500000
20
332.650000
30
0.000000
0
SEQEND
8
PLOT
999
URBANOS_PATH f.plot-nw-01-04
0
POLYLINE
8
PLOT
66
1
70
1
10
0.000000
20
0.000000
30
0.000000
0
VERTEX
8
PLOT
10
133.500000
20
332.650000
30
0.000000
0
VERTEX
8
PLOT
10
151.500000
20
332.650000
30
0.000000
0
VERTEX
8
PLOT
10
151.500000
20
340.650000
30
0.000000
0
VERTEX
8
PLOT
10
133.500000
20
340.650000
30
0.000000
0
SEQEND
8
PLOT
999
URBANOS_PATH f.plot-nw-01-05
0
POLYLINE
8
PLOT
66
1
70
1
10
0.000000
20
0.000000
30
0.000000
0
VERTEX
8
PLOT
10
133.500000
20
340.650000
30
0.000000
0
VERTEX
8
PLOT
10
151.500000
20
340.650000
30
0.000000
0
VERTEX
8
PLOT
10
151.500000
20
348.650000
30
0.000000
0
VERTEX
8
PLOT
10
133.500000
20
348.650000
30
0.000000
0
SEQEND
8
PLOT
999
URBANOS_PATH f.plot-nw-01-06
0
POLYLINE
8
PLOT
66
1
70
1
10
0.000000
20
0.000000
30
0.000000
0
VERTEX
8
PLOT
10
133.500000
20
348.650000
30
0.000000
0
VERTEX
8
PLOT
10
151.500000
20
348.650000
30
0.000000
0
VERTEX
8
PLOT
10
151.500000
20
356.650000
30
0.000000
0
VERTEX
8
PLOT
10
133.500000
20
356.650000
30
0.000000
0
SEQEND
8
PLOT
999
URBANOS_PATH f.plot-nw-01-07
0
POLYLINE
8
PLOT
66
1
70
1
10
0.000000
20
0.000000
30
0.000000
0
VERTEX
8
PLOT
10
133.500000
20
356.650000
30
0.000000
0
VERTEX
8
PLOT
10
151.500000
20
356.650000
30
0.000000
0
VERTEX
8
PLOT
10
151.500000
20
364.650000
30
0.000000
0
VERTEX
8
PLOT
10
133.500000
20
364.650000
30
0.000000
0
SEQEND
8
PLOT
999
URBANOS_PATH f.plot-nw-01-08
0
POLYLINE
8
PLOT
66
1
70
1
10
0.000000
20
0.000000
30
0.000000
0
VERTEX
8
PLOT
10
133.500000
20
364.650000
30
0.000000
0
VERTEX
8
PLOT
10
151.500000
20
364.650000
30
0.000000
0
VERTEX
8
PLOT
10
151.500000
20
372.650000
30
0.000000
0
VERTEX
8
PLOT
10
133.500000
20
372.650000
30
0.000000
0
SEQEND
8
PLOT
999
URBANOS_PATH f.plot-nw-02-00
0
POLYLINE
8
PLOT
66
1
70
1
10
0.000000
20
0.000000
30
0.000000
0
VERTEX
8
PLOT
10
115.500000
20
288.650000
30
0.000000
0
VERTEX
8
PLOT
10
133.500000
20
288.650000
30
0.000000
0
VERTEX
8
PLOT
10
133.500000
20
296.650000
30
0.000000
0
VERTEX
8
PLOT
10
115.500000
20
296.650000
30
0.000000
0
SEQEND
8
PLOT
999
URBANOS_PATH f.plot-nw-02-01
0
POLYLINE
8
PLOT
66
1
70
1
10
0.000000
20
0.000000
30
0.000000
0
VERTEX
8
PLOT
10
115.500000
20
296.650000
30
0.000000
0
VERTEX
8
PLOT
10
133.500000
20
296.650000
30
0.000000
0
VERTEX
8
PLOT
10
133.500000
20
304.650000
30
0.000000
0
VERTEX
8
PLOT
10
115.500000
20
304.650000
30
0.000000
0
SEQEND
8
PLOT
999
URBANOS_PATH f.plot-nw-02-02
0
POLYLINE
8
PLOT
66
1
70
1
10
0.000000
20
0.000000
30
0.000000
0
VERTEX
8
PLOT
10
115.500000
20
304.650000
30
0.000000
0
VERTEX
8
PLOT
10
133.500000
20
304.650000
30
0.000000
0
VERTEX
8
PLOT
10
133.500000
20
312.650000
30
0.000000
0
VERTEX
8
PLOT
10
115.500000
20
312.650000
30
0.000000
0
SEQEND
8
PLOT
999
URBANOS_PATH f.plot-nw-02-03
0
POLYLINE
8
PLOT
66
1
70
1
10
0.000000
20
0.000000
30
0.000000
0
VERTEX
8
PLOT
10
115.500000
20
312.650000
30
0.000000
0
VERTEX
8
PLOT
10
133.500000
20
312.650000
30
0.000000
0
VERTEX
8
PLOT
10
133.500000
20
320.650000
30
0.000000
0
VERTEX
8
PLOT
10
115.500000
20
320.650000
30
0.000000
0
SEQEND
8
PLOT
999
URBANOS_PATH f.plot-nw-02-04
0
POLYLINE
8
PLOT
66
1
70
1
10
0.000000
20
0.000000
30
0.000000
0
VERTEX
8
PLOT
10
115.500000
20
320.650000
30
0.000000
0
VERTEX
8
PLOT
10
133.500000
20
320.650000
30
0.000000
0
VERTEX
8
PLOT
10
133.500000
20
328.650000
30
0.000000
0
VERTEX
8
PLOT
10
115.500000
20
328.650000
30
0.000000
0
SEQEND
8
PLOT
999
URBANOS_PATH f.plot-nw-02-05
0
POLYLINE
8
PLOT
66
1
70
1
10
0.000000
20
0.000000
30
0.000000
0
VERTEX
8
PLOT
10
115.500000
20
328.650000
30
0.000000
0
VERTEX
8
PLOT
10
133.500000
20
328.650000
30
0.000000
0
VERTEX
8
PLOT
10
133.500000
20
336.650000
30
0.000000
0
VERTEX
8
PLOT
10
115.500000
20
336.650000
30
0.000000
0
SEQEND
8
PLOT
999
URBANOS_PATH f.plot-nw-02-06
0
POLYLINE
8
PLOT
66
1
70
1
10
0.000000
20
0.000000
30
0.000000
0
VERTEX
8
PLOT
10
115.500000
20
348.650000
30
0.000000
0
VERTEX
8
PLOT
10
133.500000
20
348.650000
30
0.000000
0
VERTEX
8
PLOT
10
133.500000
20
356.650000
30
0.000000
0
VERTEX
8
PLOT
10
115.500000
20
356.650000
30
0.000000
0
SEQEND
8
PLOT
999
URBANOS_PATH f.plot-nw-02-07
0
POLYLINE
8
PLOT
66
1
70
1
10
0.000000
20
0.000000
30
0.000000
0
VERTEX
8
PLOT
10
115.500000
20
356.650000
30
0.000000
0
VERTEX
8
PLOT
10
133.500000
20
356.650000
30
0.000000
0
VERTEX
8
PLOT
10
133.500000
20
364.650000
30
0.000000
0
VERTEX
8
PLOT
10
115.500000
20
364.650000
30
0.000000
0
SEQEND
8
PLOT
999
URBANOS_PATH f.plot-nw-02-08
0
POLYLINE
8
PLOT
66
1
70
1
10
0.000000
20
0.000000
30
0.000000
0
VERTEX
8
PLOT
10
115.500000
20
364.650000
30
0.000000
0
VERTEX
8
PLOT
10
133.500000
20
364.650000
30
0.000000
0
VERTEX
8
PLOT
10
133.500000
20
372.650000
30
0.000000
0
VERTEX
8
PLOT
10
115.500000
20
372.650000
30
0.000000
0
SEQEND
8
PLOT
999
URBANOS_PATH f.plot-nw-02-09
0
POLYLINE
8
PLOT
66
1
70
1
10
0.000000
20
0.000000
30
0.000000
0
VERTEX
8
PLOT
10
115.500000
20
372.650000
30
0.000000
0
VERTEX
8
PLOT
10
133.500000
20
372.650000
30
0.000000
0
VERTEX
8
PLOT
10
133.500000
20
380.650000
30
0.000000
0
VERTEX
8
PLOT
10
115.500000
20
380.650000
30
0.000000
0
SEQEND
8
PLOT
999
URBANOS_PATH f.plot-nw-03-00
0
POLYLINE
8
PLOT
66
1
70
1
10
0.000000
20
0.000000
30
0.000000
0
VERTEX
8
PLOT
10
85.500000
20
288.650000
30
0.000000
0
VERTEX
8
PLOT
10
103.500000
20
288.650000
30
0.000000
0
VERTEX
8
PLOT
10
103.500000
20
296.650000
30
0.000000
0
VERTEX
8
PLOT
10
85.500000
20
296.650000
30
0.000000
0
SEQEND
8
PLOT
999
URBANOS_PATH f.plot-nw-03-01
0
POLYLINE
8
PLOT
66
1
70
1
10
0.000000
20
0.000000
30
0.000000
0
VERTEX
8
PLOT
10
85.500000
20
296.650000
30
0.000000
0
VERTEX
8
PLOT
10
103.500000
20
296.650000
30
0.000000
0
VERTEX
8
PLOT
10
103.500000
20
304.650000
30
0.000000
0
VERTEX
8
PLOT
10
85.500000
20
304.650000
30
0.000000
0
SEQEND
8
PLOT
999
URBANOS_PATH f.plot-nw-03-02
0
POLYLINE
8
PLOT
66
1
70
1
10
0.000000
20
0.000000
30
0.000000
0
VERTEX
8
PLOT
10
85.500000
20
304.650000
30
0.000000
0
VERTEX
8
PLOT
10
103.500000
20
304.650000
30
0.000000
0
VERTEX
8
PLOT
10
103.500000
20
312.650000
30
0.000000
0
VERTEX
8
PLOT
10
85.500000
20
312.650000
30
0.000000
0
SEQEND
8
PLOT
999
URBANOS_PATH f.plot-nw-03-03
0
POLYLINE
8
PLOT
66
1
70
1
10
0.000000
20
0.000000
30
0.000000
0
VERTEX
8
PLOT
10
85.500000
20
324.650000
30
0.000000
0
VERTEX
8
PLOT
10
103.500000
20
324.650000
30
0.000000
0
VERTEX
8
PLOT
10
103.500000
20
332.650000
30
0.000000
0
VERTEX
8
PLOT
10
85.500000
20
332.650000
30
0.000000
0
SEQEND
8
PLOT
999
URBANOS_PATH f.plot-nw-03-04
0
POLYLINE
8
PLOT
66
1
70
1
10
0.000000
20
0.000000
30
0.000000
0
VERTEX
8
PLOT
10
85.500000
20
332.650000
30
0.000000
0
VERTEX
8
PLOT
10
103.500000
20
332.650000
30
0.000000
0
VERTEX
8
PLOT
10
103.500000
20
340.650000
30
0.000000
0
VERTEX
8
PLOT
10
85.500000
20
340.650000
30
0.000000
0
SEQEND
8
PLOT
999
URBANOS_PATH f.plot-nw-03-05
0
POLYLINE
8
PLOT
66
1
70
1
10
0.000000
20
0.000000
30
0.000000
0
VERTEX
8
PLOT
10
85.500000
20
340.650000
30
0.000000
0
VERTEX
8
PLOT
10
103.500000
20
340.650000
30
0.000000
0
VERTEX
8
PLOT
10
103.500000
20
348.650000
30
0.000000
0
VERTEX
8
PLOT
10
85.500000
20
348.650000
30
0.000000
0
SEQEND
8
PLOT
999
URBANOS_PATH f.plot-nw-03-06
0
POLYLINE
8
PLOT
66
1
70
1
10
0.000000
20
0.000000
30
0.000000
0
VERTEX
8
PLOT
10
85.500000
20
348.650000
30
0.000000
0
VERTEX
8
PLOT
10
103.500000
20
348.650000
30
0.000000
0
VERTEX
8
PLOT
10
103.500000
20
356.650000
30
0.000000
0
VERTEX
8
PLOT
10
85.500000
20
356.650000
30
0.000000
0
SEQEND
8
PLOT
999
URBANOS_PATH f.plot-nw-03-07
0
POLYLINE
8
PLOT
66
1
70
1
10
0.000000
20
0.000000
30
0.000000
0
VERTEX
8
PLOT
10
85.500000
20
356.650000
30
0.000000
0
VERTEX
8
PLOT
10
103.500000
20
356.650000
30
0.000000
0
VERTEX
8
PLOT
10
103.500000
20
364.650000
30
0.000000
0
VERTEX
8
PLOT
10
85.500000
20
364.650000
30
0.000000
0
SEQEND
8
PLOT
999
URBANOS_PATH f.plot-nw-03-08
0
POLYLINE
8
PLOT
66
1
70
1
10
0.000000
20
0.000000
30
0.000000
0
VERTEX
8
PLOT
10
85.500000
20
364.650000
30
0.000000
0
VERTEX
8
PLOT
10
103.500000
20
364.650000
30
0.000000
0
VERTEX
8
PLOT
10
103.500000
20
372.650000
30
0.000000
0
VERTEX
8
PLOT
10
85.500000
20
372.650000
30
0.000000
0
SEQEND
8
PLOT
999
URBANOS_PATH f.plot-nw-04-00
0
POLYLINE
8
PLOT
66
1
70
1
10
0.000000
20
0.000000
30
0.000000
0
VERTEX
8
PLOT
10
67.500000
20
288.650000
30
0.000000
0
VERTEX
8
PLOT
10
85.500000
20
288.650000
30
0.000000
0
VERTEX
8
PLOT
10
85.500000
20
296.650000
30
0.000000
0
VERTEX
8
PLOT
10
67.500000
20
296.650000
30
0.000000
0
SEQEND
8
PLOT
999
URBANOS_PATH f.plot-nw-04-01
0
POLYLINE
8
PLOT
66
1
70
1
10
0.000000
20
0.000000
30
0.000000
0
VERTEX
8
PLOT
10
67.500000
20
296.650000
30
0.000000
0
VERTEX
8
PLOT
10
85.500000
20
296.650000
30
0.000000
0
VERTEX
8
PLOT
10
85.500000
20
304.650000
30
0.000000
0
VERTEX
8
PLOT
10
67.500000
20
304.650000
30
0.000000
0
SEQEND
8
PLOT
999
URBANOS_PATH f.plot-nw-04-02
0
POLYLINE
8
PLOT
66
1
70
1
10
0.000000
20
0.000000
30
0.000000
0
VERTEX
8
PLOT
10
67.500000
20
304.650000
30
0.000000
0
VERTEX
8
PLOT
10
85.500000
20
304.650000
30
0.000000
0
VERTEX
8
PLOT
10
85.500000
20
312.650000
30
0.000000
0
VERTEX
8
PLOT
10
67.500000
20
312.650000
30
0.000000
0
SEQEND
8
PLOT
999
URBANOS_PATH f.plot-nw-04-03
0
POLYLINE
8
PLOT
66
1
70
1
10
0.000000
20
0.000000
30
0.000000
0
VERTEX
8
PLOT
10
67.500000
20
312.650000
30
0.000000
0
VERTEX
8
PLOT
10
85.500000
20
312.650000
30
0.000000
0
VERTEX
8
PLOT
10
85.500000
20
320.650000
30
0.000000
0
VERTEX
8
PLOT
10
67.500000
20
320.650000
30
0.000000
0
SEQEND
8
PLOT
999
URBANOS_PATH f.plot-nw-04-04
0
POLYLINE
8
PLOT
66
1
70
1
10
0.000000
20
0.000000
30
0.000000
0
VERTEX
8
PLOT
10
67.500000
20
320.650000
30
0.000000
0
VERTEX
8
PLOT
10
85.500000
20
320.650000
30
0.000000
0
VERTEX
8
PLOT
10
85.500000
20
328.650000
30
0.000000
0
VERTEX
8
PLOT
10
67.500000
20
328.650000
30
0.000000
0
SEQEND
8
PLOT
999
URBANOS_PATH f.plot-nw-04-05
0
POLYLINE
8
PLOT
66
1
70
1
10
0.000000
20
0.000000
30
0.000000
0
VERTEX
8
PLOT
10
67.500000
20
328.650000
30
0.000000
0
VERTEX
8
PLOT
10
85.500000
20
328.650000
30
0.000000
0
VERTEX
8
PLOT
10
85.500000
20
336.650000
30
0.000000
0
VERTEX
8
PLOT
10
67.500000
20
336.650000
30
0.000000
0
SEQEND
8
PLOT
999
URBANOS_PATH f.plot-nw-04-06
0
POLYLINE
8
PLOT
66
1
70
1
10
0.000000
20
0.000000
30
0.000000
0
VERTEX
8
PLOT
10
67.500000
20
348.650000
30
0.000000
0
VERTEX
8
PLOT
10
85.500000
20
348.650000
30
0.000000
0
VERTEX
8
PLOT
10
85.500000
20
356.650000
30
0.000000
0
VERTEX
8
PLOT
10
67.500000
20
356.650000
30
0.000000
0
SEQEND
8
PLOT
999
URBANOS_PATH f.plot-nw-04-07
0
POLYLINE
8
PLOT
66
1
70
1
10
0.000000
20
0.000000
30
0.000000
0
VERTEX
8
PLOT
10
67.500000
20
356.650000
30
0.000000
0
VERTEX
8
PLOT
10
85.500000
20
356.650000
30
0.000000
0
VERTEX
8
PLOT
10
85.500000
20
364.650000
30
0.000000
0
VERTEX
8
PLOT
10
67.500000
20
364.650000
30
0.000000
0
SEQEND
8
PLOT
999
URBANOS_PATH f.plot-nw-04-08
0
POLYLINE
8
PLOT
66
1
70
1
10
0.000000
20
0.000000
30
0.000000
0
VERTEX
8
PLOT
10
67.500000
20
364.650000
30
0.000000
0
VERTEX
8
PLOT
10
85.500000
20
364.650000
30
0.000000
0
VERTEX
8
PLOT
10
85.500000
20
372.650000
30
0.000000
0
VERTEX
8
PLOT
10
67.500000
20
372.650000
30
0.000000
0
SEQEND
8
PLOT
999
URBANOS_PATH f.plot-nw-04-09
0
POLYLINE
8
PLOT
66
1
70
1
10
0.000000
20
0.000000
30
0.000000
0
VERTEX
8
PLOT
10
67.500000
20
372.650000
30
0.000000
0
VERTEX
8
PLOT
10
85.500000
20
372.650000
30
0.000000
0
VERTEX
8
PLOT
10
85.500000
20
380.650000
30
0.000000
0
VERTEX
8
PLOT
10
67.500000
20
380.650000
30
0.000000
0
SEQEND
8
PLOT
999
URBANOS_PATH f.plot-nw-05-00
0
POLYLINE
8
PLOT
66
1
70
1
10
0.000000
20
0.000000
30
0.000000
0
VERTEX
8
PLOT
10
37.500000
20
288.650000
30
0.000000
0
VERTEX
8
PLOT
10
55.500000
20
288.650000
30
0.000000
0
VERTEX
8
PLOT
10
55.500000
20
296.650000
30
0.000000
0
VERTEX
8
PLOT
10
37.500000
20
296.650000
30
0.000000
0
SEQEND
8
PLOT
999
URBANOS_PATH f.plot-nw-05-01
0
POLYLINE
8
PLOT
66
1
70
1
10
0.000000
20
0.000000
30
0.000000
0
VERTEX
8
PLOT
10
37.500000
20
296.650000
30
0.000000
0
VERTEX
8
PLOT
10
55.500000
20
296.650000
30
0.000000
0
VERTEX
8
PLOT
10
55.500000
20
304.650000
30
0.000000
0
VERTEX
8
PLOT
10
37.500000
20
304.650000
30
0.000000
0
SEQEND
8
PLOT
999
URBANOS_PATH f.plot-nw-05-02
0
POLYLINE
8
PLOT
66
1
70
1
10
0.000000
20
0.000000
30
0.000000
0
VERTEX
8
PLOT
10
37.500000
20
304.650000
30
0.000000
0
VERTEX
8
PLOT
10
55.500000
20
304.650000
30
0.000000
0
VERTEX
8
PLOT
10
55.500000
20
312.650000
30
0.000000
0
VERTEX
8
PLOT
10
37.500000
20
312.650000
30
0.000000
0
SEQEND
8
PLOT
999
URBANOS_PATH f.plot-nw-05-03
0
POLYLINE
8
PLOT
66
1
70
1
10
0.000000
20
0.000000
30
0.000000
0
VERTEX
8
PLOT
10
37.500000
20
324.650000
30
0.000000
0
VERTEX
8
PLOT
10
55.500000
20
324.650000
30
0.000000
0
VERTEX
8
PLOT
10
55.500000
20
332.650000
30
0.000000
0
VERTEX
8
PLOT
10
37.500000
20
332.650000
30
0.000000
0
SEQEND
8
PLOT
999
URBANOS_PATH f.plot-nw-05-04
0
POLYLINE
8
PLOT
66
1
70
1
10
0.000000
20
0.000000
30
0.000000
0
VERTEX
8
PLOT
10
37.500000
20
332.650000
30
0.000000
0
VERTEX
8
PLOT
10
55.500000
20
332.650000
30
0.000000
0
VERTEX
8
PLOT
10
55.500000
20
340.650000
30
0.000000
0
VERTEX
8
PLOT
10
37.500000
20
340.650000
30
0.000000
0
SEQEND
8
PLOT
999
URBANOS_PATH f.plot-nw-05-05
0
POLYLINE
8
PLOT
66
1
70
1
10
0.000000
20
0.000000
30
0.000000
0
VERTEX
8
PLOT
10
37.500000
20
340.650000
30
0.000000
0
VERTEX
8
PLOT
10
55.500000
20
340.650000
30
0.000000
0
VERTEX
8
PLOT
10
55.500000
20
348.650000
30
0.000000
0
VERTEX
8
PLOT
10
37.500000
20
348.650000
30
0.000000
0
SEQEND
8
PLOT
999
URBANOS_PATH f.plot-nw-05-06
0
POLYLINE
8
PLOT
66
1
70
1
10
0.000000
20
0.000000
30
0.000000
0
VERTEX
8
PLOT
10
37.500000
20
348.650000
30
0.000000
0
VERTEX
8
PLOT
10
55.500000
20
348.650000
30
0.000000
0
VERTEX
8
PLOT
10
55.500000
20
356.650000
30
0.000000
0
VERTEX
8
PLOT
10
37.500000
20
356.650000
30
0.000000
0
SEQEND
8
PLOT
999
URBANOS_PATH f.plot-nw-05-07
0
POLYLINE
8
PLOT
66
1
70
1
10
0.000000
20
0.000000
30
0.000000
0
VERTEX
8
PLOT
10
37.500000
20
356.650000
30
0.000000
0
VERTEX
8
PLOT
10
55.500000
20
356.650000
30
0.000000
0
VERTEX
8
PLOT
10
55.500000
20
364.650000
30
0.000000
0
VERTEX
8
PLOT
10
37.500000
20
364.650000
30
0.000000
0
SEQEND
8
PLOT
999
URBANOS_PATH f.plot-nw-05-08
0
POLYLINE
8
PLOT
66
1
70
1
10
0.000000
20
0.000000
30
0.000000
0
VERTEX
8
PLOT
10
37.500000
20
364.650000
30
0.000000
0
VERTEX
8
PLOT
10
55.500000
20
364.650000
30
0.000000
0
VERTEX
8
PLOT
10
55.500000
20
372.650000
30
0.000000
0
VERTEX
8
PLOT
10
37.500000
20
372.650000
30
0.000000
0
SEQEND
8
PLOT
999
URBANOS_PATH f.plot-ne-00-00
0
POLYLINE
8
PLOT
66
1
70
1
10
0.000000
20
0.000000
30
0.000000
0
VERTEX
8
PLOT
10
263.000000
20
288.650000
30
0.000000
0
VERTEX
8
PLOT
10
271.000000
20
288.650000
30
0.000000
0
VERTEX
8
PLOT
10
271.000000
20
306.650000
30
0.000000
0
VERTEX
8
PLOT
10
263.000000
20
306.650000
30
0.000000
0
SEQEND
8
PLOT
999
URBANOS_PATH f.plot-ne-00-01
0
POLYLINE
8
PLOT
66
1
70
1
10
0.000000
20
0.000000
30
0.000000
0
VERTEX
8
PLOT
10
271.000000
20
288.650000
30
0.000000
0
VERTEX
8
PLOT
10
279.000000
20
288.650000
30
0.000000
0
VERTEX
8
PLOT
10
279.000000
20
306.650000
30
0.000000
0
VERTEX
8
PLOT
10
271.000000
20
306.650000
30
0.000000
0
SEQEND
8
PLOT
999
URBANOS_PATH f.plot-ne-00-02
0
POLYLINE
8
PLOT
66
1
70
1
10
0.000000
20
0.000000
30
0.000000
0
VERTEX
8
PLOT
10
279.000000
20
288.650000
30
0.000000
0
VERTEX
8
PLOT
10
287.000000
20
288.650000
30
0.000000
0
VERTEX
8
PLOT
10
287.000000
20
306.650000
30
0.000000
0
VERTEX
8
PLOT
10
279.000000
20
306.650000
30
0.000000
0
SEQEND
8
PLOT
999
URBANOS_PATH f.plot-ne-00-03
0
POLYLINE
8
PLOT
66
1
70
1
10
0.000000
20
0.000000
30
0.000000
0
VERTEX
8
PLOT
10
287.000000
20
288.650000
30
0.000000
0
VERTEX
8
PLOT
10
295.000000
20
288.650000
30
0.000000
0
VERTEX
8
PLOT
10
295.000000
20
306.650000
30
0.000000
0
VERTEX
8
PLOT
10
287.000000
20
306.650000
30
0.000000
0
SEQEND
8
PLOT
999
URBANOS_PATH f.plot-ne-00-04
0
POLYLINE
8
PLOT
66
1
70
1
10
0.000000
20
0.000000
30
0.000000
0
VERTEX
8
PLOT
10
295.000000
20
288.650000
30
0.000000
0
VERTEX
8
PLOT
10
303.000000
20
288.650000
30
0.000000
0
VERTEX
8
PLOT
10
303.000000
20
306.650000
30
0.000000
0
VERTEX
8
PLOT
10
295.000000
20
306.650000
30
0.000000
0
SEQEND
8
PLOT
999
URBANOS_PATH f.plot-ne-00-05
0
POLYLINE
8
PLOT
66
1
70
1
10
0.000000
20
0.000000
30
0.000000
0
VERTEX
8
PLOT
10
303.000000
20
288.650000
30
0.000000
0
VERTEX
8
PLOT
10
311.000000
20
288.650000
30
0.000000
0
VERTEX
8
PLOT
10
311.000000
20
306.650000
30
0.000000
0
VERTEX
8
PLOT
10
303.000000
20
306.650000
30
0.000000
0
SEQEND
8
PLOT
999
URBANOS_PATH f.plot-ne-00-06
0
POLYLINE
8
PLOT
66
1
70
1
10
0.000000
20
0.000000
30
0.000000
0
VERTEX
8
PLOT
10
323.000000
20
288.650000
30
0.000000
0
VERTEX
8
PLOT
10
331.000000
20
288.650000
30
0.000000
0
VERTEX
8
PLOT
10
331.000000
20
306.650000
30
0.000000
0
VERTEX
8
PLOT
10
323.000000
20
306.650000
30
0.000000
0
SEQEND
8
PLOT
999
URBANOS_PATH f.plot-ne-00-07
0
POLYLINE
8
PLOT
66
1
70
1
10
0.000000
20
0.000000
30
0.000000
0
VERTEX
8
PLOT
10
331.000000
20
288.650000
30
0.000000
0
VERTEX
8
PLOT
10
339.000000
20
288.650000
30
0.000000
0
VERTEX
8
PLOT
10
339.000000
20
306.650000
30
0.000000
0
VERTEX
8
PLOT
10
331.000000
20
306.650000
30
0.000000
0
SEQEND
8
PLOT
999
URBANOS_PATH f.plot-ne-00-08
0
POLYLINE
8
PLOT
66
1
70
1
10
0.000000
20
0.000000
30
0.000000
0
VERTEX
8
PLOT
10
339.000000
20
288.650000
30
0.000000
0
VERTEX
8
PLOT
10
347.000000
20
288.650000
30
0.000000
0
VERTEX
8
PLOT
10
347.000000
20
306.650000
30
0.000000
0
VERTEX
8
PLOT
10
339.000000
20
306.650000
30
0.000000
0
SEQEND
8
PLOT
999
URBANOS_PATH f.plot-ne-00-09
0
POLYLINE
8
PLOT
66
1
70
1
10
0.000000
20
0.000000
30
0.000000
0
VERTEX
8
PLOT
10
347.000000
20
288.650000
30
0.000000
0
VERTEX
8
PLOT
10
355.000000
20
288.650000
30
0.000000
0
VERTEX
8
PLOT
10
355.000000
20
306.650000
30
0.000000
0
VERTEX
8
PLOT
10
347.000000
20
306.650000
30
0.000000
0
SEQEND
8
PLOT
999
URBANOS_PATH f.plot-ne-00-10
0
POLYLINE
8
PLOT
66
1
70
1
10
0.000000
20
0.000000
30
0.000000
0
VERTEX
8
PLOT
10
355.000000
20
288.650000
30
0.000000
0
VERTEX
8
PLOT
10
363.000000
20
288.650000
30
0.000000
0
VERTEX
8
PLOT
10
363.000000
20
306.650000
30
0.000000
0
VERTEX
8
PLOT
10
355.000000
20
306.650000
30
0.000000
0
SEQEND
8
PLOT
999
URBANOS_PATH f.plot-ne-00-11
0
POLYLINE
8
PLOT
66
1
70
1
10
0.000000
20
0.000000
30
0.000000
0
VERTEX
8
PLOT
10
363.000000
20
288.650000
30
0.000000
0
VERTEX
8
PLOT
10
371.000000
20
288.650000
30
0.000000
0
VERTEX
8
PLOT
10
371.000000
20
306.650000
30
0.000000
0
VERTEX
8
PLOT
10
363.000000
20
306.650000
30
0.000000
0
SEQEND
8
PLOT
999
URBANOS_PATH f.plot-ne-00-12
0
POLYLINE
8
PLOT
66
1
70
1
10
0.000000
20
0.000000
30
0.000000
0
VERTEX
8
PLOT
10
383.000000
20
288.650000
30
0.000000
0
VERTEX
8
PLOT
10
391.000000
20
288.650000
30
0.000000
0
VERTEX
8
PLOT
10
391.000000
20
306.650000
30
0.000000
0
VERTEX
8
PLOT
10
383.000000
20
306.650000
30
0.000000
0
SEQEND
8
PLOT
999
URBANOS_PATH f.plot-ne-00-13
0
POLYLINE
8
PLOT
66
1
70
1
10
0.000000
20
0.000000
30
0.000000
0
VERTEX
8
PLOT
10
391.000000
20
288.650000
30
0.000000
0
VERTEX
8
PLOT
10
399.000000
20
288.650000
30
0.000000
0
VERTEX
8
PLOT
10
399.000000
20
306.650000
30
0.000000
0
VERTEX
8
PLOT
10
391.000000
20
306.650000
30
0.000000
0
SEQEND
8
PLOT
999
URBANOS_PATH f.plot-ne-01-00
0
POLYLINE
8
PLOT
66
1
70
1
10
0.000000
20
0.000000
30
0.000000
0
VERTEX
8
PLOT
10
263.000000
20
318.650000
30
0.000000
0
VERTEX
8
PLOT
10
271.000000
20
318.650000
30
0.000000
0
VERTEX
8
PLOT
10
271.000000
20
336.650000
30
0.000000
0
VERTEX
8
PLOT
10
263.000000
20
336.650000
30
0.000000
0
SEQEND
8
PLOT
999
URBANOS_PATH f.plot-ne-01-01
0
POLYLINE
8
PLOT
66
1
70
1
10
0.000000
20
0.000000
30
0.000000
0
VERTEX
8
PLOT
10
271.000000
20
318.650000
30
0.000000
0
VERTEX
8
PLOT
10
279.000000
20
318.650000
30
0.000000
0
VERTEX
8
PLOT
10
279.000000
20
336.650000
30
0.000000
0
VERTEX
8
PLOT
10
271.000000
20
336.650000
30
0.000000
0
SEQEND
8
PLOT
999
URBANOS_PATH f.plot-ne-01-02
0
POLYLINE
8
PLOT
66
1
70
1
10
0.000000
20
0.000000
30
0.000000
0
VERTEX
8
PLOT
10
279.000000
20
318.650000
30
0.000000
0
VERTEX
8
PLOT
10
287.000000
20
318.650000
30
0.000000
0
VERTEX
8
PLOT
10
287.000000
20
336.650000
30
0.000000
0
VERTEX
8
PLOT
10
279.000000
20
336.650000
30
0.000000
0
SEQEND
8
PLOT
999
URBANOS_PATH f.plot-ne-01-03
0
POLYLINE
8
PLOT
66
1
70
1
10
0.000000
20
0.000000
30
0.000000
0
VERTEX
8
PLOT
10
299.000000
20
318.650000
30
0.000000
0
VERTEX
8
PLOT
10
307.000000
20
318.650000
30
0.000000
0
VERTEX
8
PLOT
10
307.000000
20
336.650000
30
0.000000
0
VERTEX
8
PLOT
10
299.000000
20
336.650000
30
0.000000
0
SEQEND
8
PLOT
999
URBANOS_PATH f.plot-ne-01-04
0
POLYLINE
8
PLOT
66
1
70
1
10
0.000000
20
0.000000
30
0.000000
0
VERTEX
8
PLOT
10
307.000000
20
318.650000
30
0.000000
0
VERTEX
8
PLOT
10
315.000000
20
318.650000
30
0.000000
0
VERTEX
8
PLOT
10
315.000000
20
336.650000
30
0.000000
0
VERTEX
8
PLOT
10
307.000000
20
336.650000
30
0.000000
0
SEQEND
8
PLOT
999
URBANOS_PATH f.plot-ne-01-05
0
POLYLINE
8
PLOT
66
1
70
1
10
0.000000
20
0.000000
30
0.000000
0
VERTEX
8
PLOT
10
315.000000
20
318.650000
30
0.000000
0
VERTEX
8
PLOT
10
323.000000
20
318.650000
30
0.000000
0
VERTEX
8
PLOT
10
323.000000
20
336.650000
30
0.000000
0
VERTEX
8
PLOT
10
315.000000
20
336.650000
30
0.000000
0
SEQEND
8
PLOT
999
URBANOS_PATH f.plot-ne-01-06
0
POLYLINE
8
PLOT
66
1
70
1
10
0.000000
20
0.000000
30
0.000000
0
VERTEX
8
PLOT
10
323.000000
20
318.650000
30
0.000000
0
VERTEX
8
PLOT
10
331.000000
20
318.650000
30
0.000000
0
VERTEX
8
PLOT
10
331.000000
20
336.650000
30
0.000000
0
VERTEX
8
PLOT
10
323.000000
20
336.650000
30
0.000000
0
SEQEND
8
PLOT
999
URBANOS_PATH f.plot-ne-01-07
0
POLYLINE
8
PLOT
66
1
70
1
10
0.000000
20
0.000000
30
0.000000
0
VERTEX
8
PLOT
10
331.000000
20
318.650000
30
0.000000
0
VERTEX
8
PLOT
10
339.000000
20
318.650000
30
0.000000
0
VERTEX
8
PLOT
10
339.000000
20
336.650000
30
0.000000
0
VERTEX
8
PLOT
10
331.000000
20
336.650000
30
0.000000
0
SEQEND
8
PLOT
999
URBANOS_PATH f.plot-ne-01-08
0
POLYLINE
8
PLOT
66
1
70
1
10
0.000000
20
0.000000
30
0.000000
0
VERTEX
8
PLOT
10
339.000000
20
318.650000
30
0.000000
0
VERTEX
8
PLOT
10
347.000000
20
318.650000
30
0.000000
0
VERTEX
8
PLOT
10
347.000000
20
336.650000
30
0.000000
0
VERTEX
8
PLOT
10
339.000000
20
336.650000
30
0.000000
0
SEQEND
8
PLOT
999
URBANOS_PATH f.plot-ne-01-09
0
POLYLINE
8
PLOT
66
1
70
1
10
0.000000
20
0.000000
30
0.000000
0
VERTEX
8
PLOT
10
359.000000
20
318.650000
30
0.000000
0
VERTEX
8
PLOT
10
367.000000
20
318.650000
30
0.000000
0
VERTEX
8
PLOT
10
367.000000
20
336.650000
30
0.000000
0
VERTEX
8
PLOT
10
359.000000
20
336.650000
30
0.000000
0
SEQEND
8
PLOT
999
URBANOS_PATH f.plot-ne-01-10
0
POLYLINE
8
PLOT
66
1
70
1
10
0.000000
20
0.000000
30
0.000000
0
VERTEX
8
PLOT
10
367.000000
20
318.650000
30
0.000000
0
VERTEX
8
PLOT
10
375.000000
20
318.650000
30
0.000000
0
VERTEX
8
PLOT
10
375.000000
20
336.650000
30
0.000000
0
VERTEX
8
PLOT
10
367.000000
20
336.650000
30
0.000000
0
SEQEND
8
PLOT
999
URBANOS_PATH f.plot-ne-01-11
0
POLYLINE
8
PLOT
66
1
70
1
10
0.000000
20
0.000000
30
0.000000
0
VERTEX
8
PLOT
10
375.000000
20
318.650000
30
0.000000
0
VERTEX
8
PLOT
10
383.000000
20
318.650000
30
0.000000
0
VERTEX
8
PLOT
10
383.000000
20
336.650000
30
0.000000
0
VERTEX
8
PLOT
10
375.000000
20
336.650000
30
0.000000
0
SEQEND
8
PLOT
999
URBANOS_PATH f.plot-ne-01-12
0
POLYLINE
8
PLOT
66
1
70
1
10
0.000000
20
0.000000
30
0.000000
0
VERTEX
8
PLOT
10
383.000000
20
318.650000
30
0.000000
0
VERTEX
8
PLOT
10
391.000000
20
318.650000
30
0.000000
0
VERTEX
8
PLOT
10
391.000000
20
336.650000
30
0.000000
0
VERTEX
8
PLOT
10
383.000000
20
336.650000
30
0.000000
0
SEQEND
8
PLOT
999
URBANOS_PATH f.plot-ne-01-13
0
POLYLINE
8
PLOT
66
1
70
1
10
0.000000
20
0.000000
30
0.000000
0
VERTEX
8
PLOT
10
391.000000
20
318.650000
30
0.000000
0
VERTEX
8
PLOT
10
399.000000
20
318.650000
30
0.000000
0
VERTEX
8
PLOT
10
399.000000
20
336.650000
30
0.000000
0
VERTEX
8
PLOT
10
391.000000
20
336.650000
30
0.000000
0
SEQEND
8
PLOT
999
URBANOS_PATH f.plot-ne-02-00
0
POLYLINE
8
PLOT
66
1
70
1
10
0.000000
20
0.000000
30
0.000000
0
VERTEX
8
PLOT
10
263.000000
20
336.650000
30
0.000000
0
VERTEX
8
PLOT
10
271.000000
20
336.650000
30
0.000000
0
VERTEX
8
PLOT
10
271.000000
20
354.650000
30
0.000000
0
VERTEX
8
PLOT
10
263.000000
20
354.650000
30
0.000000
0
SEQEND
8
PLOT
999
URBANOS_PATH f.plot-ne-02-01
0
POLYLINE
8
PLOT
66
1
70
1
10
0.000000
20
0.000000
30
0.000000
0
VERTEX
8
PLOT
10
271.000000
20
336.650000
30
0.000000
0
VERTEX
8
PLOT
10
279.000000
20
336.650000
30
0.000000
0
VERTEX
8
PLOT
10
279.000000
20
354.650000
30
0.000000
0
VERTEX
8
PLOT
10
271.000000
20
354.650000
30
0.000000
0
SEQEND
8
PLOT
999
URBANOS_PATH f.plot-ne-02-02
0
POLYLINE
8
PLOT
66
1
70
1
10
0.000000
20
0.000000
30
0.000000
0
VERTEX
8
PLOT
10
279.000000
20
336.650000
30
0.000000
0
VERTEX
8
PLOT
10
287.000000
20
336.650000
30
0.000000
0
VERTEX
8
PLOT
10
287.000000
20
354.650000
30
0.000000
0
VERTEX
8
PLOT
10
279.000000
20
354.650000
30
0.000000
0
SEQEND
8
PLOT
999
URBANOS_PATH f.plot-ne-02-03
0
POLYLINE
8
PLOT
66
1
70
1
10
0.000000
20
0.000000
30
0.000000
0
VERTEX
8
PLOT
10
287.000000
20
336.650000
30
0.000000
0
VERTEX
8
PLOT
10
295.000000
20
336.650000
30
0.000000
0
VERTEX
8
PLOT
10
295.000000
20
354.650000
30
0.000000
0
VERTEX
8
PLOT
10
287.000000
20
354.650000
30
0.000000
0
SEQEND
8
PLOT
999
URBANOS_PATH f.plot-ne-02-04
0
POLYLINE
8
PLOT
66
1
70
1
10
0.000000
20
0.000000
30
0.000000
0
VERTEX
8
PLOT
10
295.000000
20
336.650000
30
0.000000
0
VERTEX
8
PLOT
10
303.000000
20
336.650000
30
0.000000
0
VERTEX
8
PLOT
10
303.000000
20
354.650000
30
0.000000
0
VERTEX
8
PLOT
10
295.000000
20
354.650000
30
0.000000
0
SEQEND
8
PLOT
999
URBANOS_PATH f.plot-ne-02-05
0
POLYLINE
8
PLOT
66
1
70
1
10
0.000000
20
0.000000
30
0.000000
0
VERTEX
8
PLOT
10
303.000000
20
336.650000
30
0.000000
0
VERTEX
8
PLOT
10
311.000000
20
336.650000
30
0.000000
0
VERTEX
8
PLOT
10
311.000000
20
354.650000
30
0.000000
0
VERTEX
8
PLOT
10
303.000000
20
354.650000
30
0.000000
0
SEQEND
8
PLOT
999
URBANOS_PATH f.plot-ne-02-06
0
POLYLINE
8
PLOT
66
1
70
1
10
0.000000
20
0.000000
30
0.000000
0
VERTEX
8
PLOT
10
323.000000
20
336.650000
30
0.000000
0
VERTEX
8
PLOT
10
331.000000
20
336.650000
30
0.000000
0
VERTEX
8
PLOT
10
331.000000
20
354.650000
30
0.000000
0
VERTEX
8
PLOT
10
323.000000
20
354.650000
30
0.000000
0
SEQEND
8
PLOT
999
URBANOS_PATH f.plot-ne-02-07
0
POLYLINE
8
PLOT
66
1
70
1
10
0.000000
20
0.000000
30
0.000000
0
VERTEX
8
PLOT
10
331.000000
20
336.650000
30
0.000000
0
VERTEX
8
PLOT
10
339.000000
20
336.650000
30
0.000000
0
VERTEX
8
PLOT
10
339.000000
20
354.650000
30
0.000000
0
VERTEX
8
PLOT
10
331.000000
20
354.650000
30
0.000000
0
SEQEND
8
PLOT
999
URBANOS_PATH f.plot-ne-02-08
0
POLYLINE
8
PLOT
66
1
70
1
10
0.000000
20
0.000000
30
0.000000
0
VERTEX
8
PLOT
10
339.000000
20
336.650000
30
0.000000
0
VERTEX
8
PLOT
10
347.000000
20
336.650000
30
0.000000
0
VERTEX
8
PLOT
10
347.000000
20
354.650000
30
0.000000
0
VERTEX
8
PLOT
10
339.000000
20
354.650000
30
0.000000
0
SEQEND
8
PLOT
999
URBANOS_PATH f.plot-ne-02-09
0
POLYLINE
8
PLOT
66
1
70
1
10
0.000000
20
0.000000
30
0.000000
0
VERTEX
8
PLOT
10
347.000000
20
336.650000
30
0.000000
0
VERTEX
8
PLOT
10
355.000000
20
336.650000
30
0.000000
0
VERTEX
8
PLOT
10
355.000000
20
354.650000
30
0.000000
0
VERTEX
8
PLOT
10
347.000000
20
354.650000
30
0.000000
0
SEQEND
8
PLOT
999
URBANOS_PATH f.plot-ne-02-10
0
POLYLINE
8
PLOT
66
1
70
1
10
0.000000
20
0.000000
30
0.000000
0
VERTEX
8
PLOT
10
355.000000
20
336.650000
30
0.000000
0
VERTEX
8
PLOT
10
363.000000
20
336.650000
30
0.000000
0
VERTEX
8
PLOT
10
363.000000
20
354.650000
30
0.000000
0
VERTEX
8
PLOT
10
355.000000
20
354.650000
30
0.000000
0
SEQEND
8
PLOT
999
URBANOS_PATH f.plot-ne-02-11
0
POLYLINE
8
PLOT
66
1
70
1
10
0.000000
20
0.000000
30
0.000000
0
VERTEX
8
PLOT
10
363.000000
20
336.650000
30
0.000000
0
VERTEX
8
PLOT
10
371.000000
20
336.650000
30
0.000000
0
VERTEX
8
PLOT
10
371.000000
20
354.650000
30
0.000000
0
VERTEX
8
PLOT
10
363.000000
20
354.650000
30
0.000000
0
SEQEND
8
PLOT
999
URBANOS_PATH f.plot-ne-02-12
0
POLYLINE
8
PLOT
66
1
70
1
10
0.000000
20
0.000000
30
0.000000
0
VERTEX
8
PLOT
10
383.000000
20
336.650000
30
0.000000
0
VERTEX
8
PLOT
10
391.000000
20
336.650000
30
0.000000
0
VERTEX
8
PLOT
10
391.000000
20
354.650000
30
0.000000
0
VERTEX
8
PLOT
10
383.000000
20
354.650000
30
0.000000
0
SEQEND
8
PLOT
999
URBANOS_PATH f.plot-ne-02-13
0
POLYLINE
8
PLOT
66
1
70
1
10
0.000000
20
0.000000
30
0.000000
0
VERTEX
8
PLOT
10
391.000000
20
336.650000
30
0.000000
0
VERTEX
8
PLOT
10
399.000000
20
336.650000
30
0.000000
0
VERTEX
8
PLOT
10
399.000000
20
354.650000
30
0.000000
0
VERTEX
8
PLOT
10
391.000000
20
354.650000
30
0.000000
0
SEQEND
8
PLOT
999
URBANOS_PATH f.plot-ne-03-00
0
POLYLINE
8
PLOT
66
1
70
1
10
0.000000
20
0.000000
30
0.000000
0
VERTEX
8
PLOT
10
263.000000
20
366.650000
30
0.000000
0
VERTEX
8
PLOT
10
271.000000
20
366.650000
30
0.000000
0
VERTEX
8
PLOT
10
271.000000
20
384.650000
30
0.000000
0
VERTEX
8
PLOT
10
263.000000
20
384.650000
30
0.000000
0
SEQEND
8
PLOT
999
URBANOS_PATH f.plot-ne-03-01
0
POLYLINE
8
PLOT
66
1
70
1
10
0.000000
20
0.000000
30
0.000000
0
VERTEX
8
PLOT
10
271.000000
20
366.650000
30
0.000000
0
VERTEX
8
PLOT
10
279.000000
20
366.650000
30
0.000000
0
VERTEX
8
PLOT
10
279.000000
20
384.650000
30
0.000000
0
VERTEX
8
PLOT
10
271.000000
20
384.650000
30
0.000000
0
SEQEND
8
PLOT
999
URBANOS_PATH f.plot-ne-03-02
0
POLYLINE
8
PLOT
66
1
70
1
10
0.000000
20
0.000000
30
0.000000
0
VERTEX
8
PLOT
10
279.000000
20
366.650000
30
0.000000
0
VERTEX
8
PLOT
10
287.000000
20
366.650000
30
0.000000
0
VERTEX
8
PLOT
10
287.000000
20
384.650000
30
0.000000
0
VERTEX
8
PLOT
10
279.000000
20
384.650000
30
0.000000
0
SEQEND
8
PLOT
999
URBANOS_PATH f.plot-ne-03-03
0
POLYLINE
8
PLOT
66
1
70
1
10
0.000000
20
0.000000
30
0.000000
0
VERTEX
8
PLOT
10
299.000000
20
366.650000
30
0.000000
0
VERTEX
8
PLOT
10
307.000000
20
366.650000
30
0.000000
0
VERTEX
8
PLOT
10
307.000000
20
384.650000
30
0.000000
0
VERTEX
8
PLOT
10
299.000000
20
384.650000
30
0.000000
0
SEQEND
8
PLOT
999
URBANOS_PATH f.plot-ne-03-04
0
POLYLINE
8
PLOT
66
1
70
1
10
0.000000
20
0.000000
30
0.000000
0
VERTEX
8
PLOT
10
307.000000
20
366.650000
30
0.000000
0
VERTEX
8
PLOT
10
315.000000
20
366.650000
30
0.000000
0
VERTEX
8
PLOT
10
315.000000
20
384.650000
30
0.000000
0
VERTEX
8
PLOT
10
307.000000
20
384.650000
30
0.000000
0
SEQEND
8
PLOT
999
URBANOS_PATH f.plot-ne-03-05
0
POLYLINE
8
PLOT
66
1
70
1
10
0.000000
20
0.000000
30
0.000000
0
VERTEX
8
PLOT
10
315.000000
20
366.650000
30
0.000000
0
VERTEX
8
PLOT
10
323.000000
20
366.650000
30
0.000000
0
VERTEX
8
PLOT
10
323.000000
20
384.650000
30
0.000000
0
VERTEX
8
PLOT
10
315.000000
20
384.650000
30
0.000000
0
SEQEND
8
PLOT
999
URBANOS_PATH f.plot-ne-03-06
0
POLYLINE
8
PLOT
66
1
70
1
10
0.000000
20
0.000000
30
0.000000
0
VERTEX
8
PLOT
10
323.000000
20
366.650000
30
0.000000
0
VERTEX
8
PLOT
10
331.000000
20
366.650000
30
0.000000
0
VERTEX
8
PLOT
10
331.000000
20
384.650000
30
0.000000
0
VERTEX
8
PLOT
10
323.000000
20
384.650000
30
0.000000
0
SEQEND
8
PLOT
999
URBANOS_PATH f.plot-ne-03-07
0
POLYLINE
8
PLOT
66
1
70
1
10
0.000000
20
0.000000
30
0.000000
0
VERTEX
8
PLOT
10
331.000000
20
366.650000
30
0.000000
0
VERTEX
8
PLOT
10
339.000000
20
366.650000
30
0.000000
0
VERTEX
8
PLOT
10
339.000000
20
384.650000
30
0.000000
0
VERTEX
8
PLOT
10
331.000000
20
384.650000
30
0.000000
0
SEQEND
8
PLOT
999
URBANOS_PATH f.plot-ne-03-08
0
POLYLINE
8
PLOT
66
1
70
1
10
0.000000
20
0.000000
30
0.000000
0
VERTEX
8
PLOT
10
339.000000
20
366.650000
30
0.000000
0
VERTEX
8
PLOT
10
347.000000
20
366.650000
30
0.000000
0
VERTEX
8
PLOT
10
347.000000
20
384.650000
30
0.000000
0
VERTEX
8
PLOT
10
339.000000
20
384.650000
30
0.000000
0
SEQEND
8
PLOT
999
URBANOS_PATH f.plot-ne-03-09
0
POLYLINE
8
PLOT
66
1
70
1
10
0.000000
20
0.000000
30
0.000000
0
VERTEX
8
PLOT
10
359.000000
20
366.650000
30
0.000000
0
VERTEX
8
PLOT
10
367.000000
20
366.650000
30
0.000000
0
VERTEX
8
PLOT
10
367.000000
20
384.650000
30
0.000000
0
VERTEX
8
PLOT
10
359.000000
20
384.650000
30
0.000000
0
SEQEND
8
PLOT
999
URBANOS_PATH f.plot-ne-03-10
0
POLYLINE
8
PLOT
66
1
70
1
10
0.000000
20
0.000000
30
0.000000
0
VERTEX
8
PLOT
10
367.000000
20
366.650000
30
0.000000
0
VERTEX
8
PLOT
10
375.000000
20
366.650000
30
0.000000
0
VERTEX
8
PLOT
10
375.000000
20
384.650000
30
0.000000
0
VERTEX
8
PLOT
10
367.000000
20
384.650000
30
0.000000
0
SEQEND
8
PLOT
999
URBANOS_PATH f.plot-ne-03-11
0
POLYLINE
8
PLOT
66
1
70
1
10
0.000000
20
0.000000
30
0.000000
0
VERTEX
8
PLOT
10
375.000000
20
366.650000
30
0.000000
0
VERTEX
8
PLOT
10
383.000000
20
366.650000
30
0.000000
0
VERTEX
8
PLOT
10
383.000000
20
384.650000
30
0.000000
0
VERTEX
8
PLOT
10
375.000000
20
384.650000
30
0.000000
0
SEQEND
8
PLOT
999
URBANOS_PATH f.plot-ne-03-12
0
POLYLINE
8
PLOT
66
1
70
1
10
0.000000
20
0.000000
30
0.000000
0
VERTEX
8
PLOT
10
383.000000
20
366.650000
30
0.000000
0
VERTEX
8
PLOT
10
391.000000
20
366.650000
30
0.000000
0
VERTEX
8
PLOT
10
391.000000
20
384.650000
30
0.000000
0
VERTEX
8
PLOT
10
383.000000
20
384.650000
30
0.000000
0
SEQEND
8
PLOT
999
URBANOS_PATH f.plot-ne-03-13
0
POLYLINE
8
PLOT
66
1
70
1
10
0.000000
20
0.000000
30
0.000000
0
VERTEX
8
PLOT
10
391.000000
20
366.650000
30
0.000000
0
VERTEX
8
PLOT
10
399.000000
20
366.650000
30
0.000000
0
VERTEX
8
PLOT
10
399.000000
20
384.650000
30
0.000000
0
VERTEX
8
PLOT
10
391.000000
20
384.650000
30
0.000000
0
SEQEND
8
PLOT
999
URBANOS_PATH deco.lawn-0801
0
POLYLINE
8
LAWN
66
1
70
1
10
0.000000
20
0.000000
30
0.000000
0
VERTEX
8
LAWN
10
238.853600
20
221.500000
30
0.000000
0
VERTEX
8
LAWN
10
238.420274
20
224.235913
30
0.000000
0
VERTEX
8
LAWN
10
237.162713
20
226.704016
30
0.000000
0
VERTEX
8
LAWN
10
235.204016
20
228.662713
30
0.000000
0
VERTEX
8
LAWN
10
232.735913
20
229.920274
30
0.000000
0
VERTEX
8
LAWN
10
230.000000
20
230.353600
30
0.000000
0
VERTEX
8
LAWN
10
227.264087
20
229.920274
30
0.000000
0
VERTEX
8
LAWN
10
224.795984
20
228.662713
30
0.000000
0
VERTEX
8
LAWN
10
222.837287
20
226.704016
30
0.000000
0
VERTEX
8
LAWN
10
221.579726
20
224.235913
30
0.000000
0
VERTEX
8
LAWN
10
221.146400
20
221.500000
30
0.000000
0
VERTEX
8
LAWN
10
221.579726
20
218.764087
30
0.000000
0
VERTEX
8
LAWN
10
222.837287
20
216.295984
30
0.000000
0
VERTEX
8
LAWN
10
224.795984
20
214.337287
30
0.000000
0
VERTEX
8
LAWN
10
227.264087
20
213.079726
30
0.000000
0
VERTEX
8
LAWN
10
230.000000
20
212.646400
30
0.000000
0
VERTEX
8
LAWN
10
232.735913
20
213.079726
30
0.000000
0
VERTEX
8
LAWN
10
235.204016
20
214.337287
30
0.000000
0
VERTEX
8
LAWN
10
237.162713
20
216.295984
30
0.000000
0
VERTEX
8
LAWN
10
238.420274
20
218.764087
30
0.000000
0
SEQEND
8
LAWN
999
URBANOS_PATH deco.lawn-0823
0
POLYLINE
8
LAWN
66
1
70
1
10
0.000000
20
0.000000
30
0.000000
0
VERTEX
8
LAWN
10
346.636000
20
186.204000
30
0.000000
0
VERTEX
8
LAWN
10
370.124000
20
186.204000
30
0.000000
0
VERTEX
8
LAWN
10
370.124000
20
256.796000
30
0.000000
0
VERTEX
8
LAWN
10
346.636000
20
256.796000
30
0.000000
0
SEQEND
8
LAWN
999
URBANOS_PATH deco.lawn-0836
0
POLYLINE
8
LAWN
66
1
70
1
10
0.000000
20
0.000000
30
0.000000
0
VERTEX
8
LAWN
10
375.996000
20
183.998000
30
0.000000
0
VERTEX
8
LAWN
10
394.864000
20
183.998000
30
0.000000
0
VERTEX
8
LAWN
10
394.864000
20
259.002000
30
0.000000
0
VERTEX
8
LAWN
10
375.996000
20
259.002000
30
0.000000
0
SEQEND
8
LAWN
999
URBANOS_PATH deco.lawn-0861
0
POLYLINE
8
LAWN
66
1
70
1
10
0.000000
20
0.000000
30
0.000000
0
VERTEX
8
LAWN
10
47.520000
20
188.410000
30
0.000000
0
VERTEX
8
LAWN
10
139.270000
20
188.410000
30
0.000000
0
VERTEX
8
LAWN
10
139.270000
20
254.590000
30
0.000000
0
VERTEX
8
LAWN
10
47.520000
20
254.590000
30
0.000000
0
SEQEND
8
LAWN
999
URBANOS_PATH deco.water-0822
0
POLYLINE
8
WATER
66
1
70
1
10
0.000000
20
0.000000
30
0.000000
0
VERTEX
8
WATER
10
318.496000
20
202.840000
30
0.000000
0
VERTEX
8
WATER
10
344.096000
20
202.840000
30
0.000000
0
VERTEX
8
WATER
10
344.096000
20
240.160000
30
0.000000
0
VERTEX
8
WATER
10
318.496000
20
240.160000
30
0.000000
0
SEQEND
8
WATER
999
URBANOS_PATH deco.water-0858
0
POLYLINE
8
WATER
66
1
70
1
10
0.000000
20
0.000000
30
0.000000
0
VERTEX
8
WATER
10
341.216000
20
221.500000
30
0.000000
0
VERTEX
8
WATER
10
340.730481
20
224.565449
30
0.000000
0
VERTEX
8
WATER
10
339.321449
20
227.330830
30
0.000000
0
VERTEX
8
WATER
10
337.126830
20
229.525449
30
0.000000
0
VERTEX
8
WATER
10
334.361449
20
230.934481
30
0.000000
0
VERTEX
8
WATER
10
331.296000
20
231.420000
30
0.000000
0
VERTEX
8
WATER
10
328.230551
20
230.934481
30
0.000000
0
VERTEX
8
WATER
10
325.465170
20
229.525449
30
0.000000
0
VERTEX
8
WATER
10
323.270551
20
227.330830
30
0.000000
0
VERTEX
8
WATER
10
321.861519
20
224.565449
30
0.000000
0
VERTEX
8
WATER
10
321.376000
20
221.500000
30
0.000000
0
VERTEX
8
WATER
10
321.861519
20
218.434551
30
0.000000
0
VERTEX
8
WATER
10
323.270551
20
215.669170
30
0.000000
0
VERTEX
8
WATER
10
325.465170
20
213.474551
30
0.000000
0
VERTEX
8
WATER
10
328.230551
20
212.065519
30
0.000000
0
VERTEX
8
WATER
10
331.296000
20
211.580000
30
0.000000
0
VERTEX
8
WATER
10
334.361449
20
212.065519
30
0.000000
0
VERTEX
8
WATER
10
337.126830
20
213.474551
30
0.000000
0
VERTEX
8
WATER
10
339.321449
20
215.669170
30
0.000000
0
VERTEX
8
WATER
10
340.730481
20
218.434551
30
0.000000
0
SEQEND
8
WATER
999
URBANOS_PATH deco.paving-0678
0
POLYLINE
8
PAVING
66
1
70
1
10
0.000000
20
0.000000
30
0.000000
0
VERTEX
8
PAVING
10
25.500000
20
26.700000
30
0.000000
0
VERTEX
8
PAVING
10
209.000000
20
26.700000
30
0.000000
0
VERTEX
8
PAVING
10
209.000000
20
28.500000
30
0.000000
0
VERTEX
8
PAVING
10
25.500000
20
28.500000
30
0.000000
0
SEQEND
8
PAVING
999
URBANOS_PATH deco.paving-0679
0
POLYLINE
8
PAVING
66
1
70
1
10
0.000000
20
0.000000
30
0.000000
0
VERTEX
8
PAVING
10
25.500000
20
40.500000
30
0.000000
0
VERTEX
8
PAVING
10
209.000000
20
40.500000
30
0.000000
0
VERTEX
8
PAVING
10
209.000000
20
42.300000
30
0.000000
0
VERTEX
8
PAVING
10
25.500000
20
42.300000
30
0.000000
0
SEQEND
8
PAVING
999
URBANOS_PATH deco.paving-0680
0
POLYLINE
8
PAVING
66
1
70
1
10
0.000000
20
0.000000
30
0.000000
0
VERTEX
8
PAVING
10
25.500000
20
152.550000
30
0.000000
0
VERTEX
8
PAVING
10
209.000000
20
152.550000
30
0.000000
0
VERTEX
8
PAVING
10
209.000000
20
154.350000
30
0.000000
0
VERTEX
8
PAVING
10
25.500000
20
154.350000
30
0.000000
0
SEQEND
8
PAVING
999
URBANOS_PATH deco.paving-0681
0
POLYLINE
8
PAVING
66
1
70
1
10
0.000000
20
0.000000
30
0.000000
0
VERTEX
8
PAVING
10
25.500000
20
166.350000
30
0.000000
0
VERTEX
8
PAVING
10
209.000000
20
166.350000
30
0.000000
0
VERTEX
8
PAVING
10
209.000000
20
168.150000
30
0.000000
0
VERTEX
8
PAVING
10
25.500000
20
168.150000
30
0.000000
0
SEQEND
8
PAVING
999
URBANOS_PATH deco.paving-0682
0
POLYLINE
8
PAVING
66
1
70
1
10
0.000000
20
0.000000
30
0.000000
0
VERTEX
8
PAVING
10
23.700000
20
40.500000
30
0.000000
0
VERTEX
8
PAVING
10
25.500000
20
40.500000
30
0.000000
0
VERTEX
8
PAVING
10
25.500000
20
154.350000
30
0.000000
0
VERTEX
8
PAVING
10
23.700000
20
154.350000
30
0.000000
0
SEQEND
8
PAVING
999
URBANOS_PATH deco.paving-0683
0
POLYLINE
8
PAVING
66
1
70
1
10
0.000000
20
0.000000
30
0.000000
0
VERTEX
8
PAVING
10
37.500000
20
40.500000
30
0.000000
0
VERTEX
8
PAVING
10
39.300000
20
40.500000
30
0.000000
0
VERTEX
8
PAVING
10
39.300000
20
154.350000
30
0.000000
0
VERTEX
8
PAVING
10
37.500000
20
154.350000
30
0.000000
0
SEQEND
8
PAVING
999
URBANOS_PATH deco.paving-0684
0
POLYLINE
8
PAVING
66
1
70
1
10
0.000000
20
0.000000
30
0.000000
0
VERTEX
8
PAVING
10
195.200000
20
40.500000
30
0.000000
0
VERTEX
8
PAVING
10
197.000000
20
40.500000
30
0.000000
0
VERTEX
8
PAVING
10
197.000000
20
154.350000
30
0.000000
0
VERTEX
8
PAVING
10
195.200000
20
154.350000
30
0.000000
0
SEQEND
8
PAVING
999
URBANOS_PATH deco.paving-0685
0
POLYLINE
8
PAVING
66
1
70
1
10
0.000000
20
0.000000
30
0.000000
0
VERTEX
8
PAVING
10
209.000000
20
40.500000
30
0.000000
0
VERTEX
8
PAVING
10
210.800000
20
40.500000
30
0.000000
0
VERTEX
8
PAVING
10
210.800000
20
154.350000
30
0.000000
0
VERTEX
8
PAVING
10
209.000000
20
154.350000
30
0.000000
0
SEQEND
8
PAVING
999
URBANOS_PATH deco.paving-0686
0
POLYLINE
8
PAVING
66
1
70
1
10
0.000000
20
0.000000
30
0.000000
0
VERTEX
8
PAVING
10
37.500000
20
56.700000
30
0.000000
0
VERTEX
8
PAVING
10
179.000000
20
56.700000
30
0.000000
0
VERTEX
8
PAVING
10
179.000000
20
58.500000
30
0.000000
0
VERTEX
8
PAVING
10
37.500000
20
58.500000
30
0.000000
0
SEQEND
8
PAVING
999
URBANOS_PATH deco.paving-0687
0
POLYLINE
8
PAVING
66
1
70
1
10
0.000000
20
0.000000
30
0.000000
0
VERTEX
8
PAVING
10
37.500000
20
70.500000
30
0.000000
0
VERTEX
8
PAVING
10
179.000000
20
70.500000
30
0.000000
0
VERTEX
8
PAVING
10
179.000000
20
72.300000
30
0.000000
0
VERTEX
8
PAVING
10
37.500000
20
72.300000
30
0.000000
0
SEQEND
8
PAVING
999
URBANOS_PATH deco.paving-0688
0
POLYLINE
8
PAVING
66
1
70
1
10
0.000000
20
0.000000
30
0.000000
0
VERTEX
8
PAVING
10
37.500000
20
104.700000
30
0.000000
0
VERTEX
8
PAVING
10
179.000000
20
104.700000
30
0.000000
0
VERTEX
8
PAVING
10
179.000000
20
106.500000
30
0.000000
0
VERTEX
8
PAVING
10
37.500000
20
106.500000
30
0.000000
0
SEQEND
8
PAVING
999
URBANOS_PATH deco.paving-0689
0
POLYLINE
8
PAVING
66
1
70
1
10
0.000000
20
0.000000
30
0.000000
0
VERTEX
8
PAVING
10
37.500000
20
118.500000
30
0.000000
0
VERTEX
8
PAVING
10
179.000000
20
118.500000
30
0.000000
0
VERTEX
8
PAVING
10
179.000000
20
120.300000
30
0.000000
0
VERTEX
8
PAVING
10
37.500000
20
120.300000
30
0.000000
0
SEQEND
8
PAVING
999
URBANOS_PATH deco.paving-0690
0
POLYLINE
8
PAVING
66
1
70
1
10
0.000000
20
0.000000
30
0.000000
0
VERTEX
8
PAVING
10
251.000000
20
26.700000
30
0.000000
0
VERTEX
8
PAVING
10
434.500000
20
26.700000
30
0.000000
0
VERTEX
8
PAVING
10
434.500000
20
28.500000
30
0.000000
0
VERTEX
8
PAVING
10
251.000000
20
28.500000
30
0.000000
0
SEQEND
8
PAVING
999
URBANOS_PATH deco.paving-0691
0
POLYLINE
8
PAVING
66
1
70
1
10
0.000000
20
0.000000
30
0.000000
0
VERTEX
8
PAVING
10
251.000000
20
40.500000
30
0.000000
0
VERTEX
8
PAVING
10
434.500000
20
40.500000
30
0.000000
0
VERTEX
8
PAVING
10
434.500000
20
42.300000
30
0.000000
0
VERTEX
8
PAVING
10
251.000000
20
42.300000
30
0.000000
0
SEQEND
8
PAVING
999
URBANOS_PATH deco.paving-0692
0
POLYLINE
8
PAVING
66
1
70
1
10
0.000000
20
0.000000
30
0.000000
0
VERTEX
8
PAVING
10
251.000000
20
152.550000
30
0.000000
0
VERTEX
8
PAVING
10
434.500000
20
152.550000
30
0.000000
0
VERTEX
8
PAVING
10
434.500000
20
154.350000
30
0.000000
0
VERTEX
8
PAVING
10
251.000000
20
154.350000
30
0.000000
0
SEQEND
8
PAVING
999
URBANOS_PATH deco.paving-0693
0
POLYLINE
8
PAVING
66
1
70
1
10
0.000000
20
0.000000
30
0.000000
0
VERTEX
8
PAVING
10
251.000000
20
166.350000
30
0.000000
0
VERTEX
8
PAVING
10
434.500000
20
166.350000
30
0.000000
0
VERTEX
8
PAVING
10
434.500000
20
168.150000
30
0.000000
0
VERTEX
8
PAVING
10
251.000000
20
168.150000
30
0.000000
0
SEQEND
8
PAVING
999
URBANOS_PATH deco.paving-0694
0
POLYLINE
8
PAVING
66
1
70
1
10
0.000000
20
0.000000
30
0.000000
0
VERTEX
8
PAVING
10
249.200000
20
40.500000
30
0.000000
0
VERTEX
8
PAVING
10
251.000000
20
40.500000
30
0.000000
0
VERTEX
8
PAVING
10
251.000000
20
154.350000
30
0.000000
0
VERTEX
8
PAVING
10
249.200000
20
154.350000
30
0.000000
0
SEQEND
8
PAVING
999
URBANOS_PATH deco.paving-0695
0
POLYLINE
8
PAVING
66
1
70
1
10
0.000000
20
0.000000
30
0.000000
0
VERTEX
8
PAVING
10
263.000000
20
40.500000
30
0.000000
0
VERTEX
8
PAVING
10
264.800000
20
40.500000
30
0.000000
0
VERTEX
8
PAVING
10
264.800000
20
154.350000
30
0.000000
0
VERTEX
8
PAVING
10
263.000000
20
154.350000
30
0.000000
0
SEQEND
8
PAVING
999
URBANOS_PATH deco.paving-0696
0
POLYLINE
8
PAVING
66
1
70
1
10
0.000000
20
0.000000
30
0.000000
0
VERTEX
8
PAVING
10
420.700000
20
40.500000
30
0.000000
0
VERTEX
8
PAVING
10
422.500000
20
40.500000
30
0.000000
0
VERTEX
8
PAVING
10
422.500000
20
154.350000
30
0.000000
0
VERTEX
8
PAVING
10
420.700000
20
154.350000
30
0.000000
0
SEQEND
8
PAVING
999
URBANOS_PATH deco.paving-0697
0
POLYLINE
8
PAVING
66
1
70
1
10
0.000000
20
0.000000
30
0.000000
0
VERTEX
8
PAVING
10
434.500000
20
40.500000
30
0.000000
0
VERTEX
8
PAVING
10
436.300000
20
40.500000
30
0.000000
0
VERTEX
8
PAVING
10
436.300000
20
154.350000
30
0.000000
0
VERTEX
8
PAVING
10
434.500000
20
154.350000
30
0.000000
0
SEQEND
8
PAVING
999
URBANOS_PATH deco.paving-0698
0
POLYLINE
8
PAVING
66
1
70
1
10
0.000000
20
0.000000
30
0.000000
0
VERTEX
8
PAVING
10
279.200000
20
40.500000
30
0.000000
0
VERTEX
8
PAVING
10
281.000000
20
40.500000
30
0.000000
0
VERTEX
8
PAVING
10
281.000000
20
136.350000
30
0.000000
0
VERTEX
8
PAVING
10
279.200000
20
136.350000
30
0.000000
0
SEQEND
8
PAVING
999
URBANOS_PATH deco.paving-0699
0
POLYLINE
8
PAVING
66
1
70
1
10
0.000000
20
0.000000
30
0.000000
0
VERTEX
8
PAVING
10
293.000000
20
40.500000
30
0.000000
0
VERTEX
8
PAVING
10
294.800000
20
40.500000
30
0.000000
0
VERTEX
8
PAVING
10
294.800000
20
136.350000
30
0.000000
0
VERTEX
8
PAVING
10
293.000000
20
136.350000
30
0.000000
0
SEQEND
8
PAVING
999
URBANOS_PATH deco.paving-0700
0
POLYLINE
8
PAVING
66
1
70
1
10
0.000000
20
0.000000
30
0.000000
0
VERTEX
8
PAVING
10
327.200000
20
40.500000
30
0.000000
0
VERTEX
8
PAVING
10
329.000000
20
40.500000
30
0.000000
0
VERTEX
8
PAVING
10
329.000000
20
136.350000
30
0.000000
0
VERTEX
8
PAVING
10
327.200000
20
136.350000
30
0.000000
0
SEQEND
8
PAVING
999
URBANOS_PATH deco.paving-0701
0
POLYLINE
8
PAVING
66
1
70
1
10
0.000000
20
0.000000
30
0.000000
0
VERTEX
8
PAVING
10
341.000000
20
40.500000
30
0.000000
0
VERTEX
8
PAVING
10
342.800000
20
40.500000
30
0.000000
0
VERTEX
8
PAVING
10
342.800000
20
136.350000
30
0.000000
0
VERTEX
8
PAVING
10
341.000000
20
136.350000
30
0.000000
0
SEQEND
8
PAVING
999
URBANOS_PATH deco.paving-0702
0
POLYLINE
8
PAVING
66
1
70
1
10
0.000000
20
0.000000
30
0.000000
0
VERTEX
8
PAVING
10
375.200000
20
40.500000
30
0.000000
0
VERTEX
8
PAVING
10
377.000000
20
40.500000
30
0.000000
0
VERTEX
8
PAVING
10
377.000000
20
136.350000
30
0.000000
0
VERTEX
8
PAVING
10
375.200000
20
136.350000
30
0.000000
0
SEQEND
8
PAVING
999
URBANOS_PATH deco.paving-0703
0
POLYLINE
8
PAVING
66
1
70
1
10
0.000000
20
0.000000
30
0.000000
0
VERTEX
8
PAVING
10
389.000000
20
40.500000
30
0.000000
0
VERTEX
8
PAVING
10
390.800000
20
40.500000
30
0.000000
0
VERTEX
8
PAVING
10
390.800000
20
136.350000
30
0.000000
0
VERTEX
8
PAVING
10
389.000000
20
136.350000
30
0.000000
0
SEQEND
8
PAVING
999
URBANOS_PATH deco.paving-0704
0
POLYLINE
8
PAVING
66
1
70
1
10
0.000000
20
0.000000
30
0.000000
0
VERTEX
8
PAVING
10
25.500000
20
274.850000
30
0.000000
0
VERTEX
8
PAVING
10
209.000000
20
274.850000
30
0.000000
0
VERTEX
8
PAVING
10
209.000000
20
276.650000
30
0.000000
0
VERTEX
8
PAVING
10
25.500000
20
276.650000
30
0.000000
0
SEQEND
8
PAVING
999
URBANOS_PATH deco.paving-0705
0
POLYLINE
8
PAVING
66
1
70
1
10
0.000000
20
0.000000
30
0.000000
0
VERTEX
8
PAVING
10
25.500000
20
288.650000
30
0.000000
0
VERTEX
8
PAVING
10
209.000000
20
288.650000
30
0.000000
0
VERTEX
8
PAVING
10
209.000000
20
290.450000
30
0.000000
0
VERTEX
8
PAVING
10
25.500000
20
290.450000
30
0.000000
0
SEQEND
8
PAVING
999
URBANOS_PATH deco.paving-0706
0
POLYLINE
8
PAVING
66
1
70
1
10
0.000000
20
0.000000
30
0.000000
0
VERTEX
8
PAVING
10
25.500000
20
400.700000
30
0.000000
0
VERTEX
8
PAVING
10
209.000000
20
400.700000
30
0.000000
0
VERTEX
8
PAVING
10
209.000000
20
402.500000
30
0.000000
0
VERTEX
8
PAVING
10
25.500000
20
402.500000
30
0.000000
0
SEQEND
8
PAVING
999
URBANOS_PATH deco.paving-0707
0
POLYLINE
8
PAVING
66
1
70
1
10
0.000000
20
0.000000
30
0.000000
0
VERTEX
8
PAVING
10
25.500000
20
414.500000
30
0.000000
0
VERTEX
8
PAVING
10
209.000000
20
414.500000
30
0.000000
0
VERTEX
8
PAVING
10
209.000000
20
416.300000
30
0.000000
0
VERTEX
8
PAVING
10
25.500000
20
416.300000
30
0.000000
0
SEQEND
8
PAVING
999
URBANOS_PATH deco.paving-0708
0
POLYLINE
8
PAVING
66
1
70
1
10
0.000000
20
0.000000
30
0.000000
0
VERTEX
8
PAVING
10
23.700000
20
288.650000
30
0.000000
0
VERTEX
8
PAVING
10
25.500000
20
288.650000
30
0.000000
0
VERTEX
8
PAVING
10
25.500000
20
402.500000
30
0.000000
0
VERTEX
8
PAVING
10
23.700000
20
402.500000
30
0.000000
0
SEQEND
8
PAVING
999
URBANOS_PATH deco.paving-0709
0
POLYLINE
8
PAVING
66
1
70
1
10
0.000000
20
0.000000
30
0.000000
0
VERTEX
8
PAVING
10
37.500000
20
288.650000
30
0.000000
0
VERTEX
8
PAVING
10
39.300000
20
288.650000
30
0.000000
0
VERTEX
8
PAVING
10
39.300000
20
402.500000
30
0.000000
0
VERTEX
8
PAVING
10
37.500000
20
402.500000
30
0.000000
0
SEQEND
8
PAVING
999
URBANOS_PATH deco.paving-0710
0
POLYLINE
8
PAVING
66
1
70
1
10
0.000000
20
0.000000
30
0.000000
0
VERTEX
8
PAVING
10
195.200000
20
288.650000
30
0.000000
0
VERTEX
8
PAVING
10
197.000000
20
288.650000
30
0.000000
0
VERTEX
8
PAVING
10
197.000000
20
402.500000
30
0.000000
0
VERTEX
8
PAVING
10
195.200000
20
402.500000
30
0.000000
0
SEQEND
8
PAVING
999
URBANOS_PATH deco.paving-0711
0
POLYLINE
8
PAVING
66
1
70
1
10
0.000000
20
0.000000
30
0.000000
0
VERTEX
8
PAVING
10
209.000000
20
288.650000
30
0.000000
0
VERTEX
8
PAVING
10
210.800000
20
288.650000
30
0.000000
0
VERTEX
8
PAVING
10
210.800000
20
402.500000
30
0.000000
0
VERTEX
8
PAVING
10
209.000000
20
402.500000
30
0.000000
0
SEQEND
8
PAVING
999
URBANOS_PATH deco.paving-0712
0
POLYLINE
8
PAVING
66
1
70
1
10
0.000000
20
0.000000
30
0.000000
0
VERTEX
8
PAVING
10
53.700000
20
288.650000
30
0.000000
0
VERTEX
8
PAVING
10
55.500000
20
288.650000
30
0.000000
0
VERTEX
8
PAVING
10
55.500000
20
384.500000
30
0.000000
0
VERTEX
8
PAVING
10
53.700000
20
384.500000
30
0.000000
0
SEQEND
8
PAVING
999
URBANOS_PATH deco.paving-0713
0
POLYLINE
8
PAVING
66
1
70
1
10
0.000000
20
0.000000
30
0.000000
0
VERTEX
8
PAVING
10
67.500000
20
288.650000
30
0.000000
0
VERTEX
8
PAVING
10
69.300000
20
288.650000
30
0.000000
0
VERTEX
8
PAVING
10
69.300000
20
384.500000
30
0.000000
0
VERTEX
8
PAVING
10
67.500000
20
384.500000
30
0.000000
0
SEQEND
8
PAVING
999
URBANOS_PATH deco.paving-0714
0
POLYLINE
8
PAVING
66
1
70
1
10
0.000000
20
0.000000
30
0.000000
0
VERTEX
8
PAVING
10
101.700000
20
288.650000
30
0.000000
0
VERTEX
8
PAVING
10
103.500000
20
288.650000
30
0.000000
0
VERTEX
8
PAVING
10
103.500000
20
384.500000
30
0.000000
0
VERTEX
8
PAVING
10
101.700000
20
384.500000
30
0.000000
0
SEQEND
8
PAVING
999
URBANOS_PATH deco.paving-0715
0
POLYLINE
8
PAVING
66
1
70
1
10
0.000000
20
0.000000
30
0.000000
0
VERTEX
8
PAVING
10
115.500000
20
288.650000
30
0.000000
0
VERTEX
8
PAVING
10
117.300000
20
288.650000
30
0.000000
0
VERTEX
8
PAVING
10
117.300000
20
384.500000
30
0.000000
0
VERTEX
8
PAVING
10
115.500000
20
384.500000
30
0.000000
0
SEQEND
8
PAVING
999
URBANOS_PATH deco.paving-0716
0
POLYLINE
8
PAVING
66
1
70
1
10
0.000000
20
0.000000
30
0.000000
0
VERTEX
8
PAVING
10
149.700000
20
288.650000
30
0.000000
0
VERTEX
8
PAVING
10
151.500000
20
288.650000
30
0.000000
0
VERTEX
8
PAVING
10
151.500000
20
384.500000
30
0.000000
0
VERTEX
8
PAVING
10
149.700000
20
384.500000
30
0.000000
0
SEQEND
8
PAVING
999
URBANOS_PATH deco.paving-0717
0
POLYLINE
8
PAVING
66
1
70
1
10
0.000000
20
0.000000
30
0.000000
0
VERTEX
8
PAVING
10
163.500000
20
288.650000
30
0.000000
0
VERTEX
8
PAVING
10
165.300000
20
288.650000
30
0.000000
0
VERTEX
8
PAVING
10
165.300000
20
384.500000
30
0.000000
0
VERTEX
8
PAVING
10
163.500000
20
384.500000
30
0.000000
0
SEQEND
8
PAVING
999
URBANOS_PATH deco.paving-0718
0
POLYLINE
8
PAVING
66
1
70
1
10
0.000000
20
0.000000
30
0.000000
0
VERTEX
8
PAVING
10
251.000000
20
274.850000
30
0.000000
0
VERTEX
8
PAVING
10
434.500000
20
274.850000
30
0.000000
0
VERTEX
8
PAVING
10
434.500000
20
276.650000
30
0.000000
0
VERTEX
8
PAVING
10
251.000000
20
276.650000
30
0.000000
0
SEQEND
8
PAVING
999
URBANOS_PATH deco.paving-0719
0
POLYLINE
8
PAVING
66
1
70
1
10
0.000000
20
0.000000
30
0.000000
0
VERTEX
8
PAVING
10
251.000000
20
288.650000
30
0.000000
0
VERTEX
8
PAVING
10
434.500000
20
288.650000
30
0.000000
0
VERTEX
8
PAVING
10
434.500000
20
290.450000
30
0.000000
0
VERTEX
8
PAVING
10
251.000000
20
290.450000
30
0.000000
0
SEQEND
8
PAVING
999
URBANOS_PATH deco.paving-0720
0
POLYLINE
8
PAVING
66
1
70
1
10
0.000000
20
0.000000
30
0.000000
0
VERTEX
8
PAVING
10
251.000000
20
400.700000
30
0.000000
0
VERTEX
8
PAVING
10
434.500000
20
400.700000
30
0.000000
0
VERTEX
8
PAVING
10
434.500000
20
402.500000
30
0.000000
0
VERTEX
8
PAVING
10
251.000000
20
402.500000
30
0.000000
0
SEQEND
8
PAVING
999
URBANOS_PATH deco.paving-0721
0
POLYLINE
8
PAVING
66
1
70
1
10
0.000000
20
0.000000
30
0.000000
0
VERTEX
8
PAVING
10
251.000000
20
414.500000
30
0.000000
0
VERTEX
8
PAVING
10
434.500000
20
414.500000
30
0.000000
0
VERTEX
8
PAVING
10
434.500000
20
416.300000
30
0.000000
0
VERTEX
8
PAVING
10
251.000000
20
416.300000
30
0.000000
0
SEQEND
8
PAVING
999
URBANOS_PATH deco.paving-0722
0
POLYLINE
8
PAVING
66
1
70
1
10
0.000000
20
0.000000
30
0.000000
0
VERTEX
8
PAVING
10
249.200000
20
288.650000
30
0.000000
0
VERTEX
8
PAVING
10
251.000000
20
288.650000
30
0.000000
0
VERTEX
8
PAVING
10
251.000000
20
402.500000
30
0.000000
0
VERTEX
8
PAVING
10
249.200000
20
402.500000
30
0.000000
0
SEQEND
8
PAVING
999
URBANOS_PATH deco.paving-0723
0
POLYLINE
8
PAVING
66
1
70
1
10
0.000000
20
0.000000
30
0.000000
0
VERTEX
8
PAVING
10
263.000000
20
288.650000
30
0.000000
0
VERTEX
8
PAVING
10
264.800000
20
288.650000
30
0.000000
0
VERTEX
8
PAVING
10
264.800000
20
402.500000
30
0.000000
0
VERTEX
8
PAVING
10
263.000000
20
402.500000
30
0.000000
0
SEQEND
8
PAVING
999
URBANOS_PATH deco.paving-0724
0
POLYLINE
8
PAVING
66
1
70
1
10
0.000000
20
0.000000
30
0.000000
0
VERTEX
8
PAVING
10
420.700000
20
288.650000
30
0.000000
0
VERTEX
8
PAVING
10
422.500000
20
288.650000
30
0.000000
0
VERTEX
8
PAVING
10
422.500000
20
402.500000
30
0.000000
0
VERTEX
8
PAVING
10
420.700000
20
402.500000
30
0.000000
0
SEQEND
8
PAVING
999
URBANOS_PATH deco.paving-0725
0
POLYLINE
8
PAVING
66
1
70
1
10
0.000000
20
0.000000
30
0.000000
0
VERTEX
8
PAVING
10
434.500000
20
288.650000
30
0.000000
0
VERTEX
8
PAVING
10
436.300000
20
288.650000
30
0.000000
0
VERTEX
8
PAVING
10
436.300000
20
402.500000
30
0.000000
0
VERTEX
8
PAVING
10
434.500000
20
402.500000
30
0.000000
0
SEQEND
8
PAVING
999
URBANOS_PATH deco.paving-0726
0
POLYLINE
8
PAVING
66
1
70
1
10
0.000000
20
0.000000
30
0.000000
0
VERTEX
8
PAVING
10
263.000000
20
304.850000
30
0.000000
0
VERTEX
8
PAVING
10
404.500000
20
304.850000
30
0.000000
0
VERTEX
8
PAVING
10
404.500000
20
306.650000
30
0.000000
0
VERTEX
8
PAVING
10
263.000000
20
306.650000
30
0.000000
0
SEQEND
8
PAVING
999
URBANOS_PATH deco.paving-0727
0
POLYLINE
8
PAVING
66
1
70
1
10
0.000000
20
0.000000
30
0.000000
0
VERTEX
8
PAVING
10
263.000000
20
318.650000
30
0.000000
0
VERTEX
8
PAVING
10
404.500000
20
318.650000
30
0.000000
0
VERTEX
8
PAVING
10
404.500000
20
320.450000
30
0.000000
0
VERTEX
8
PAVING
10
263.000000
20
320.450000
30
0.000000
0
SEQEND
8
PAVING
999
URBANOS_PATH deco.paving-0728
0
POLYLINE
8
PAVING
66
1
70
1
10
0.000000
20
0.000000
30
0.000000
0
VERTEX
8
PAVING
10
263.000000
20
352.850000
30
0.000000
0
VERTEX
8
PAVING
10
404.500000
20
352.850000
30
0.000000
0
VERTEX
8
PAVING
10
404.500000
20
354.650000
30
0.000000
0
VERTEX
8
PAVING
10
263.000000
20
354.650000
30
0.000000
0
SEQEND
8
PAVING
999
URBANOS_PATH deco.paving-0729
0
POLYLINE
8
PAVING
66
1
70
1
10
0.000000
20
0.000000
30
0.000000
0
VERTEX
8
PAVING
10
263.000000
20
366.650000
30
0.000000
0
VERTEX
8
PAVING
10
404.500000
20
366.650000
30
0.000000
0
VERTEX
8
PAVING
10
404.500000
20
368.450000
30
0.000000
0
VERTEX
8
PAVING
10
263.000000
20
368.450000
30
0.000000
0
SEQEND
8
PAVING
999
URBANOS_PATH deco.paving-0730
0
POLYLINE
8
PAVING
66
1
70
1
10
0.000000
20
0.000000
30
0.000000
0
VERTEX
8
PAVING
10
188.325966
20
65.877660
30
0.000000
0
VERTEX
8
PAVING
10
186.377660
20
67.825966
30
0.000000
0
VERTEX
8
PAVING
10
183.622340
20
67.825966
30
0.000000
0
VERTEX
8
PAVING
10
181.674034
20
65.877660
30
0.000000
0
VERTEX
8
PAVING
10
181.674034
20
63.122340
30
0.000000
0
VERTEX
8
PAVING
10
183.622340
20
61.174034
30
0.000000
0
VERTEX
8
PAVING
10
186.377660
20
61.174034
30
0.000000
0
VERTEX
8
PAVING
10
188.325966
20
63.122340
30
0.000000
0
SEQEND
8
PAVING
999
URBANOS_PATH deco.paving-0731
0
POLYLINE
8
PAVING
66
1
70
1
10
0.000000
20
0.000000
30
0.000000
0
VERTEX
8
PAVING
10
188.325966
20
113.877660
30
0.000000
0
VERTEX
8
PAVING
10
186.377660
20
115.825966
30
0.000000
0
VERTEX
8
PAVING
10
183.622340
20
115.825966
30
0.000000
0
VERTEX
8
PAVING
10
181.674034
20
113.877660
30
0.000000
0
VERTEX
8
PAVING
10
181.674034
20
111.122340
30
0.000000
0
VERTEX
8
PAVING
10
183.622340
20
109.174034
30
0.000000
0
VERTEX
8
PAVING
10
186.377660
20
109.174034
30
0.000000
0
VERTEX
8
PAVING
10
188.325966
20
111.122340
30
0.000000
0
SEQEND
8
PAVING
999
URBANOS_PATH deco.paving-0732
0
POLYLINE
8
PAVING
66
1
70
1
10
0.000000
20
0.000000
30
0.000000
0
VERTEX
8
PAVING
10
290.325966
20
143.727660
30
0.000000
0
VERTEX
8
PAVING
10
288.377660
20
145.675966
30
0.000000
0
VERTEX
8
PAVING
10
285.622340
20
145.675966
30
0.000000
0
VERTEX
8
PAVING
10
283.674034
20
143.727660
30
0.000000
0
VERTEX
8
PAVING
10
283.674034
20
140.972340
30
0.000000
0
VERTEX
8
PAVING
10
285.622340
20
139.024034
30
0.000000
0
VERTEX
8
PAVING
10
288.377660
20
139.024034
30
0.000000
0
VERTEX
8
PAVING
10
290.325966
20
140.972340
30
0.000000
0
SEQEND
8
PAVING
999
URBANOS_PATH deco.paving-0733
0
POLYLINE
8
PAVING
66
1
70
1
10
0.000000
20
0.000000
30
0.000000
0
VERTEX
8
PAVING
10
338.325966
20
143.727660
30
0.000000
0
VERTEX
8
PAVING
10
336.377660
20
145.675966
30
0.000000
0
VERTEX
8
PAVING
10
333.622340
20
145.675966
30
0.000000
0
VERTEX
8
PAVING
10
331.674034
20
143.727660
30
0.000000
0
VERTEX
8
PAVING
10
331.674034
20
140.972340
30
0.000000
0
VERTEX
8
PAVING
10
333.622340
20
139.024034
30
0.000000
0
VERTEX
8
PAVING
10
336.377660
20
139.024034
30
0.000000
0
VERTEX
8
PAVING
10
338.325966
20
140.972340
30
0.000000
0
SEQEND
8
PAVING
999
URBANOS_PATH deco.paving-0734
0
POLYLINE
8
PAVING
66
1
70
1
10
0.000000
20
0.000000
30
0.000000
0
VERTEX
8
PAVING
10
386.325966
20
143.727660
30
0.000000
0
VERTEX
8
PAVING
10
384.377660
20
145.675966
30
0.000000
0
VERTEX
8
PAVING
10
381.622340
20
145.675966
30
0.000000
0
VERTEX
8
PAVING
10
379.674034
20
143.727660
30
0.000000
0
VERTEX
8
PAVING
10
379.674034
20
140.972340
30
0.000000
0
VERTEX
8
PAVING
10
381.622340
20
139.024034
30
0.000000
0
VERTEX
8
PAVING
10
384.377660
20
139.024034
30
0.000000
0
VERTEX
8
PAVING
10
386.325966
20
140.972340
30
0.000000
0
SEQEND
8
PAVING
999
URBANOS_PATH deco.paving-0735
0
POLYLINE
8
PAVING
66
1
70
1
10
0.000000
20
0.000000
30
0.000000
0
VERTEX
8
PAVING
10
64.825966
20
391.877660
30
0.000000
0
VERTEX
8
PAVING
10
62.877660
20
393.825966
30
0.000000
0
VERTEX
8
PAVING
10
60.122340
20
393.825966
30
0.000000
0
VERTEX
8
PAVING
10
58.174034
20
391.877660
30
0.000000
0
VERTEX
8
PAVING
10
58.174034
20
389.122340
30
0.000000
0
VERTEX
8
PAVING
10
60.122340
20
387.174034
30
0.000000
0
VERTEX
8
PAVING
10
62.877660
20
387.174034
30
0.000000
0
VERTEX
8
PAVING
10
64.825966
20
389.122340
30
0.000000
0
SEQEND
8
PAVING
999
URBANOS_PATH deco.paving-0736
0
POLYLINE
8
PAVING
66
1
70
1
10
0.000000
20
0.000000
30
0.000000
0
VERTEX
8
PAVING
10
112.825966
20
391.877660
30
0.000000
0
VERTEX
8
PAVING
10
110.877660
20
393.825966
30
0.000000
0
VERTEX
8
PAVING
10
108.122340
20
393.825966
30
0.000000
0
VERTEX
8
PAVING
10
106.174034
20
391.877660
30
0.000000
0
VERTEX
8
PAVING
10
106.174034
20
389.122340
30
0.000000
0
VERTEX
8
PAVING
10
108.122340
20
387.174034
30
0.000000
0
VERTEX
8
PAVING
10
110.877660
20
387.174034
30
0.000000
0
VERTEX
8
PAVING
10
112.825966
20
389.122340
30
0.000000
0
SEQEND
8
PAVING
999
URBANOS_PATH deco.paving-0737
0
POLYLINE
8
PAVING
66
1
70
1
10
0.000000
20
0.000000
30
0.000000
0
VERTEX
8
PAVING
10
160.825966
20
391.877660
30
0.000000
0
VERTEX
8
PAVING
10
158.877660
20
393.825966
30
0.000000
0
VERTEX
8
PAVING
10
156.122340
20
393.825966
30
0.000000
0
VERTEX
8
PAVING
10
154.174034
20
391.877660
30
0.000000
0
VERTEX
8
PAVING
10
154.174034
20
389.122340
30
0.000000
0
VERTEX
8
PAVING
10
156.122340
20
387.174034
30
0.000000
0
VERTEX
8
PAVING
10
158.877660
20
387.174034
30
0.000000
0
VERTEX
8
PAVING
10
160.825966
20
389.122340
30
0.000000
0
SEQEND
8
PAVING
999
URBANOS_PATH deco.paving-0738
0
POLYLINE
8
PAVING
66
1
70
1
10
0.000000
20
0.000000
30
0.000000
0
VERTEX
8
PAVING
10
413.825966
20
314.027660
30
0.000000
0
VERTEX
8
PAVING
10
411.877660
20
315.975966
30
0.000000
0
VERTEX
8
PAVING
10
409.122340
20
315.975966
30
0.000000
0
VERTEX
8
PAVING
10
407.174034
20
314.027660
30
0.000000
0
VERTEX
8
PAVING
10
407.174034
20
311.272340
30
0.000000
0
VERTEX
8
PAVING
10
409.122340
20
309.324034
30
0.000000
0
VERTEX
8
PAVING
10
411.877660
20
309.324034
30
0.000000
0
VERTEX
8
PAVING
10
413.825966
20
311.272340
30
0.000000
0
SEQEND
8
PAVING
999
URBANOS_PATH deco.paving-0739
0
POLYLINE
8
PAVING
66
1
70
1
10
0.000000
20
0.000000
30
0.000000
0
VERTEX
8
PAVING
10
413.825966
20
362.027660
30
0.000000
0
VERTEX
8
PAVING
10
411.877660
20
363.975966
30
0.000000
0
VERTEX
8
PAVING
10
409.122340
20
363.975966
30
0.000000
0
VERTEX
8
PAVING
10
407.174034
20
362.027660
30
0.000000
0
VERTEX
8
PAVING
10
407.174034
20
359.272340
30
0.000000
0
VERTEX
8
PAVING
10
409.122340
20
357.324034
30
0.000000
0
VERTEX
8
PAVING
10
411.877660
20
357.324034
30
0.000000
0
VERTEX
8
PAVING
10
413.825966
20
359.272340
30
0.000000
0
SEQEND
8
PAVING
999
URBANOS_PATH deco.paving-0800
0
POLYLINE
8
PAVING
66
1
70
1
10
0.000000
20
0.000000
30
0.000000
0
VERTEX
8
PAVING
10
244.280000
20
221.500000
30
0.000000
0
VERTEX
8
PAVING
10
243.581087
20
225.912763
30
0.000000
0
VERTEX
8
PAVING
10
241.552763
20
229.893573
30
0.000000
0
VERTEX
8
PAVING
10
238.393573
20
233.052763
30
0.000000
0
VERTEX
8
PAVING
10
234.412763
20
235.081087
30
0.000000
0
VERTEX
8
PAVING
10
230.000000
20
235.780000
30
0.000000
0
VERTEX
8
PAVING
10
225.587237
20
235.081087
30
0.000000
0
VERTEX
8
PAVING
10
221.606427
20
233.052763
30
0.000000
0
VERTEX
8
PAVING
10
218.447237
20
229.893573
30
0.000000
0
VERTEX
8
PAVING
10
216.418913
20
225.912763
30
0.000000
0
VERTEX
8
PAVING
10
215.720000
20
221.500000
30
0.000000
0
VERTEX
8
PAVING
10
216.418913
20
217.087237
30
0.000000
0
VERTEX
8
PAVING
10
218.447237
20
213.106427
30
0.000000
0
VERTEX
8
PAVING
10
221.606427
20
209.947237
30
0.000000
0
VERTEX
8
PAVING
10
225.587237
20
207.918913
30
0.000000
0
VERTEX
8
PAVING
10
230.000000
20
207.220000
30
0.000000
0
VERTEX
8
PAVING
10
234.412763
20
207.918913
30
0.000000
0
VERTEX
8
PAVING
10
238.393573
20
209.947237
30
0.000000
0
VERTEX
8
PAVING
10
241.552763
20
213.106427
30
0.000000
0
VERTEX
8
PAVING
10
243.581087
20
217.087237
30
0.000000
0
SEQEND
8
PAVING
999
URBANOS_PATH deco.paving-0819
0
POLYLINE
8
PAVING
66
1
70
1
10
0.000000
20
0.000000
30
0.000000
0
VERTEX
8
PAVING
10
251.000000
20
215.500000
30
0.000000
0
VERTEX
8
PAVING
10
397.800000
20
215.500000
30
0.000000
0
VERTEX
8
PAVING
10
397.800000
20
227.500000
30
0.000000
0
VERTEX
8
PAVING
10
251.000000
20
227.500000
30
0.000000
0
SEQEND
8
PAVING
999
URBANOS_PATH deco.paving-0820
0
POLYLINE
8
PAVING
66
1
70
1
10
0.000000
20
0.000000
30
0.000000
0
VERTEX
8
PAVING
10
253.936000
20
188.410000
30
0.000000
0
VERTEX
8
PAVING
10
274.488000
20
188.410000
30
0.000000
0
VERTEX
8
PAVING
10
274.488000
20
254.590000
30
0.000000
0
VERTEX
8
PAVING
10
253.936000
20
254.590000
30
0.000000
0
SEQEND
8
PAVING
999
URBANOS_PATH deco.paving-0821
0
POLYLINE
8
PAVING
66
1
70
1
10
0.000000
20
0.000000
30
0.000000
0
VERTEX
8
PAVING
10
275.296000
20
189.900000
30
0.000000
0
VERTEX
8
PAVING
10
323.296000
20
189.900000
30
0.000000
0
VERTEX
8
PAVING
10
323.296000
20
253.100000
30
0.000000
0
VERTEX
8
PAVING
10
275.296000
20
253.100000
30
0.000000
0
SEQEND
8
PAVING
999
URBANOS_PATH deco.paving-0859
0
POLYLINE
8
PAVING
66
1
70
1
10
0.000000
20
0.000000
30
0.000000
0
VERTEX
8
PAVING
10
271.552000
20
221.500000
30
0.000000
0
VERTEX
8
PAVING
10
271.109344
20
224.010428
30
0.000000
0
VERTEX
8
PAVING
10
269.834766
20
226.218061
30
0.000000
0
VERTEX
8
PAVING
10
267.882000
20
227.856626
30
0.000000
0
VERTEX
8
PAVING
10
265.486578
20
228.728489
30
0.000000
0
VERTEX
8
PAVING
10
262.937422
20
228.728489
30
0.000000
0
VERTEX
8
PAVING
10
260.542000
20
227.856626
30
0.000000
0
VERTEX
8
PAVING
10
258.589234
20
226.218061
30
0.000000
0
VERTEX
8
PAVING
10
257.314656
20
224.010428
30
0.000000
0
VERTEX
8
PAVING
10
256.872000
20
221.500000
30
0.000000
0
VERTEX
8
PAVING
10
257.314656
20
218.989572
30
0.000000
0
VERTEX
8
PAVING
10
258.589234
20
216.781939
30
0.000000
0
VERTEX
8
PAVING
10
260.542000
20
215.143374
30
0.000000
0
VERTEX
8
PAVING
10
262.937422
20
214.271511
30
0.000000
0
VERTEX
8
PAVING
10
265.486578
20
214.271511
30
0.000000
0
VERTEX
8
PAVING
10
267.882000
20
215.143374
30
0.000000
0
VERTEX
8
PAVING
10
269.834766
20
216.781939
30
0.000000
0
VERTEX
8
PAVING
10
271.109344
20
218.989572
30
0.000000
0
SEQEND
8
PAVING
999
URBANOS_PATH deco.paving-0860
0
POLYLINE
8
PAVING
66
1
70
1
10
0.000000
20
0.000000
30
0.000000
0
VERTEX
8
PAVING
10
184.308233
20
196.254019
30
0.000000
0
VERTEX
8
PAVING
10
178.882750
20
197.938677
30
0.000000
0
VERTEX
8
PAVING
10
173.415027
20
199.480734
30
0.000000
0
VERTEX
8
PAVING
10
167.908811
20
200.879135
30
0.000000
0
VERTEX
8
PAVING
10
162.367876
20
202.132920
30
0.000000
0
VERTEX
8
PAVING
10
156.796020
20
203.241231
30
0.000000
0
VERTEX
8
PAVING
10
151.197061
20
204.203308
30
0.000000
0
VERTEX
8
PAVING
10
145.574836
20
205.018492
30
0.000000
0
VERTEX
8
PAVING
10
139.933199
20
205.686224
30
0.000000
0
VERTEX
8
PAVING
10
134.276016
20
206.206046
30
0.000000
0
VERTEX
8
PAVING
10
128.607164
20
206.577602
30
0.000000
0
VERTEX
8
PAVING
10
122.930529
20
206.800638
30
0.000000
0
VERTEX
8
PAVING
10
117.250000
20
206.875000
30
0.000000
0
VERTEX
8
PAVING
10
111.569471
20
206.800638
30
0.000000
0
VERTEX
8
PAVING
10
105.892836
20
206.577602
30
0.000000
0
VERTEX
8
PAVING
10
100.223984
20
206.206046
30
0.000000
0
VERTEX
8
PAVING
10
94.566801
20
205.686224
30
0.000000
0
VERTEX
8
PAVING
10
88.925164
20
205.018492
30
0.000000
0
VERTEX
8
PAVING
10
83.302939
20
204.203308
30
0.000000
0
VERTEX
8
PAVING
10
77.703980
20
203.241231
30
0.000000
0
VERTEX
8
PAVING
10
72.132124
20
202.132920
30
0.000000
0
VERTEX
8
PAVING
10
66.591189
20
200.879135
30
0.000000
0
VERTEX
8
PAVING
10
61.084973
20
199.480734
30
0.000000
0
VERTEX
8
PAVING
10
55.617250
20
197.938677
30
0.000000
0
VERTEX
8
PAVING
10
50.191767
20
196.254019
30
0.000000
0
VERTEX
8
PAVING
10
51.378392
20
192.601962
30
0.000000
0
VERTEX
8
PAVING
10
56.707869
20
194.256809
30
0.000000
0
VERTEX
8
PAVING
10
62.078838
20
195.771579
30
0.000000
0
VERTEX
8
PAVING
10
67.487619
20
197.145234
30
0.000000
0
VERTEX
8
PAVING
10
72.930504
20
198.376833
30
0.000000
0
VERTEX
8
PAVING
10
78.403764
20
199.465532
30
0.000000
0
VERTEX
8
PAVING
10
83.903647
20
200.410585
30
0.000000
0
VERTEX
8
PAVING
10
89.426384
20
201.211344
30
0.000000
0
VERTEX
8
PAVING
10
94.968190
20
201.867260
30
0.000000
0
VERTEX
8
PAVING
10
100.525267
20
202.377883
30
0.000000
0
VERTEX
8
PAVING
10
106.093806
20
202.742865
30
0.000000
0
VERTEX
8
PAVING
10
111.669991
20
202.961954
30
0.000000
0
VERTEX
8
PAVING
10
117.250000
20
203.035000
30
0.000000
0
VERTEX
8
PAVING
10
122.830009
20
202.961954
30
0.000000
0
VERTEX
8
PAVING
10
128.406194
20
202.742865
30
0.000000
0
VERTEX
8
PAVING
10
133.974733
20
202.377883
30
0.000000
0
VERTEX
8
PAVING
10
139.531810
20
201.867260
30
0.000000
0
VERTEX
8
PAVING
10
145.073616
20
201.211344
30
0.000000
0
VERTEX
8
PAVING
10
150.596353
20
200.410585
30
0.000000
0
VERTEX
8
PAVING
10
156.096236
20
199.465532
30
0.000000
0
VERTEX
8
PAVING
10
161.569496
20
198.376833
30
0.000000
0
VERTEX
8
PAVING
10
167.012381
20
197.145234
30
0.000000
0
VERTEX
8
PAVING
10
172.421162
20
195.771579
30
0.000000
0
VERTEX
8
PAVING
10
177.792131
20
194.256809
30
0.000000
0
VERTEX
8
PAVING
10
183.121608
20
192.601962
30
0.000000
0
SEQEND
8
PAVING
999
URBANOS_PATH deco.paving-0862
0
POLYLINE
8
PAVING
66
1
70
1
10
0.000000
20
0.000000
30
0.000000
0
VERTEX
8
PAVING
10
27.500000
20
217.500000
30
0.000000
0
VERTEX
8
PAVING
10
207.000000
20
217.500000
30
0.000000
0
VERTEX
8
PAVING
10
207.000000
20
225.500000
30
0.000000
0
VERTEX
8
PAVING
10
27.500000
20
225.500000
30
0.000000
0
SEQEND
8
PAVING
999
URBANOS_PATH deco.marking-0002
0
POLYLINE
8
MARKING
66
1
70
1
10
0.000000
20
0.000000
30
0.000000
0
VERTEX
8
MARKING
10
41.350000
20
122.604000
30
0.000000
0
VERTEX
8
MARKING
10
41.650000
20
122.604000
30
0.000000
0
VERTEX
8
MARKING
10
41.650000
20
133.396000
30
0.000000
0
VERTEX
8
MARKING
10
41.350000
20
133.396000
30
0.000000
0
SEQEND
8
MARKING
999
URBANOS_PATH deco.marking-0005
0
POLYLINE
8
MARKING
66
1
70
1
10
0.000000
20
0.000000
30
0.000000
0
VERTEX
8
MARKING
10
49.350000
20
122.604000
30
0.000000
0
VERTEX
8
MARKING
10
49.650000
20
122.604000
30
0.000000
0
VERTEX
8
MARKING
10
49.650000
20
133.396000
30
0.000000
0
VERTEX
8
MARKING
10
49.350000
20
133.396000
30
0.000000
0
SEQEND
8
MARKING
999
URBANOS_PATH deco.marking-0008
0
POLYLINE
8
MARKING
66
1
70
1
10
0.000000
20
0.000000
30
0.000000
0
VERTEX
8
MARKING
10
57.350000
20
122.604000
30
0.000000
0
VERTEX
8
MARKING
10
57.650000
20
122.604000
30
0.000000
0
VERTEX
8
MARKING
10
57.650000
20
133.396000
30
0.000000
0
VERTEX
8
MARKING
10
57.350000
20
133.396000
30
0.000000
0
SEQEND
8
MARKING
999
URBANOS_PATH deco.marking-0011
0
POLYLINE
8
MARKING
66
1
70
1
10
0.000000
20
0.000000
30
0.000000
0
VERTEX
8
MARKING
10
65.350000
20
122.604000
30
0.000000
0
VERTEX
8
MARKING
10
65.650000
20
122.604000
30
0.000000
0
VERTEX
8
MARKING
10
65.650000
20
133.396000
30
0.000000
0
VERTEX
8
MARKING
10
65.350000
20
133.396000
30
0.000000
0
SEQEND
8
MARKING
999
URBANOS_PATH deco.marking-0014
0
POLYLINE
8
MARKING
66
1
70
1
10
0.000000
20
0.000000
30
0.000000
0
VERTEX
8
MARKING
10
73.350000
20
122.604000
30
0.000000
0
VERTEX
8
MARKING
10
73.650000
20
122.604000
30
0.000000
0
VERTEX
8
MARKING
10
73.650000
20
133.396000
30
0.000000
0
VERTEX
8
MARKING
10
73.350000
20
133.396000
30
0.000000
0
SEQEND
8
MARKING
999
URBANOS_PATH deco.marking-0017
0
POLYLINE
8
MARKING
66
1
70
1
10
0.000000
20
0.000000
30
0.000000
0
VERTEX
8
MARKING
10
81.350000
20
122.604000
30
0.000000
0
VERTEX
8
MARKING
10
81.650000
20
122.604000
30
0.000000
0
VERTEX
8
MARKING
10
81.650000
20
133.396000
30
0.000000
0
VERTEX
8
MARKING
10
81.350000
20
133.396000
30
0.000000
0
SEQEND
8
MARKING
999
URBANOS_PATH deco.marking-0020
0
POLYLINE
8
MARKING
66
1
70
1
10
0.000000
20
0.000000
30
0.000000
0
VERTEX
8
MARKING
10
101.350000
20
122.604000
30
0.000000
0
VERTEX
8
MARKING
10
101.650000
20
122.604000
30
0.000000
0
VERTEX
8
MARKING
10
101.650000
20
133.396000
30
0.000000
0
VERTEX
8
MARKING
10
101.350000
20
133.396000
30
0.000000
0
SEQEND
8
MARKING
999
URBANOS_PATH deco.marking-0023
0
POLYLINE
8
MARKING
66
1
70
1
10
0.000000
20
0.000000
30
0.000000
0
VERTEX
8
MARKING
10
109.350000
20
122.604000
30
0.000000
0
VERTEX
8
MARKING
10
109.650000
20
122.604000
30
0.000000
0
VERTEX
8
MARKING
10
109.650000
20
133.396000
30
0.000000
0
VERTEX
8
MARKING
10
109.350000
20
133.396000
30
0.000000
0
SEQEND
8
MARKING
999
URBANOS_PATH deco.marking-0026
0
POLYLINE
8
MARKING
66
1
70
1
10
0.000000
20
0.000000
30
0.000000
0
VERTEX
8
MARKING
10
117.350000
20
122.604000
30
0.000000
0
VERTEX
8
MARKING
10
117.650000
20
122.604000
30
0.000000
0
VERTEX
8
MARKING
10
117.650000
20
133.396000
30
0.000000
0
VERTEX
8
MARKING
10
117.350000
20
133.396000
30
0.000000
0
SEQEND
8
MARKING
999
URBANOS_PATH deco.marking-0029
0
POLYLINE
8
MARKING
66
1
70
1
10
0.000000
20
0.000000
30
0.000000
0
VERTEX
8
MARKING
10
125.350000
20
122.604000
30
0.000000
0
VERTEX
8
MARKING
10
125.650000
20
122.604000
30
0.000000
0
VERTEX
8
MARKING
10
125.650000
20
133.396000
30
0.000000
0
VERTEX
8
MARKING
10
125.350000
20
133.396000
30
0.000000
0
SEQEND
8
MARKING
999
URBANOS_PATH deco.marking-0032
0
POLYLINE
8
MARKING
66
1
70
1
10
0.000000
20
0.000000
30
0.000000
0
VERTEX
8
MARKING
10
133.350000
20
122.604000
30
0.000000
0
VERTEX
8
MARKING
10
133.650000
20
122.604000
30
0.000000
0
VERTEX
8
MARKING
10
133.650000
20
133.396000
30
0.000000
0
VERTEX
8
MARKING
10
133.350000
20
133.396000
30
0.000000
0
SEQEND
8
MARKING
999
URBANOS_PATH deco.marking-0035
0
POLYLINE
8
MARKING
66
1
70
1
10
0.000000
20
0.000000
30
0.000000
0
VERTEX
8
MARKING
10
141.350000
20
122.604000
30
0.000000
0
VERTEX
8
MARKING
10
141.650000
20
122.604000
30
0.000000
0
VERTEX
8
MARKING
10
141.650000
20
133.396000
30
0.000000
0
VERTEX
8
MARKING
10
141.350000
20
133.396000
30
0.000000
0
SEQEND
8
MARKING
999
URBANOS_PATH deco.marking-0038
0
POLYLINE
8
MARKING
66
1
70
1
10
0.000000
20
0.000000
30
0.000000
0
VERTEX
8
MARKING
10
161.350000
20
122.604000
30
0.000000
0
VERTEX
8
MARKING
10
161.650000
20
122.604000
30
0.000000
0
VERTEX
8
MARKING
10
161.650000
20
133.396000
30
0.000000
0
VERTEX
8
MARKING
10
161.350000
20
133.396000
30
0.000000
0
SEQEND
8
MARKING
999
URBANOS_PATH deco.marking-0041
0
POLYLINE
8
MARKING
66
1
70
1
10
0.000000
20
0.000000
30
0.000000
0
VERTEX
8
MARKING
10
169.350000
20
122.604000
30
0.000000
0
VERTEX
8
MARKING
10
169.650000
20
122.604000
30
0.000000
0
VERTEX
8
MARKING
10
169.650000
20
133.396000
30
0.000000
0
VERTEX
8
MARKING
10
169.350000
20
133.396000
30
0.000000
0
SEQEND
8
MARKING
999
URBANOS_PATH deco.marking-0044
0
POLYLINE
8
MARKING
66
1
70
1
10
0.000000
20
0.000000
30
0.000000
0
VERTEX
8
MARKING
10
41.350000
20
92.604000
30
0.000000
0
VERTEX
8
MARKING
10
41.650000
20
92.604000
30
0.000000
0
VERTEX
8
MARKING
10
41.650000
20
103.396000
30
0.000000
0
VERTEX
8
MARKING
10
41.350000
20
103.396000
30
0.000000
0
SEQEND
8
MARKING
999
URBANOS_PATH deco.marking-0047
0
POLYLINE
8
MARKING
66
1
70
1
10
0.000000
20
0.000000
30
0.000000
0
VERTEX
8
MARKING
10
49.350000
20
92.604000
30
0.000000
0
VERTEX
8
MARKING
10
49.650000
20
92.604000
30
0.000000
0
VERTEX
8
MARKING
10
49.650000
20
103.396000
30
0.000000
0
VERTEX
8
MARKING
10
49.350000
20
103.396000
30
0.000000
0
SEQEND
8
MARKING
999
URBANOS_PATH deco.marking-0050
0
POLYLINE
8
MARKING
66
1
70
1
10
0.000000
20
0.000000
30
0.000000
0
VERTEX
8
MARKING
10
57.350000
20
92.604000
30
0.000000
0
VERTEX
8
MARKING
10
57.650000
20
92.604000
30
0.000000
0
VERTEX
8
MARKING
10
57.650000
20
103.396000
30
0.000000
0
VERTEX
8
MARKING
10
57.350000
20
103.396000
30
0.000000
0
SEQEND
8
MARKING
999
URBANOS_PATH deco.marking-0053
0
POLYLINE
8
MARKING
66
1
70
1
10
0.000000
20
0.000000
30
0.000000
0
VERTEX
8
MARKING
10
77.350000
20
92.604000
30
0.000000
0
VERTEX
8
MARKING
10
77.650000
20
92.604000
30
0.000000
0
VERTEX
8
MARKING
10
77.650000
20
103.396000
30
0.000000
0
VERTEX
8
MARKING
10
77.350000
20
103.396000
30
0.000000
0
SEQEND
8
MARKING
999
URBANOS_PATH deco.marking-0056
0
POLYLINE
8
MARKING
66
1
70
1
10
0.000000
20
0.000000
30
0.000000
0
VERTEX
8
MARKING
10
85.350000
20
92.604000
30
0.000000
0
VERTEX
8
MARKING
10
85.650000
20
92.604000
30
0.000000
0
VERTEX
8
MARKING
10
85.650000
20
103.396000
30
0.000000
0
VERTEX
8
MARKING
10
85.350000
20
103.396000
30
0.000000
0
SEQEND
8
MARKING
999
URBANOS_PATH deco.marking-0059
0
POLYLINE
8
MARKING
66
1
70
1
10
0.000000
20
0.000000
30
0.000000
0
VERTEX
8
MARKING
10
93.350000
20
92.604000
30
0.000000
0
VERTEX
8
MARKING
10
93.650000
20
92.604000
30
0.000000
0
VERTEX
8
MARKING
10
93.650000
20
103.396000
30
0.000000
0
VERTEX
8
MARKING
10
93.350000
20
103.396000
30
0.000000
0
SEQEND
8
MARKING
999
URBANOS_PATH deco.marking-0062
0
POLYLINE
8
MARKING
66
1
70
1
10
0.000000
20
0.000000
30
0.000000
0
VERTEX
8
MARKING
10
101.350000
20
91.604000
30
0.000000
0
VERTEX
8
MARKING
10
101.650000
20
91.604000
30
0.000000
0
VERTEX
8
MARKING
10
101.650000
20
102.396000
30
0.000000
0
VERTEX
8
MARKING
10
101.350000
20
102.396000
30
0.000000
0
SEQEND
8
MARKING
999
URBANOS_PATH deco.marking-0065
0
POLYLINE
8
MARKING
66
1
70
1
10
0.000000
20
0.000000
30
0.000000
0
VERTEX
8
MARKING
10
109.350000
20
91.604000
30
0.000000
0
VERTEX
8
MARKING
10
109.650000
20
91.604000
30
0.000000
0
VERTEX
8
MARKING
10
109.650000
20
102.396000
30
0.000000
0
VERTEX
8
MARKING
10
109.350000
20
102.396000
30
0.000000
0
SEQEND
8
MARKING
999
URBANOS_PATH deco.marking-0068
0
POLYLINE
8
MARKING
66
1
70
1
10
0.000000
20
0.000000
30
0.000000
0
VERTEX
8
MARKING
10
117.350000
20
91.604000
30
0.000000
0
VERTEX
8
MARKING
10
117.650000
20
91.604000
30
0.000000
0
VERTEX
8
MARKING
10
117.650000
20
102.396000
30
0.000000
0
VERTEX
8
MARKING
10
117.350000
20
102.396000
30
0.000000
0
SEQEND
8
MARKING
999
URBANOS_PATH deco.marking-0071
0
POLYLINE
8
MARKING
66
1
70
1
10
0.000000
20
0.000000
30
0.000000
0
VERTEX
8
MARKING
10
137.350000
20
91.604000
30
0.000000
0
VERTEX
8
MARKING
10
137.650000
20
91.604000
30
0.000000
0
VERTEX
8
MARKING
10
137.650000
20
102.396000
30
0.000000
0
VERTEX
8
MARKING
10
137.350000
20
102.396000
30
0.000000
0
SEQEND
8
MARKING
999
URBANOS_PATH deco.marking-0074
0
POLYLINE
8
MARKING
66
1
70
1
10
0.000000
20
0.000000
30
0.000000
0
VERTEX
8
MARKING
10
145.350000
20
92.604000
30
0.000000
0
VERTEX
8
MARKING
10
145.650000
20
92.604000
30
0.000000
0
VERTEX
8
MARKING
10
145.650000
20
103.396000
30
0.000000
0
VERTEX
8
MARKING
10
145.350000
20
103.396000
30
0.000000
0
SEQEND
8
MARKING
999
URBANOS_PATH deco.marking-0077
0
POLYLINE
8
MARKING
66
1
70
1
10
0.000000
20
0.000000
30
0.000000
0
VERTEX
8
MARKING
10
153.350000
20
92.604000
30
0.000000
0
VERTEX
8
MARKING
10
153.650000
20
92.604000
30
0.000000
0
VERTEX
8
MARKING
10
153.650000
20
103.396000
30
0.000000
0
VERTEX
8
MARKING
10
153.350000
20
103.396000
30
0.000000
0
SEQEND
8
MARKING
999
URBANOS_PATH deco.marking-0080
0
POLYLINE
8
MARKING
66
1
70
1
10
0.000000
20
0.000000
30
0.000000
0
VERTEX
8
MARKING
10
161.350000
20
92.604000
30
0.000000
0
VERTEX
8
MARKING
10
161.650000
20
92.604000
30
0.000000
0
VERTEX
8
MARKING
10
161.650000
20
103.396000
30
0.000000
0
VERTEX
8
MARKING
10
161.350000
20
103.396000
30
0.000000
0
SEQEND
8
MARKING
999
URBANOS_PATH deco.marking-0083
0
POLYLINE
8
MARKING
66
1
70
1
10
0.000000
20
0.000000
30
0.000000
0
VERTEX
8
MARKING
10
169.350000
20
92.604000
30
0.000000
0
VERTEX
8
MARKING
10
169.650000
20
92.604000
30
0.000000
0
VERTEX
8
MARKING
10
169.650000
20
103.396000
30
0.000000
0
VERTEX
8
MARKING
10
169.350000
20
103.396000
30
0.000000
0
SEQEND
8
MARKING
999
URBANOS_PATH deco.marking-0086
0
POLYLINE
8
MARKING
66
1
70
1
10
0.000000
20
0.000000
30
0.000000
0
VERTEX
8
MARKING
10
41.350000
20
74.604000
30
0.000000
0
VERTEX
8
MARKING
10
41.650000
20
74.604000
30
0.000000
0
VERTEX
8
MARKING
10
41.650000
20
85.396000
30
0.000000
0
VERTEX
8
MARKING
10
41.350000
20
85.396000
30
0.000000
0
SEQEND
8
MARKING
999
URBANOS_PATH deco.marking-0089
0
POLYLINE
8
MARKING
66
1
70
1
10
0.000000
20
0.000000
30
0.000000
0
VERTEX
8
MARKING
10
49.350000
20
74.604000
30
0.000000
0
VERTEX
8
MARKING
10
49.650000
20
74.604000
30
0.000000
0
VERTEX
8
MARKING
10
49.650000
20
85.396000
30
0.000000
0
VERTEX
8
MARKING
10
49.350000
20
85.396000
30
0.000000
0
SEQEND
8
MARKING
999
URBANOS_PATH deco.marking-0092
0
POLYLINE
8
MARKING
66
1
70
1
10
0.000000
20
0.000000
30
0.000000
0
VERTEX
8
MARKING
10
57.350000
20
74.604000
30
0.000000
0
VERTEX
8
MARKING
10
57.650000
20
74.604000
30
0.000000
0
VERTEX
8
MARKING
10
57.650000
20
85.396000
30
0.000000
0
VERTEX
8
MARKING
10
57.350000
20
85.396000
30
0.000000
0
SEQEND
8
MARKING
999
URBANOS_PATH deco.marking-0095
0
POLYLINE
8
MARKING
66
1
70
1
10
0.000000
20
0.000000
30
0.000000
0
VERTEX
8
MARKING
10
65.350000
20
74.604000
30
0.000000
0
VERTEX
8
MARKING
10
65.650000
20
74.604000
30
0.000000
0
VERTEX
8
MARKING
10
65.650000
20
85.396000
30
0.000000
0
VERTEX
8
MARKING
10
65.350000
20
85.396000
30
0.000000
0
SEQEND
8
MARKING
999
URBANOS_PATH deco.marking-0098
0
POLYLINE
8
MARKING
66
1
70
1
10
0.000000
20
0.000000
30
0.000000
0
VERTEX
8
MARKING
10
73.350000
20
74.604000
30
0.000000
0
VERTEX
8
MARKING
10
73.650000
20
74.604000
30
0.000000
0
VERTEX
8
MARKING
10
73.650000
20
85.396000
30
0.000000
0
VERTEX
8
MARKING
10
73.350000
20
85.396000
30
0.000000
0
SEQEND
8
MARKING
999
URBANOS_PATH deco.marking-0101
0
POLYLINE
8
MARKING
66
1
70
1
10
0.000000
20
0.000000
30
0.000000
0
VERTEX
8
MARKING
10
81.350000
20
74.604000
30
0.000000
0
VERTEX
8
MARKING
10
81.650000
20
74.604000
30
0.000000
0
VERTEX
8
MARKING
10
81.650000
20
85.396000
30
0.000000
0
VERTEX
8
MARKING
10
81.350000
20
85.396000
30
0.000000
0
SEQEND
8
MARKING
999
URBANOS_PATH deco.marking-0104
0
POLYLINE
8
MARKING
66
1
70
1
10
0.000000
20
0.000000
30
0.000000
0
VERTEX
8
MARKING
10
101.350000
20
74.604000
30
0.000000
0
VERTEX
8
MARKING
10
101.650000
20
74.604000
30
0.000000
0
VERTEX
8
MARKING
10
101.650000
20
85.396000
30
0.000000
0
VERTEX
8
MARKING
10
101.350000
20
85.396000
30
0.000000
0
SEQEND
8
MARKING
999
URBANOS_PATH deco.marking-0107
0
POLYLINE
8
MARKING
66
1
70
1
10
0.000000
20
0.000000
30
0.000000
0
VERTEX
8
MARKING
10
109.350000
20
74.604000
30
0.000000
0
VERTEX
8
MARKING
10
109.650000
20
74.604000
30
0.000000
0
VERTEX
8
MARKING
10
109.650000
20
85.396000
30
0.000000
0
VERTEX
8
MARKING
10
109.350000
20
85.396000
30
0.000000
0
SEQEND
8
MARKING
999
URBANOS_PATH deco.marking-0110
0
POLYLINE
8
MARKING
66
1
70
1
10
0.000000
20
0.000000
30
0.000000
0
VERTEX
8
MARKING
10
117.350000
20
74.604000
30
0.000000
0
VERTEX
8
MARKING
10
117.650000
20
74.604000
30
0.000000
0
VERTEX
8
MARKING
10
117.650000
20
85.396000
30
0.000000
0
VERTEX
8
MARKING
10
117.350000
20
85.396000
30
0.000000
0
SEQEND
8
MARKING
999
URBANOS_PATH deco.marking-0113
0
POLYLINE
8
MARKING
66
1
70
1
10
0.000000
20
0.000000
30
0.000000
0
VERTEX
8
MARKING
10
125.350000
20
74.604000
30
0.000000
0
VERTEX
8
MARKING
10
125.650000
20
74.604000
30
0.000000
0
VERTEX
8
MARKING
10
125.650000
20
85.396000
30
0.000000
0
VERTEX
8
MARKING
10
125.350000
20
85.396000
30
0.000000
0
SEQEND
8
MARKING
999
URBANOS_PATH deco.marking-0116
0
POLYLINE
8
MARKING
66
1
70
1
10
0.000000
20
0.000000
30
0.000000
0
VERTEX
8
MARKING
10
133.350000
20
74.604000
30
0.000000
0
VERTEX
8
MARKING
10
133.650000
20
74.604000
30
0.000000
0
VERTEX
8
MARKING
10
133.650000
20
85.396000
30
0.000000
0
VERTEX
8
MARKING
10
133.350000
20
85.396000
30
0.000000
0
SEQEND
8
MARKING
999
URBANOS_PATH deco.marking-0119
0
POLYLINE
8
MARKING
66
1
70
1
10
0.000000
20
0.000000
30
0.000000
0
VERTEX
8
MARKING
10
141.350000
20
74.604000
30
0.000000
0
VERTEX
8
MARKING
10
141.650000
20
74.604000
30
0.000000
0
VERTEX
8
MARKING
10
141.650000
20
85.396000
30
0.000000
0
VERTEX
8
MARKING
10
141.350000
20
85.396000
30
0.000000
0
SEQEND
8
MARKING
999
URBANOS_PATH deco.marking-0122
0
POLYLINE
8
MARKING
66
1
70
1
10
0.000000
20
0.000000
30
0.000000
0
VERTEX
8
MARKING
10
161.350000
20
74.604000
30
0.000000
0
VERTEX
8
MARKING
10
161.650000
20
74.604000
30
0.000000
0
VERTEX
8
MARKING
10
161.650000
20
85.396000
30
0.000000
0
VERTEX
8
MARKING
10
161.350000
20
85.396000
30
0.000000
0
SEQEND
8
MARKING
999
URBANOS_PATH deco.marking-0125
0
POLYLINE
8
MARKING
66
1
70
1
10
0.000000
20
0.000000
30
0.000000
0
VERTEX
8
MARKING
10
169.350000
20
74.604000
30
0.000000
0
VERTEX
8
MARKING
10
169.650000
20
74.604000
30
0.000000
0
VERTEX
8
MARKING
10
169.650000
20
85.396000
30
0.000000
0
VERTEX
8
MARKING
10
169.350000
20
85.396000
30
0.000000
0
SEQEND
8
MARKING
999
URBANOS_PATH deco.marking-0128
0
POLYLINE
8
MARKING
66
1
70
1
10
0.000000
20
0.000000
30
0.000000
0
VERTEX
8
MARKING
10
41.350000
20
44.604000
30
0.000000
0
VERTEX
8
MARKING
10
41.650000
20
44.604000
30
0.000000
0
VERTEX
8
MARKING
10
41.650000
20
55.396000
30
0.000000
0
VERTEX
8
MARKING
10
41.350000
20
55.396000
30
0.000000
0
SEQEND
8
MARKING
999
URBANOS_PATH deco.marking-0131
0
POLYLINE
8
MARKING
66
1
70
1
10
0.000000
20
0.000000
30
0.000000
0
VERTEX
8
MARKING
10
49.350000
20
44.604000
30
0.000000
0
VERTEX
8
MARKING
10
49.650000
20
44.604000
30
0.000000
0
VERTEX
8
MARKING
10
49.650000
20
55.396000
30
0.000000
0
VERTEX
8
MARKING
10
49.350000
20
55.396000
30
0.000000
0
SEQEND
8
MARKING
999
URBANOS_PATH deco.marking-0134
0
POLYLINE
8
MARKING
66
1
70
1
10
0.000000
20
0.000000
30
0.000000
0
VERTEX
8
MARKING
10
57.350000
20
44.604000
30
0.000000
0
VERTEX
8
MARKING
10
57.650000
20
44.604000
30
0.000000
0
VERTEX
8
MARKING
10
57.650000
20
55.396000
30
0.000000
0
VERTEX
8
MARKING
10
57.350000
20
55.396000
30
0.000000
0
SEQEND
8
MARKING
999
URBANOS_PATH deco.marking-0137
0
POLYLINE
8
MARKING
66
1
70
1
10
0.000000
20
0.000000
30
0.000000
0
VERTEX
8
MARKING
10
77.350000
20
44.604000
30
0.000000
0
VERTEX
8
MARKING
10
77.650000
20
44.604000
30
0.000000
0
VERTEX
8
MARKING
10
77.650000
20
55.396000
30
0.000000
0
VERTEX
8
MARKING
10
77.350000
20
55.396000
30
0.000000
0
SEQEND
8
MARKING
999
URBANOS_PATH deco.marking-0140
0
POLYLINE
8
MARKING
66
1
70
1
10
0.000000
20
0.000000
30
0.000000
0
VERTEX
8
MARKING
10
85.350000
20
44.604000
30
0.000000
0
VERTEX
8
MARKING
10
85.650000
20
44.604000
30
0.000000
0
VERTEX
8
MARKING
10
85.650000
20
55.396000
30
0.000000
0
VERTEX
8
MARKING
10
85.350000
20
55.396000
30
0.000000
0
SEQEND
8
MARKING
999
URBANOS_PATH deco.marking-0143
0
POLYLINE
8
MARKING
66
1
70
1
10
0.000000
20
0.000000
30
0.000000
0
VERTEX
8
MARKING
10
93.350000
20
44.604000
30
0.000000
0
VERTEX
8
MARKING
10
93.650000
20
44.604000
30
0.000000
0
VERTEX
8
MARKING
10
93.650000
20
55.396000
30
0.000000
0
VERTEX
8
MARKING
10
93.350000
20
55.396000
30
0.000000
0
SEQEND
8
MARKING
999
URBANOS_PATH deco.marking-0146
0
POLYLINE
8
MARKING
66
1
70
1
10
0.000000
20
0.000000
30
0.000000
0
VERTEX
8
MARKING
10
101.350000
20
44.604000
30
0.000000
0
VERTEX
8
MARKING
10
101.650000
20
44.604000
30
0.000000
0
VERTEX
8
MARKING
10
101.650000
20
55.396000
30
0.000000
0
VERTEX
8
MARKING
10
101.350000
20
55.396000
30
0.000000
0
SEQEND
8
MARKING
999
URBANOS_PATH deco.marking-0149
0
POLYLINE
8
MARKING
66
1
70
1
10
0.000000
20
0.000000
30
0.000000
0
VERTEX
8
MARKING
10
109.350000
20
44.604000
30
0.000000
0
VERTEX
8
MARKING
10
109.650000
20
44.604000
30
0.000000
0
VERTEX
8
MARKING
10
109.650000
20
55.396000
30
0.000000
0
VERTEX
8
MARKING
10
109.350000
20
55.396000
30
0.000000
0
SEQEND
8
MARKING
999
URBANOS_PATH deco.marking-0152
0
POLYLINE
8
MARKING
66
1
70
1
10
0.000000
20
0.000000
30
0.000000
0
VERTEX
8
MARKING
10
117.350000
20
44.604000
30
0.000000
0
VERTEX
8
MARKING
10
117.650000
20
44.604000
30
0.000000
0
VERTEX
8
MARKING
10
117.650000
20
55.396000
30
0.000000
0
VERTEX
8
MARKING
10
117.350000
20
55.396000
30
0.000000
0
SEQEND
8
MARKING
999
URBANOS_PATH deco.marking-0155
0
POLYLINE
8
MARKING
66
1
70
1
10
0.000000
20
0.000000
30
0.000000
0
VERTEX
8
MARKING
10
137.350000
20
44.604000
30
0.000000
0
VERTEX
8
MARKING
10
137.650000
20
44.604000
30
0.000000
0
VERTEX
8
MARKING
10
137.650000
20
55.396000
30
0.000000
0
VERTEX
8
MARKING
10
137.350000
20
55.396000
30
0.000000
0
SEQEND
8
MARKING
999
URBANOS_PATH deco.marking-0158
0
POLYLINE
8
MARKING
66
1
70
1
10
0.000000
20
0.000000
30
0.000000
0
VERTEX
8
MARKING
10
145.350000
20
44.604000
30
0.000000
0
VERTEX
8
MARKING
10
145.650000
20
44.604000
30
0.000000
0
VERTEX
8
MARKING
10
145.650000
20
55.396000
30
0.000000
0
VERTEX
8
MARKING
10
145.350000
20
55.396000
30
0.000000
0
SEQEND
8
MARKING
999
URBANOS_PATH deco.marking-0161
0
POLYLINE
8
MARKING
66
1
70
1
10
0.000000
20
0.000000
30
0.000000
0
VERTEX
8
MARKING
10
153.350000
20
44.604000
30
0.000000
0
VERTEX
8
MARKING
10
153.650000
20
44.604000
30
0.000000
0
VERTEX
8
MARKING
10
153.650000
20
55.396000
30
0.000000
0
VERTEX
8
MARKING
10
153.350000
20
55.396000
30
0.000000
0
SEQEND
8
MARKING
999
URBANOS_PATH deco.marking-0164
0
POLYLINE
8
MARKING
66
1
70
1
10
0.000000
20
0.000000
30
0.000000
0
VERTEX
8
MARKING
10
161.350000
20
44.604000
30
0.000000
0
VERTEX
8
MARKING
10
161.650000
20
44.604000
30
0.000000
0
VERTEX
8
MARKING
10
161.650000
20
55.396000
30
0.000000
0
VERTEX
8
MARKING
10
161.350000
20
55.396000
30
0.000000
0
SEQEND
8
MARKING
999
URBANOS_PATH deco.marking-0167
0
POLYLINE
8
MARKING
66
1
70
1
10
0.000000
20
0.000000
30
0.000000
0
VERTEX
8
MARKING
10
169.350000
20
44.604000
30
0.000000
0
VERTEX
8
MARKING
10
169.650000
20
44.604000
30
0.000000
0
VERTEX
8
MARKING
10
169.650000
20
55.396000
30
0.000000
0
VERTEX
8
MARKING
10
169.350000
20
55.396000
30
0.000000
0
SEQEND
8
MARKING
999
URBANOS_PATH deco.marking-0170
0
POLYLINE
8
MARKING
66
1
70
1
10
0.000000
20
0.000000
30
0.000000
0
VERTEX
8
MARKING
10
267.104000
20
44.350000
30
0.000000
0
VERTEX
8
MARKING
10
277.896000
20
44.350000
30
0.000000
0
VERTEX
8
MARKING
10
277.896000
20
44.650000
30
0.000000
0
VERTEX
8
MARKING
10
267.104000
20
44.650000
30
0.000000
0
SEQEND
8
MARKING
999
URBANOS_PATH deco.marking-0173
0
POLYLINE
8
MARKING
66
1
70
1
10
0.000000
20
0.000000
30
0.000000
0
VERTEX
8
MARKING
10
267.104000
20
52.350000
30
0.000000
0
VERTEX
8
MARKING
10
277.896000
20
52.350000
30
0.000000
0
VERTEX
8
MARKING
10
277.896000
20
52.650000
30
0.000000
0
VERTEX
8
MARKING
10
267.104000
20
52.650000
30
0.000000
0
SEQEND
8
MARKING
999
URBANOS_PATH deco.marking-0176
0
POLYLINE
8
MARKING
66
1
70
1
10
0.000000
20
0.000000
30
0.000000
0
VERTEX
8
MARKING
10
267.104000
20
60.350000
30
0.000000
0
VERTEX
8
MARKING
10
277.896000
20
60.350000
30
0.000000
0
VERTEX
8
MARKING
10
277.896000
20
60.650000
30
0.000000
0
VERTEX
8
MARKING
10
267.104000
20
60.650000
30
0.000000
0
SEQEND
8
MARKING
999
URBANOS_PATH deco.marking-0179
0
POLYLINE
8
MARKING
66
1
70
1
10
0.000000
20
0.000000
30
0.000000
0
VERTEX
8
MARKING
10
267.104000
20
68.350000
30
0.000000
0
VERTEX
8
MARKING
10
277.896000
20
68.350000
30
0.000000
0
VERTEX
8
MARKING
10
277.896000
20
68.650000
30
0.000000
0
VERTEX
8
MARKING
10
267.104000
20
68.650000
30
0.000000
0
SEQEND
8
MARKING
999
URBANOS_PATH deco.marking-0182
0
POLYLINE
8
MARKING
66
1
70
1
10
0.000000
20
0.000000
30
0.000000
0
VERTEX
8
MARKING
10
267.104000
20
76.350000
30
0.000000
0
VERTEX
8
MARKING
10
277.896000
20
76.350000
30
0.000000
0
VERTEX
8
MARKING
10
277.896000
20
76.650000
30
0.000000
0
VERTEX
8
MARKING
10
267.104000
20
76.650000
30
0.000000
0
SEQEND
8
MARKING
999
URBANOS_PATH deco.marking-0185
0
POLYLINE
8
MARKING
66
1
70
1
10
0.000000
20
0.000000
30
0.000000
0
VERTEX
8
MARKING
10
267.104000
20
84.350000
30
0.000000
0
VERTEX
8
MARKING
10
277.896000
20
84.350000
30
0.000000
0
VERTEX
8
MARKING
10
277.896000
20
84.650000
30
0.000000
0
VERTEX
8
MARKING
10
267.104000
20
84.650000
30
0.000000
0
SEQEND
8
MARKING
999
URBANOS_PATH deco.marking-0188
0
POLYLINE
8
MARKING
66
1
70
1
10
0.000000
20
0.000000
30
0.000000
0
VERTEX
8
MARKING
10
267.104000
20
104.350000
30
0.000000
0
VERTEX
8
MARKING
10
277.896000
20
104.350000
30
0.000000
0
VERTEX
8
MARKING
10
277.896000
20
104.650000
30
0.000000
0
VERTEX
8
MARKING
10
267.104000
20
104.650000
30
0.000000
0
SEQEND
8
MARKING
999
URBANOS_PATH deco.marking-0191
0
POLYLINE
8
MARKING
66
1
70
1
10
0.000000
20
0.000000
30
0.000000
0
VERTEX
8
MARKING
10
267.104000
20
112.350000
30
0.000000
0
VERTEX
8
MARKING
10
277.896000
20
112.350000
30
0.000000
0
VERTEX
8
MARKING
10
277.896000
20
112.650000
30
0.000000
0
VERTEX
8
MARKING
10
267.104000
20
112.650000
30
0.000000
0
SEQEND
8
MARKING
999
URBANOS_PATH deco.marking-0194
0
POLYLINE
8
MARKING
66
1
70
1
10
0.000000
20
0.000000
30
0.000000
0
VERTEX
8
MARKING
10
267.104000
20
120.350000
30
0.000000
0
VERTEX
8
MARKING
10
277.896000
20
120.350000
30
0.000000
0
VERTEX
8
MARKING
10
277.896000
20
120.650000
30
0.000000
0
VERTEX
8
MARKING
10
267.104000
20
120.650000
30
0.000000
0
SEQEND
8
MARKING
999
URBANOS_PATH deco.marking-0197
0
POLYLINE
8
MARKING
66
1
70
1
10
0.000000
20
0.000000
30
0.000000
0
VERTEX
8
MARKING
10
267.104000
20
128.350000
30
0.000000
0
VERTEX
8
MARKING
10
277.896000
20
128.350000
30
0.000000
0
VERTEX
8
MARKING
10
277.896000
20
128.650000
30
0.000000
0
VERTEX
8
MARKING
10
267.104000
20
128.650000
30
0.000000
0
SEQEND
8
MARKING
999
URBANOS_PATH deco.marking-0200
0
POLYLINE
8
MARKING
66
1
70
1
10
0.000000
20
0.000000
30
0.000000
0
VERTEX
8
MARKING
10
297.104000
20
44.350000
30
0.000000
0
VERTEX
8
MARKING
10
307.896000
20
44.350000
30
0.000000
0
VERTEX
8
MARKING
10
307.896000
20
44.650000
30
0.000000
0
VERTEX
8
MARKING
10
297.104000
20
44.650000
30
0.000000
0
SEQEND
8
MARKING
999
URBANOS_PATH deco.marking-0203
0
POLYLINE
8
MARKING
66
1
70
1
10
0.000000
20
0.000000
30
0.000000
0
VERTEX
8
MARKING
10
297.104000
20
52.350000
30
0.000000
0
VERTEX
8
MARKING
10
307.896000
20
52.350000
30
0.000000
0
VERTEX
8
MARKING
10
307.896000
20
52.650000
30
0.000000
0
VERTEX
8
MARKING
10
297.104000
20
52.650000
30
0.000000
0
SEQEND
8
MARKING
999
URBANOS_PATH deco.marking-0206
0
POLYLINE
8
MARKING
66
1
70
1
10
0.000000
20
0.000000
30
0.000000
0
VERTEX
8
MARKING
10
297.104000
20
60.350000
30
0.000000
0
VERTEX
8
MARKING
10
307.896000
20
60.350000
30
0.000000
0
VERTEX
8
MARKING
10
307.896000
20
60.650000
30
0.000000
0
VERTEX
8
MARKING
10
297.104000
20
60.650000
30
0.000000
0
SEQEND
8
MARKING
999
URBANOS_PATH deco.marking-0209
0
POLYLINE
8
MARKING
66
1
70
1
10
0.000000
20
0.000000
30
0.000000
0
VERTEX
8
MARKING
10
297.104000
20
80.350000
30
0.000000
0
VERTEX
8
MARKING
10
307.896000
20
80.350000
30
0.000000
0
VERTEX
8
MARKING
10
307.896000
20
80.650000
30
0.000000
0
VERTEX
8
MARKING
10
297.104000
20
80.650000
30
0.000000
0
SEQEND
8
MARKING
999
URBANOS_PATH deco.marking-0212
0
POLYLINE
8
MARKING
66
1
70
1
10
0.000000
20
0.000000
30
0.000000
0
VERTEX
8
MARKING
10
297.104000
20
88.350000
30
0.000000
0
VERTEX
8
MARKING
10
307.896000
20
88.350000
30
0.000000
0
VERTEX
8
MARKING
10
307.896000
20
88.650000
30
0.000000
0
VERTEX
8
MARKING
10
297.104000
20
88.650000
30
0.000000
0
SEQEND
8
MARKING
999
URBANOS_PATH deco.marking-0215
0
POLYLINE
8
MARKING
66
1
70
1
10
0.000000
20
0.000000
30
0.000000
0
VERTEX
8
MARKING
10
297.104000
20
96.350000
30
0.000000
0
VERTEX
8
MARKING
10
307.896000
20
96.350000
30
0.000000
0
VERTEX
8
MARKING
10
307.896000
20
96.650000
30
0.000000
0
VERTEX
8
MARKING
10
297.104000
20
96.650000
30
0.000000
0
SEQEND
8
MARKING
999
URBANOS_PATH deco.marking-0218
0
POLYLINE
8
MARKING
66
1
70
1
10
0.000000
20
0.000000
30
0.000000
0
VERTEX
8
MARKING
10
297.104000
20
104.350000
30
0.000000
0
VERTEX
8
MARKING
10
307.896000
20
104.350000
30
0.000000
0
VERTEX
8
MARKING
10
307.896000
20
104.650000
30
0.000000
0
VERTEX
8
MARKING
10
297.104000
20
104.650000
30
0.000000
0
SEQEND
8
MARKING
999
URBANOS_PATH deco.marking-0221
0
POLYLINE
8
MARKING
66
1
70
1
10
0.000000
20
0.000000
30
0.000000
0
VERTEX
8
MARKING
10
297.104000
20
112.350000
30
0.000000
0
VERTEX
8
MARKING
10
307.896000
20
112.350000
30
0.000000
0
VERTEX
8
MARKING
10
307.896000
20
112.650000
30
0.000000
0
VERTEX
8
MARKING
10
297.104000
20
112.650000
30
0.000000
0
SEQEND
8
MARKING
999
URBANOS_PATH deco.marking-0224
0
POLYLINE
8
MARKING
66
1
70
1
10
0.000000
20
0.000000
30
0.000000
0
VERTEX
8
MARKING
10
297.104000
20
120.350000
30
0.000000
0
VERTEX
8
MARKING
10
307.896000
20
120.350000
30
0.000000
0
VERTEX
8
MARKING
10
307.896000
20
120.650000
30
0.000000
0
VERTEX
8
MARKING
10
297.104000
20
120.650000
30
0.000000
0
SEQEND
8
MARKING
999
URBANOS_PATH deco.marking-0227
0
POLYLINE
8
MARKING
66
1
70
1
10
0.000000
20
0.000000
30
0.000000
0
VERTEX
8
MARKING
10
314.104000
20
44.350000
30
0.000000
0
VERTEX
8
MARKING
10
324.896000
20
44.350000
30
0.000000
0
VERTEX
8
MARKING
10
324.896000
20
44.650000
30
0.000000
0
VERTEX
8
MARKING
10
314.104000
20
44.650000
30
0.000000
0
SEQEND
8
MARKING
999
URBANOS_PATH deco.marking-0230
0
POLYLINE
8
MARKING
66
1
70
1
10
0.000000
20
0.000000
30
0.000000
0
VERTEX
8
MARKING
10
314.104000
20
52.350000
30
0.000000
0
VERTEX
8
MARKING
10
324.896000
20
52.350000
30
0.000000
0
VERTEX
8
MARKING
10
324.896000
20
52.650000
30
0.000000
0
VERTEX
8
MARKING
10
314.104000
20
52.650000
30
0.000000
0
SEQEND
8
MARKING
999
URBANOS_PATH deco.marking-0233
0
POLYLINE
8
MARKING
66
1
70
1
10
0.000000
20
0.000000
30
0.000000
0
VERTEX
8
MARKING
10
314.104000
20
60.350000
30
0.000000
0
VERTEX
8
MARKING
10
324.896000
20
60.350000
30
0.000000
0
VERTEX
8
MARKING
10
324.896000
20
60.650000
30
0.000000
0
VERTEX
8
MARKING
10
314.104000
20
60.650000
30
0.000000
0
SEQEND
8
MARKING
999
URBANOS_PATH deco.marking-0236
0
POLYLINE
8
MARKING
66
1
70
1
10
0.000000
20
0.000000
30
0.000000
0
VERTEX
8
MARKING
10
314.104000
20
68.350000
30
0.000000
0
VERTEX
8
MARKING
10
324.896000
20
68.350000
30
0.000000
0
VERTEX
8
MARKING
10
324.896000
20
68.650000
30
0.000000
0
VERTEX
8
MARKING
10
314.104000
20
68.650000
30
0.000000
0
SEQEND
8
MARKING
999
URBANOS_PATH deco.marking-0239
0
POLYLINE
8
MARKING
66
1
70
1
10
0.000000
20
0.000000
30
0.000000
0
VERTEX
8
MARKING
10
314.104000
20
76.350000
30
0.000000
0
VERTEX
8
MARKING
10
324.896000
20
76.350000
30
0.000000
0
VERTEX
8
MARKING
10
324.896000
20
76.650000
30
0.000000
0
VERTEX
8
MARKING
10
314.104000
20
76.650000
30
0.000000
0
SEQEND
8
MARKING
999
URBANOS_PATH deco.marking-0242
0
POLYLINE
8
MARKING
66
1
70
1
10
0.000000
20
0.000000
30
0.000000
0
VERTEX
8
MARKING
10
314.104000
20
84.350000
30
0.000000
0
VERTEX
8
MARKING
10
324.896000
20
84.350000
30
0.000000
0
VERTEX
8
MARKING
10
324.896000
20
84.650000
30
0.000000
0
VERTEX
8
MARKING
10
314.104000
20
84.650000
30
0.000000
0
SEQEND
8
MARKING
999
URBANOS_PATH deco.marking-0245
0
POLYLINE
8
MARKING
66
1
70
1
10
0.000000
20
0.000000
30
0.000000
0
VERTEX
8
MARKING
10
314.104000
20
104.350000
30
0.000000
0
VERTEX
8
MARKING
10
324.896000
20
104.350000
30
0.000000
0
VERTEX
8
MARKING
10
324.896000
20
104.650000
30
0.000000
0
VERTEX
8
MARKING
10
314.104000
20
104.650000
30
0.000000
0
SEQEND
8
MARKING
999
URBANOS_PATH deco.marking-0248
0
POLYLINE
8
MARKING
66
1
70
1
10
0.000000
20
0.000000
30
0.000000
0
VERTEX
8
MARKING
10
314.104000
20
112.350000
30
0.000000
0
VERTEX
8
MARKING
10
324.896000
20
112.350000
30
0.000000
0
VERTEX
8
MARKING
10
324.896000
20
112.650000
30
0.000000
0
VERTEX
8
MARKING
10
314.104000
20
112.650000
30
0.000000
0
SEQEND
8
MARKING
999
URBANOS_PATH deco.marking-0251
0
POLYLINE
8
MARKING
66
1
70
1
10
0.000000
20
0.000000
30
0.000000
0
VERTEX
8
MARKING
10
314.104000
20
120.350000
30
0.000000
0
VERTEX
8
MARKING
10
324.896000
20
120.350000
30
0.000000
0
VERTEX
8
MARKING
10
324.896000
20
120.650000
30
0.000000
0
VERTEX
8
MARKING
10
314.104000
20
120.650000
30
0.000000
0
SEQEND
8
MARKING
999
URBANOS_PATH deco.marking-0254
0
POLYLINE
8
MARKING
66
1
70
1
10
0.000000
20
0.000000
30
0.000000
0
VERTEX
8
MARKING
10
314.104000
20
128.350000
30
0.000000
0
VERTEX
8
MARKING
10
324.896000
20
128.350000
30
0.000000
0
VERTEX
8
MARKING
10
324.896000
20
128.650000
30
0.000000
0
VERTEX
8
MARKING
10
314.104000
20
128.650000
30
0.000000
0
SEQEND
8
MARKING
999
URBANOS_PATH deco.marking-0257
0
POLYLINE
8
MARKING
66
1
70
1
10
0.000000
20
0.000000
30
0.000000
0
VERTEX
8
MARKING
10
345.104000
20
44.350000
30
0.000000
0
VERTEX
8
MARKING
10
355.896000
20
44.350000
30
0.000000
0
VERTEX
8
MARKING
10
355.896000
20
44.650000
30
0.000000
0
VERTEX
8
MARKING
10
345.104000
20
44.650000
30
0.000000
0
SEQEND
8
MARKING
999
URBANOS_PATH deco.marking-0260
0
POLYLINE
8
MARKING
66
1
70
1
10
0.000000
20
0.000000
30
0.000000
0
VERTEX
8
MARKING
10
345.104000
20
52.350000
30
0.000000
0
VERTEX
8
MARKING
10
355.896000
20
52.350000
30
0.000000
0
VERTEX
8
MARKING
10
355.896000
20
52.650000
30
0.000000
0
VERTEX
8
MARKING
10
345.104000
20
52.650000
30
0.000000
0
SEQEND
8
MARKING
999
URBANOS_PATH deco.marking-0263
0
POLYLINE
8
MARKING
66
1
70
1
10
0.000000
20
0.000000
30
0.000000
0
VERTEX
8
MARKING
10
345.104000
20
60.350000
30
0.000000
0
VERTEX
8
MARKING
10
355.896000
20
60.350000
30
0.000000
0
VERTEX
8
MARKING
10
355.896000
20
60.650000
30
0.000000
0
VERTEX
8
MARKING
10
345.104000
20
60.650000
30
0.000000
0
SEQEND
8
MARKING
999
URBANOS_PATH deco.marking-0266
0
POLYLINE
8
MARKING
66
1
70
1
10
0.000000
20
0.000000
30
0.000000
0
VERTEX
8
MARKING
10
345.104000
20
80.350000
30
0.000000
0
VERTEX
8
MARKING
10
355.896000
20
80.350000
30
0.000000
0
VERTEX
8
MARKING
10
355.896000
20
80.650000
30
0.000000
0
VERTEX
8
MARKING
10
345.104000
20
80.650000
30
0.000000
0
SEQEND
8
MARKING
999
URBANOS_PATH deco.marking-0269
0
POLYLINE
8
MARKING
66
1
70
1
10
0.000000
20
0.000000
30
0.000000
0
VERTEX
8
MARKING
10
345.104000
20
88.350000
30
0.000000
0
VERTEX
8
MARKING
10
355.896000
20
88.350000
30
0.000000
0
VERTEX
8
MARKING
10
355.896000
20
88.650000
30
0.000000
0
VERTEX
8
MARKING
10
345.104000
20
88.650000
30
0.000000
0
SEQEND
8
MARKING
999
URBANOS_PATH deco.marking-0272
0
POLYLINE
8
MARKING
66
1
70
1
10
0.000000
20
0.000000
30
0.000000
0
VERTEX
8
MARKING
10
345.104000
20
96.350000
30
0.000000
0
VERTEX
8
MARKING
10
355.896000
20
96.350000
30
0.000000
0
VERTEX
8
MARKING
10
355.896000
20
96.650000
30
0.000000
0
VERTEX
8
MARKING
10
345.104000
20
96.650000
30
0.000000
0
SEQEND
8
MARKING
999
URBANOS_PATH deco.marking-0275
0
POLYLINE
8
MARKING
66
1
70
1
10
0.000000
20
0.000000
30
0.000000
0
VERTEX
8
MARKING
10
345.104000
20
104.350000
30
0.000000
0
VERTEX
8
MARKING
10
355.896000
20
104.350000
30
0.000000
0
VERTEX
8
MARKING
10
355.896000
20
104.650000
30
0.000000
0
VERTEX
8
MARKING
10
345.104000
20
104.650000
30
0.000000
0
SEQEND
8
MARKING
999
URBANOS_PATH deco.marking-0278
0
POLYLINE
8
MARKING
66
1
70
1
10
0.000000
20
0.000000
30
0.000000
0
VERTEX
8
MARKING
10
345.104000
20
112.350000
30
0.000000
0
VERTEX
8
MARKING
10
355.896000
20
112.350000
30
0.000000
0
VERTEX
8
MARKING
10
355.896000
20
112.650000
30
0.000000
0
VERTEX
8
MARKING
10
345.104000
20
112.650000
30
0.000000
0
SEQEND
8
MARKING
999
URBANOS_PATH deco.marking-0281
0
POLYLINE
8
MARKING
66
1
70
1
10
0.000000
20
0.000000
30
0.000000
0
VERTEX
8
MARKING
10
345.104000
20
120.350000
30
0.000000
0
VERTEX
8
MARKING
10
355.896000
20
120.350000
30
0.000000
0
VERTEX
8
MARKING
10
355.896000
20
120.650000
30
0.000000
0
VERTEX
8
MARKING
10
345.104000
20
120.650000
30
0.000000
0
SEQEND
8
MARKING
999
URBANOS_PATH deco.marking-0284
0
POLYLINE
8
MARKING
66
1
70
1
10
0.000000
20
0.000000
30
0.000000
0
VERTEX
8
MARKING
10
362.104000
20
44.350000
30
0.000000
0
VERTEX
8
MARKING
10
372.896000
20
44.350000
30
0.000000
0
VERTEX
8
MARKING
10
372.896000
20
44.650000
30
0.000000
0
VERTEX
8
MARKING
10
362.104000
20
44.650000
30
0.000000
0
SEQEND
8
MARKING
999
URBANOS_PATH deco.marking-0287
0
POLYLINE
8
MARKING
66
1
70
1
10
0.000000
20
0.000000
30
0.000000
0
VERTEX
8
MARKING
10
362.104000
20
52.350000
30
0.000000
0
VERTEX
8
MARKING
10
372.896000
20
52.350000
30
0.000000
0
VERTEX
8
MARKING
10
372.896000
20
52.650000
30
0.000000
0
VERTEX
8
MARKING
10
362.104000
20
52.650000
30
0.000000
0
SEQEND
8
MARKING
999
URBANOS_PATH deco.marking-0290
0
POLYLINE
8
MARKING
66
1
70
1
10
0.000000
20
0.000000
30
0.000000
0
VERTEX
8
MARKING
10
362.104000
20
60.350000
30
0.000000
0
VERTEX
8
MARKING
10
372.896000
20
60.350000
30
0.000000
0
VERTEX
8
MARKING
10
372.896000
20
60.650000
30
0.000000
0
VERTEX
8
MARKING
10
362.104000
20
60.650000
30
0.000000
0
SEQEND
8
MARKING
999
URBANOS_PATH deco.marking-0293
0
POLYLINE
8
MARKING
66
1
70
1
10
0.000000
20
0.000000
30
0.000000
0
VERTEX
8
MARKING
10
362.104000
20
68.350000
30
0.000000
0
VERTEX
8
MARKING
10
372.896000
20
68.350000
30
0.000000
0
VERTEX
8
MARKING
10
372.896000
20
68.650000
30
0.000000
0
VERTEX
8
MARKING
10
362.104000
20
68.650000
30
0.000000
0
SEQEND
8
MARKING
999
URBANOS_PATH deco.marking-0296
0
POLYLINE
8
MARKING
66
1
70
1
10
0.000000
20
0.000000
30
0.000000
0
VERTEX
8
MARKING
10
362.104000
20
76.350000
30
0.000000
0
VERTEX
8
MARKING
10
372.896000
20
76.350000
30
0.000000
0
VERTEX
8
MARKING
10
372.896000
20
76.650000
30
0.000000
0
VERTEX
8
MARKING
10
362.104000
20
76.650000
30
0.000000
0
SEQEND
8
MARKING
999
URBANOS_PATH deco.marking-0299
0
POLYLINE
8
MARKING
66
1
70
1
10
0.000000
20
0.000000
30
0.000000
0
VERTEX
8
MARKING
10
362.104000
20
84.350000
30
0.000000
0
VERTEX
8
MARKING
10
372.896000
20
84.350000
30
0.000000
0
VERTEX
8
MARKING
10
372.896000
20
84.650000
30
0.000000
0
VERTEX
8
MARKING
10
362.104000
20
84.650000
30
0.000000
0
SEQEND
8
MARKING
999
URBANOS_PATH deco.marking-0302
0
POLYLINE
8
MARKING
66
1
70
1
10
0.000000
20
0.000000
30
0.000000
0
VERTEX
8
MARKING
10
362.104000
20
104.350000
30
0.000000
0
VERTEX
8
MARKING
10
372.896000
20
104.350000
30
0.000000
0
VERTEX
8
MARKING
10
372.896000
20
104.650000
30
0.000000
0
VERTEX
8
MARKING
10
362.104000
20
104.650000
30
0.000000
0
SEQEND
8
MARKING
999
URBANOS_PATH deco.marking-0305
0
POLYLINE
8
MARKING
66
1
70
1
10
0.000000
20
0.000000
30
0.000000
0
VERTEX
8
MARKING
10
362.104000
20
112.350000
30
0.000000
0
VERTEX
8
MARKING
10
372.896000
20
112.350000
30
0.000000
0
VERTEX
8
MARKING
10
372.896000
20
112.650000
30
0.000000
0
VERTEX
8
MARKING
10
362.104000
20
112.650000
30
0.000000
0
SEQEND
8
MARKING
999
URBANOS_PATH deco.marking-0308
0
POLYLINE
8
MARKING
66
1
70
1
10
0.000000
20
0.000000
30
0.000000
0
VERTEX
8
MARKING
10
362.104000
20
120.350000
30
0.000000
0
VERTEX
8
MARKING
10
372.896000
20
120.350000
30
0.000000
0
VERTEX
8
MARKING
10
372.896000
20
120.650000
30
0.000000
0
VERTEX
8
MARKING
10
362.104000
20
120.650000
30
0.000000
0
SEQEND
8
MARKING
999
URBANOS_PATH deco.marking-0311
0
POLYLINE
8
MARKING
66
1
70
1
10
0.000000
20
0.000000
30
0.000000
0
VERTEX
8
MARKING
10
362.104000
20
128.350000
30
0.000000
0
VERTEX
8
MARKING
10
372.896000
20
128.350000
30
0.000000
0
VERTEX
8
MARKING
10
372.896000
20
128.650000
30
0.000000
0
VERTEX
8
MARKING
10
362.104000
20
128.650000
30
0.000000
0
SEQEND
8
MARKING
999
URBANOS_PATH deco.marking-0314
0
POLYLINE
8
MARKING
66
1
70
1
10
0.000000
20
0.000000
30
0.000000
0
VERTEX
8
MARKING
10
393.104000
20
44.350000
30
0.000000
0
VERTEX
8
MARKING
10
403.896000
20
44.350000
30
0.000000
0
VERTEX
8
MARKING
10
403.896000
20
44.650000
30
0.000000
0
VERTEX
8
MARKING
10
393.104000
20
44.650000
30
0.000000
0
SEQEND
8
MARKING
999
URBANOS_PATH deco.marking-0317
0
POLYLINE
8
MARKING
66
1
70
1
10
0.000000
20
0.000000
30
0.000000
0
VERTEX
8
MARKING
10
393.104000
20
52.350000
30
0.000000
0
VERTEX
8
MARKING
10
403.896000
20
52.350000
30
0.000000
0
VERTEX
8
MARKING
10
403.896000
20
52.650000
30
0.000000
0
VERTEX
8
MARKING
10
393.104000
20
52.650000
30
0.000000
0
SEQEND
8
MARKING
999
URBANOS_PATH deco.marking-0320
0
POLYLINE
8
MARKING
66
1
70
1
10
0.000000
20
0.000000
30
0.000000
0
VERTEX
8
MARKING
10
393.104000
20
60.350000
30
0.000000
0
VERTEX
8
MARKING
10
403.896000
20
60.350000
30
0.000000
0
VERTEX
8
MARKING
10
403.896000
20
60.650000
30
0.000000
0
VERTEX
8
MARKING
10
393.104000
20
60.650000
30
0.000000
0
SEQEND
8
MARKING
999
URBANOS_PATH deco.marking-0323
0
POLYLINE
8
MARKING
66
1
70
1
10
0.000000
20
0.000000
30
0.000000
0
VERTEX
8
MARKING
10
393.104000
20
80.350000
30
0.000000
0
VERTEX
8
MARKING
10
403.896000
20
80.350000
30
0.000000
0
VERTEX
8
MARKING
10
403.896000
20
80.650000
30
0.000000
0
VERTEX
8
MARKING
10
393.104000
20
80.650000
30
0.000000
0
SEQEND
8
MARKING
999
URBANOS_PATH deco.marking-0326
0
POLYLINE
8
MARKING
66
1
70
1
10
0.000000
20
0.000000
30
0.000000
0
VERTEX
8
MARKING
10
393.104000
20
88.350000
30
0.000000
0
VERTEX
8
MARKING
10
403.896000
20
88.350000
30
0.000000
0
VERTEX
8
MARKING
10
403.896000
20
88.650000
30
0.000000
0
VERTEX
8
MARKING
10
393.104000
20
88.650000
30
0.000000
0
SEQEND
8
MARKING
999
URBANOS_PATH deco.marking-0329
0
POLYLINE
8
MARKING
66
1
70
1
10
0.000000
20
0.000000
30
0.000000
0
VERTEX
8
MARKING
10
393.104000
20
96.350000
30
0.000000
0
VERTEX
8
MARKING
10
403.896000
20
96.350000
30
0.000000
0
VERTEX
8
MARKING
10
403.896000
20
96.650000
30
0.000000
0
VERTEX
8
MARKING
10
393.104000
20
96.650000
30
0.000000
0
SEQEND
8
MARKING
999
URBANOS_PATH deco.marking-0332
0
POLYLINE
8
MARKING
66
1
70
1
10
0.000000
20
0.000000
30
0.000000
0
VERTEX
8
MARKING
10
393.104000
20
104.350000
30
0.000000
0
VERTEX
8
MARKING
10
403.896000
20
104.350000
30
0.000000
0
VERTEX
8
MARKING
10
403.896000
20
104.650000
30
0.000000
0
VERTEX
8
MARKING
10
393.104000
20
104.650000
30
0.000000
0
SEQEND
8
MARKING
999
URBANOS_PATH deco.marking-0335
0
POLYLINE
8
MARKING
66
1
70
1
10
0.000000
20
0.000000
30
0.000000
0
VERTEX
8
MARKING
10
393.104000
20
112.350000
30
0.000000
0
VERTEX
8
MARKING
10
403.896000
20
112.350000
30
0.000000
0
VERTEX
8
MARKING
10
403.896000
20
112.650000
30
0.000000
0
VERTEX
8
MARKING
10
393.104000
20
112.650000
30
0.000000
0
SEQEND
8
MARKING
999
URBANOS_PATH deco.marking-0338
0
POLYLINE
8
MARKING
66
1
70
1
10
0.000000
20
0.000000
30
0.000000
0
VERTEX
8
MARKING
10
393.104000
20
120.350000
30
0.000000
0
VERTEX
8
MARKING
10
403.896000
20
120.350000
30
0.000000
0
VERTEX
8
MARKING
10
403.896000
20
120.650000
30
0.000000
0
VERTEX
8
MARKING
10
393.104000
20
120.650000
30
0.000000
0
SEQEND
8
MARKING
999
URBANOS_PATH deco.marking-0341
0
POLYLINE
8
MARKING
66
1
70
1
10
0.000000
20
0.000000
30
0.000000
0
VERTEX
8
MARKING
10
167.604000
20
292.500000
30
0.000000
0
VERTEX
8
MARKING
10
178.396000
20
292.500000
30
0.000000
0
VERTEX
8
MARKING
10
178.396000
20
292.800000
30
0.000000
0
VERTEX
8
MARKING
10
167.604000
20
292.800000
30
0.000000
0
SEQEND
8
MARKING
999
URBANOS_PATH deco.marking-0344
0
POLYLINE
8
MARKING
66
1
70
1
10
0.000000
20
0.000000
30
0.000000
0
VERTEX
8
MARKING
10
167.604000
20
300.500000
30
0.000000
0
VERTEX
8
MARKING
10
178.396000
20
300.500000
30
0.000000
0
VERTEX
8
MARKING
10
178.396000
20
300.800000
30
0.000000
0
VERTEX
8
MARKING
10
167.604000
20
300.800000
30
0.000000
0
SEQEND
8
MARKING
999
URBANOS_PATH deco.marking-0347
0
POLYLINE
8
MARKING
66
1
70
1
10
0.000000
20
0.000000
30
0.000000
0
VERTEX
8
MARKING
10
167.604000
20
308.500000
30
0.000000
0
VERTEX
8
MARKING
10
178.396000
20
308.500000
30
0.000000
0
VERTEX
8
MARKING
10
178.396000
20
308.800000
30
0.000000
0
VERTEX
8
MARKING
10
167.604000
20
308.800000
30
0.000000
0
SEQEND
8
MARKING
999
URBANOS_PATH deco.marking-0350
0
POLYLINE
8
MARKING
66
1
70
1
10
0.000000
20
0.000000
30
0.000000
0
VERTEX
8
MARKING
10
167.604000
20
316.500000
30
0.000000
0
VERTEX
8
MARKING
10
178.396000
20
316.500000
30
0.000000
0
VERTEX
8
MARKING
10
178.396000
20
316.800000
30
0.000000
0
VERTEX
8
MARKING
10
167.604000
20
316.800000
30
0.000000
0
SEQEND
8
MARKING
999
URBANOS_PATH deco.marking-0353
0
POLYLINE
8
MARKING
66
1
70
1
10
0.000000
20
0.000000
30
0.000000
0
VERTEX
8
MARKING
10
167.604000
20
324.500000
30
0.000000
0
VERTEX
8
MARKING
10
178.396000
20
324.500000
30
0.000000
0
VERTEX
8
MARKING
10
178.396000
20
324.800000
30
0.000000
0
VERTEX
8
MARKING
10
167.604000
20
324.800000
30
0.000000
0
SEQEND
8
MARKING
999
URBANOS_PATH deco.marking-0356
0
POLYLINE
8
MARKING
66
1
70
1
10
0.000000
20
0.000000
30
0.000000
0
VERTEX
8
MARKING
10
167.604000
20
332.500000
30
0.000000
0
VERTEX
8
MARKING
10
178.396000
20
332.500000
30
0.000000
0
VERTEX
8
MARKING
10
178.396000
20
332.800000
30
0.000000
0
VERTEX
8
MARKING
10
167.604000
20
332.800000
30
0.000000
0
SEQEND
8
MARKING
999
URBANOS_PATH deco.marking-0359
0
POLYLINE
8
MARKING
66
1
70
1
10
0.000000
20
0.000000
30
0.000000
0
VERTEX
8
MARKING
10
167.604000
20
352.500000
30
0.000000
0
VERTEX
8
MARKING
10
178.396000
20
352.500000
30
0.000000
0
VERTEX
8
MARKING
10
178.396000
20
352.800000
30
0.000000
0
VERTEX
8
MARKING
10
167.604000
20
352.800000
30
0.000000
0
SEQEND
8
MARKING
999
URBANOS_PATH deco.marking-0362
0
POLYLINE
8
MARKING
66
1
70
1
10
0.000000
20
0.000000
30
0.000000
0
VERTEX
8
MARKING
10
167.604000
20
360.500000
30
0.000000
0
VERTEX
8
MARKING
10
178.396000
20
360.500000
30
0.000000
0
VERTEX
8
MARKING
10
178.396000
20
360.800000
30
0.000000
0
VERTEX
8
MARKING
10
167.604000
20
360.800000
30
0.000000
0
SEQEND
8
MARKING
999
URBANOS_PATH deco.marking-0365
0
POLYLINE
8
MARKING
66
1
70
1
10
0.000000
20
0.000000
30
0.000000
0
VERTEX
8
MARKING
10
167.604000
20
368.500000
30
0.000000
0
VERTEX
8
MARKING
10
178.396000
20
368.500000
30
0.000000
0
VERTEX
8
MARKING
10
178.396000
20
368.800000
30
0.000000
0
VERTEX
8
MARKING
10
167.604000
20
368.800000
30
0.000000
0
SEQEND
8
MARKING
999
URBANOS_PATH deco.marking-0368
0
POLYLINE
8
MARKING
66
1
70
1
10
0.000000
20
0.000000
30
0.000000
0
VERTEX
8
MARKING
10
167.604000
20
376.500000
30
0.000000
0
VERTEX
8
MARKING
10
178.396000
20
376.500000
30
0.000000
0
VERTEX
8
MARKING
10
178.396000
20
376.800000
30
0.000000
0
VERTEX
8
MARKING
10
167.604000
20
376.800000
30
0.000000
0
SEQEND
8
MARKING
999
URBANOS_PATH deco.marking-0371
0
POLYLINE
8
MARKING
66
1
70
1
10
0.000000
20
0.000000
30
0.000000
0
VERTEX
8
MARKING
10
136.604000
20
292.500000
30
0.000000
0
VERTEX
8
MARKING
10
147.396000
20
292.500000
30
0.000000
0
VERTEX
8
MARKING
10
147.396000
20
292.800000
30
0.000000
0
VERTEX
8
MARKING
10
136.604000
20
292.800000
30
0.000000
0
SEQEND
8
MARKING
999
URBANOS_PATH deco.marking-0374
0
POLYLINE
8
MARKING
66
1
70
1
10
0.000000
20
0.000000
30
0.000000
0
VERTEX
8
MARKING
10
136.604000
20
300.500000
30
0.000000
0
VERTEX
8
MARKING
10
147.396000
20
300.500000
30
0.000000
0
VERTEX
8
MARKING
10
147.396000
20
300.800000
30
0.000000
0
VERTEX
8
MARKING
10
136.604000
20
300.800000
30
0.000000
0
SEQEND
8
MARKING
999
URBANOS_PATH deco.marking-0377
0
POLYLINE
8
MARKING
66
1
70
1
10
0.000000
20
0.000000
30
0.000000
0
VERTEX
8
MARKING
10
136.604000
20
308.500000
30
0.000000
0
VERTEX
8
MARKING
10
147.396000
20
308.500000
30
0.000000
0
VERTEX
8
MARKING
10
147.396000
20
308.800000
30
0.000000
0
VERTEX
8
MARKING
10
136.604000
20
308.800000
30
0.000000
0
SEQEND
8
MARKING
999
URBANOS_PATH deco.marking-0380
0
POLYLINE
8
MARKING
66
1
70
1
10
0.000000
20
0.000000
30
0.000000
0
VERTEX
8
MARKING
10
136.604000
20
328.500000
30
0.000000
0
VERTEX
8
MARKING
10
147.396000
20
328.500000
30
0.000000
0
VERTEX
8
MARKING
10
147.396000
20
328.800000
30
0.000000
0
VERTEX
8
MARKING
10
136.604000
20
328.800000
30
0.000000
0
SEQEND
8
MARKING
999
URBANOS_PATH deco.marking-0383
0
POLYLINE
8
MARKING
66
1
70
1
10
0.000000
20
0.000000
30
0.000000
0
VERTEX
8
MARKING
10
136.604000
20
336.500000
30
0.000000
0
VERTEX
8
MARKING
10
147.396000
20
336.500000
30
0.000000
0
VERTEX
8
MARKING
10
147.396000
20
336.800000
30
0.000000
0
VERTEX
8
MARKING
10
136.604000
20
336.800000
30
0.000000
0
SEQEND
8
MARKING
999
URBANOS_PATH deco.marking-0386
0
POLYLINE
8
MARKING
66
1
70
1
10
0.000000
20
0.000000
30
0.000000
0
VERTEX
8
MARKING
10
136.604000
20
344.500000
30
0.000000
0
VERTEX
8
MARKING
10
147.396000
20
344.500000
30
0.000000
0
VERTEX
8
MARKING
10
147.396000
20
344.800000
30
0.000000
0
VERTEX
8
MARKING
10
136.604000
20
344.800000
30
0.000000
0
SEQEND
8
MARKING
999
URBANOS_PATH deco.marking-0389
0
POLYLINE
8
MARKING
66
1
70
1
10
0.000000
20
0.000000
30
0.000000
0
VERTEX
8
MARKING
10
136.604000
20
352.500000
30
0.000000
0
VERTEX
8
MARKING
10
147.396000
20
352.500000
30
0.000000
0
VERTEX
8
MARKING
10
147.396000
20
352.800000
30
0.000000
0
VERTEX
8
MARKING
10
136.604000
20
352.800000
30
0.000000
0
SEQEND
8
MARKING
999
URBANOS_PATH deco.marking-0392
0
POLYLINE
8
MARKING
66
1
70
1
10
0.000000
20
0.000000
30
0.000000
0
VERTEX
8
MARKING
10
136.604000
20
360.500000
30
0.000000
0
VERTEX
8
MARKING
10
147.396000
20
360.500000
30
0.000000
0
VERTEX
8
MARKING
10
147.396000
20
360.800000
30
0.000000
0
VERTEX
8
MARKING
10
136.604000
20
360.800000
30
0.000000
0
SEQEND
8
MARKING
999
URBANOS_PATH deco.marking-0395
0
POLYLINE
8
MARKING
66
1
70
1
10
0.000000
20
0.000000
30
0.000000
0
VERTEX
8
MARKING
10
136.604000
20
368.500000
30
0.000000
0
VERTEX
8
MARKING
10
147.396000
20
368.500000
30
0.000000
0
VERTEX
8
MARKING
10
147.396000
20
368.800000
30
0.000000
0
VERTEX
8
MARKING
10
136.604000
20
368.800000
30
0.000000
0
SEQEND
8
MARKING
999
URBANOS_PATH deco.marking-0398
0
POLYLINE
8
MARKING
66
1
70
1
10
0.000000
20
0.000000
30
0.000000
0
VERTEX
8
MARKING
10
119.604000
20
292.500000
30
0.000000
0
VERTEX
8
MARKING
10
130.396000
20
292.500000
30
0.000000
0
VERTEX
8
MARKING
10
130.396000
20
292.800000
30
0.000000
0
VERTEX
8
MARKING
10
119.604000
20
292.800000
30
0.000000
0
SEQEND
8
MARKING
999
URBANOS_PATH deco.marking-0401
0
POLYLINE
8
MARKING
66
1
70
1
10
0.000000
20
0.000000
30
0.000000
0
VERTEX
8
MARKING
10
119.604000
20
300.500000
30
0.000000
0
VERTEX
8
MARKING
10
130.396000
20
300.500000
30
0.000000
0
VERTEX
8
MARKING
10
130.396000
20
300.800000
30
0.000000
0
VERTEX
8
MARKING
10
119.604000
20
300.800000
30
0.000000
0
SEQEND
8
MARKING
999
URBANOS_PATH deco.marking-0404
0
POLYLINE
8
MARKING
66
1
70
1
10
0.000000
20
0.000000
30
0.000000
0
VERTEX
8
MARKING
10
119.604000
20
308.500000
30
0.000000
0
VERTEX
8
MARKING
10
130.396000
20
308.500000
30
0.000000
0
VERTEX
8
MARKING
10
130.396000
20
308.800000
30
0.000000
0
VERTEX
8
MARKING
10
119.604000
20
308.800000
30
0.000000
0
SEQEND
8
MARKING
999
URBANOS_PATH deco.marking-0407
0
POLYLINE
8
MARKING
66
1
70
1
10
0.000000
20
0.000000
30
0.000000
0
VERTEX
8
MARKING
10
119.604000
20
316.500000
30
0.000000
0
VERTEX
8
MARKING
10
130.396000
20
316.500000
30
0.000000
0
VERTEX
8
MARKING
10
130.396000
20
316.800000
30
0.000000
0
VERTEX
8
MARKING
10
119.604000
20
316.800000
30
0.000000
0
SEQEND
8
MARKING
999
URBANOS_PATH deco.marking-0410
0
POLYLINE
8
MARKING
66
1
70
1
10
0.000000
20
0.000000
30
0.000000
0
VERTEX
8
MARKING
10
119.604000
20
324.500000
30
0.000000
0
VERTEX
8
MARKING
10
130.396000
20
324.500000
30
0.000000
0
VERTEX
8
MARKING
10
130.396000
20
324.800000
30
0.000000
0
VERTEX
8
MARKING
10
119.604000
20
324.800000
30
0.000000
0
SEQEND
8
MARKING
999
URBANOS_PATH deco.marking-0413
0
POLYLINE
8
MARKING
66
1
70
1
10
0.000000
20
0.000000
30
0.000000
0
VERTEX
8
MARKING
10
119.604000
20
332.500000
30
0.000000
0
VERTEX
8
MARKING
10
130.396000
20
332.500000
30
0.000000
0
VERTEX
8
MARKING
10
130.396000
20
332.800000
30
0.000000
0
VERTEX
8
MARKING
10
119.604000
20
332.800000
30
0.000000
0
SEQEND
8
MARKING
999
URBANOS_PATH deco.marking-0416
0
POLYLINE
8
MARKING
66
1
70
1
10
0.000000
20
0.000000
30
0.000000
0
VERTEX
8
MARKING
10
119.604000
20
352.500000
30
0.000000
0
VERTEX
8
MARKING
10
130.396000
20
352.500000
30
0.000000
0
VERTEX
8
MARKING
10
130.396000
20
352.800000
30
0.000000
0
VERTEX
8
MARKING
10
119.604000
20
352.800000
30
0.000000
0
SEQEND
8
MARKING
999
URBANOS_PATH deco.marking-0419
0
POLYLINE
8
MARKING
66
1
70
1
10
0.000000
20
0.000000
30
0.000000
0
VERTEX
8
MARKING
10
119.604000
20
360.500000
30
0.000000
0
VERTEX
8
MARKING
10
130.396000
20
360.500000
30
0.000000
0
VERTEX
8
MARKING
10
130.396000
20
360.800000
30
0.000000
0
VERTEX
8
MARKING
10
119.604000
20
360.800000
30
0.000000
0
SEQEND
8
MARKING
999
URBANOS_PATH deco.marking-0422
0
POLYLINE
8
MARKING
66
1
70
1
10
0.000000
20
0.000000
30
0.000000
0
VERTEX
8
MARKING
10
119.604000
20
368.500000
30
0.000000
0
VERTEX
8
MARKING
10
130.396000
20
368.500000
30
0.000000
0
VERTEX
8
MARKING
10
130.396000
20
368.800000
30
0.000000
0
VERTEX
8
MARKING
10
119.604000
20
368.800000
30
0.000000
0
SEQEND
8
MARKING
999
URBANOS_PATH deco.marking-0425
0
POLYLINE
8
MARKING
66
1
70
1
10
0.000000
20
0.000000
30
0.000000
0
VERTEX
8
MARKING
10
119.604000
20
376.500000
30
0.000000
0
VERTEX
8
MARKING
10
130.396000
20
376.500000
30
0.000000
0
VERTEX
8
MARKING
10
130.396000
20
376.800000
30
0.000000
0
VERTEX
8
MARKING
10
119.604000
20
376.800000
30
0.000000
0
SEQEND
8
MARKING
999
URBANOS_PATH deco.marking-0428
0
POLYLINE
8
MARKING
66
1
70
1
10
0.000000
20
0.000000
30
0.000000
0
VERTEX
8
MARKING
10
88.604000
20
292.500000
30
0.000000
0
VERTEX
8
MARKING
10
99.396000
20
292.500000
30
0.000000
0
VERTEX
8
MARKING
10
99.396000
20
292.800000
30
0.000000
0
VERTEX
8
MARKING
10
88.604000
20
292.800000
30
0.000000
0
SEQEND
8
MARKING
999
URBANOS_PATH deco.marking-0431
0
POLYLINE
8
MARKING
66
1
70
1
10
0.000000
20
0.000000
30
0.000000
0
VERTEX
8
MARKING
10
88.604000
20
300.500000
30
0.000000
0
VERTEX
8
MARKING
10
99.396000
20
300.500000
30
0.000000
0
VERTEX
8
MARKING
10
99.396000
20
300.800000
30
0.000000
0
VERTEX
8
MARKING
10
88.604000
20
300.800000
30
0.000000
0
SEQEND
8
MARKING
999
URBANOS_PATH deco.marking-0434
0
POLYLINE
8
MARKING
66
1
70
1
10
0.000000
20
0.000000
30
0.000000
0
VERTEX
8
MARKING
10
88.604000
20
308.500000
30
0.000000
0
VERTEX
8
MARKING
10
99.396000
20
308.500000
30
0.000000
0
VERTEX
8
MARKING
10
99.396000
20
308.800000
30
0.000000
0
VERTEX
8
MARKING
10
88.604000
20
308.800000
30
0.000000
0
SEQEND
8
MARKING
999
URBANOS_PATH deco.marking-0437
0
POLYLINE
8
MARKING
66
1
70
1
10
0.000000
20
0.000000
30
0.000000
0
VERTEX
8
MARKING
10
88.604000
20
328.500000
30
0.000000
0
VERTEX
8
MARKING
10
99.396000
20
328.500000
30
0.000000
0
VERTEX
8
MARKING
10
99.396000
20
328.800000
30
0.000000
0
VERTEX
8
MARKING
10
88.604000
20
328.800000
30
0.000000
0
SEQEND
8
MARKING
999
URBANOS_PATH deco.marking-0440
0
POLYLINE
8
MARKING
66
1
70
1
10
0.000000
20
0.000000
30
0.000000
0
VERTEX
8
MARKING
10
88.604000
20
336.500000
30
0.000000
0
VERTEX
8
MARKING
10
99.396000
20
336.500000
30
0.000000
0
VERTEX
8
MARKING
10
99.396000
20
336.800000
30
0.000000
0
VERTEX
8
MARKING
10
88.604000
20
336.800000
30
0.000000
0
SEQEND
8
MARKING
999
URBANOS_PATH deco.marking-0443
0
POLYLINE
8
MARKING
66
1
70
1
10
0.000000
20
0.000000
30
0.000000
0
VERTEX
8
MARKING
10
88.604000
20
344.500000
30
0.000000
0
VERTEX
8
MARKING
10
99.396000
20
344.500000
30
0.000000
0
VERTEX
8
MARKING
10
99.396000
20
344.800000
30
0.000000
0
VERTEX
8
MARKING
10
88.604000
20
344.800000
30
0.000000
0
SEQEND
8
MARKING
999
URBANOS_PATH deco.marking-0446
0
POLYLINE
8
MARKING
66
1
70
1
10
0.000000
20
0.000000
30
0.000000
0
VERTEX
8
MARKING
10
88.604000
20
352.500000
30
0.000000
0
VERTEX
8
MARKING
10
99.396000
20
352.500000
30
0.000000
0
VERTEX
8
MARKING
10
99.396000
20
352.800000
30
0.000000
0
VERTEX
8
MARKING
10
88.604000
20
352.800000
30
0.000000
0
SEQEND
8
MARKING
999
URBANOS_PATH deco.marking-0449
0
POLYLINE
8
MARKING
66
1
70
1
10
0.000000
20
0.000000
30
0.000000
0
VERTEX
8
MARKING
10
88.604000
20
360.500000
30
0.000000
0
VERTEX
8
MARKING
10
99.396000
20
360.500000
30
0.000000
0
VERTEX
8
MARKING
10
99.396000
20
360.800000
30
0.000000
0
VERTEX
8
MARKING
10
88.604000
20
360.800000
30
0.000000
0
SEQEND
8
MARKING
999
URBANOS_PATH deco.marking-0452
0
POLYLINE
8
MARKING
66
1
70
1
10
0.000000
20
0.000000
30
0.000000
0
VERTEX
8
MARKING
10
88.604000
20
368.500000
30
0.000000
0
VERTEX
8
MARKING
10
99.396000
20
368.500000
30
0.000000
0
VERTEX
8
MARKING
10
99.396000
20
368.800000
30
0.000000
0
VERTEX
8
MARKING
10
88.604000
20
368.800000
30
0.000000
0
SEQEND
8
MARKING
999
URBANOS_PATH deco.marking-0455
0
POLYLINE
8
MARKING
66
1
70
1
10
0.000000
20
0.000000
30
0.000000
0
VERTEX
8
MARKING
10
71.604000
20
292.500000
30
0.000000
0
VERTEX
8
MARKING
10
82.396000
20
292.500000
30
0.000000
0
VERTEX
8
MARKING
10
82.396000
20
292.800000
30
0.000000
0
VERTEX
8
MARKING
10
71.604000
20
292.800000
30
0.000000
0
SEQEND
8
MARKING
999
URBANOS_PATH deco.marking-0458
0
POLYLINE
8
MARKING
66
1
70
1
10
0.000000
20
0.000000
30
0.000000
0
VERTEX
8
MARKING
10
71.604000
20
300.500000
30
0.000000
0
VERTEX
8
MARKING
10
82.396000
20
300.500000
30
0.000000
0
VERTEX
8
MARKING
10
82.396000
20
300.800000
30
0.000000
0
VERTEX
8
MARKING
10
71.604000
20
300.800000
30
0.000000
0
SEQEND
8
MARKING
999
URBANOS_PATH deco.marking-0461
0
POLYLINE
8
MARKING
66
1
70
1
10
0.000000
20
0.000000
30
0.000000
0
VERTEX
8
MARKING
10
71.604000
20
308.500000
30
0.000000
0
VERTEX
8
MARKING
10
82.396000
20
308.500000
30
0.000000
0
VERTEX
8
MARKING
10
82.396000
20
308.800000
30
0.000000
0
VERTEX
8
MARKING
10
71.604000
20
308.800000
30
0.000000
0
SEQEND
8
MARKING
999
URBANOS_PATH deco.marking-0464
0
POLYLINE
8
MARKING
66
1
70
1
10
0.000000
20
0.000000
30
0.000000
0
VERTEX
8
MARKING
10
71.604000
20
316.500000
30
0.000000
0
VERTEX
8
MARKING
10
82.396000
20
316.500000
30
0.000000
0
VERTEX
8
MARKING
10
82.396000
20
316.800000
30
0.000000
0
VERTEX
8
MARKING
10
71.604000
20
316.800000
30
0.000000
0
SEQEND
8
MARKING
999
URBANOS_PATH deco.marking-0467
0
POLYLINE
8
MARKING
66
1
70
1
10
0.000000
20
0.000000
30
0.000000
0
VERTEX
8
MARKING
10
71.604000
20
324.500000
30
0.000000
0
VERTEX
8
MARKING
10
82.396000
20
324.500000
30
0.000000
0
VERTEX
8
MARKING
10
82.396000
20
324.800000
30
0.000000
0
VERTEX
8
MARKING
10
71.604000
20
324.800000
30
0.000000
0
SEQEND
8
MARKING
999
URBANOS_PATH deco.marking-0470
0
POLYLINE
8
MARKING
66
1
70
1
10
0.000000
20
0.000000
30
0.000000
0
VERTEX
8
MARKING
10
71.604000
20
332.500000
30
0.000000
0
VERTEX
8
MARKING
10
82.396000
20
332.500000
30
0.000000
0
VERTEX
8
MARKING
10
82.396000
20
332.800000
30
0.000000
0
VERTEX
8
MARKING
10
71.604000
20
332.800000
30
0.000000
0
SEQEND
8
MARKING
999
URBANOS_PATH deco.marking-0473
0
POLYLINE
8
MARKING
66
1
70
1
10
0.000000
20
0.000000
30
0.000000
0
VERTEX
8
MARKING
10
71.604000
20
352.500000
30
0.000000
0
VERTEX
8
MARKING
10
82.396000
20
352.500000
30
0.000000
0
VERTEX
8
MARKING
10
82.396000
20
352.800000
30
0.000000
0
VERTEX
8
MARKING
10
71.604000
20
352.800000
30
0.000000
0
SEQEND
8
MARKING
999
URBANOS_PATH deco.marking-0476
0
POLYLINE
8
MARKING
66
1
70
1
10
0.000000
20
0.000000
30
0.000000
0
VERTEX
8
MARKING
10
71.604000
20
360.500000
30
0.000000
0
VERTEX
8
MARKING
10
82.396000
20
360.500000
30
0.000000
0
VERTEX
8
MARKING
10
82.396000
20
360.800000
30
0.000000
0
VERTEX
8
MARKING
10
71.604000
20
360.800000
30
0.000000
0
SEQEND
8
MARKING
999
URBANOS_PATH deco.marking-0479
0
POLYLINE
8
MARKING
66
1
70
1
10
0.000000
20
0.000000
30
0.000000
0
VERTEX
8
MARKING
10
71.604000
20
368.500000
30
0.000000
0
VERTEX
8
MARKING
10
82.396000
20
368.500000
30
0.000000
0
VERTEX
8
MARKING
10
82.396000
20
368.800000
30
0.000000
0
VERTEX
8
MARKING
10
71.604000
20
368.800000
30
0.000000
0
SEQEND
8
MARKING
999
URBANOS_PATH deco.marking-0482
0
POLYLINE
8
MARKING
66
1
70
1
10
0.000000
20
0.000000
30
0.000000
0
VERTEX
8
MARKING
10
71.604000
20
376.500000
30
0.000000
0
VERTEX
8
MARKING
10
82.396000
20
376.500000
30
0.000000
0
VERTEX
8
MARKING
10
82.396000
20
376.800000
30
0.000000
0
VERTEX
8
MARKING
10
71.604000
20
376.800000
30
0.000000
0
SEQEND
8
MARKING
999
URBANOS_PATH deco.marking-0485
0
POLYLINE
8
MARKING
66
1
70
1
10
0.000000
20
0.000000
30
0.000000
0
VERTEX
8
MARKING
10
41.604000
20
292.500000
30
0.000000
0
VERTEX
8
MARKING
10
52.396000
20
292.500000
30
0.000000
0
VERTEX
8
MARKING
10
52.396000
20
292.800000
30
0.000000
0
VERTEX
8
MARKING
10
41.604000
20
292.800000
30
0.000000
0
SEQEND
8
MARKING
999
URBANOS_PATH deco.marking-0488
0
POLYLINE
8
MARKING
66
1
70
1
10
0.000000
20
0.000000
30
0.000000
0
VERTEX
8
MARKING
10
41.604000
20
300.500000
30
0.000000
0
VERTEX
8
MARKING
10
52.396000
20
300.500000
30
0.000000
0
VERTEX
8
MARKING
10
52.396000
20
300.800000
30
0.000000
0
VERTEX
8
MARKING
10
41.604000
20
300.800000
30
0.000000
0
SEQEND
8
MARKING
999
URBANOS_PATH deco.marking-0491
0
POLYLINE
8
MARKING
66
1
70
1
10
0.000000
20
0.000000
30
0.000000
0
VERTEX
8
MARKING
10
41.604000
20
308.500000
30
0.000000
0
VERTEX
8
MARKING
10
52.396000
20
308.500000
30
0.000000
0
VERTEX
8
MARKING
10
52.396000
20
308.800000
30
0.000000
0
VERTEX
8
MARKING
10
41.604000
20
308.800000
30
0.000000
0
SEQEND
8
MARKING
999
URBANOS_PATH deco.marking-0494
0
POLYLINE
8
MARKING
66
1
70
1
10
0.000000
20
0.000000
30
0.000000
0
VERTEX
8
MARKING
10
41.604000
20
328.500000
30
0.000000
0
VERTEX
8
MARKING
10
52.396000
20
328.500000
30
0.000000
0
VERTEX
8
MARKING
10
52.396000
20
328.800000
30
0.000000
0
VERTEX
8
MARKING
10
41.604000
20
328.800000
30
0.000000
0
SEQEND
8
MARKING
999
URBANOS_PATH deco.marking-0497
0
POLYLINE
8
MARKING
66
1
70
1
10
0.000000
20
0.000000
30
0.000000
0
VERTEX
8
MARKING
10
41.604000
20
336.500000
30
0.000000
0
VERTEX
8
MARKING
10
52.396000
20
336.500000
30
0.000000
0
VERTEX
8
MARKING
10
52.396000
20
336.800000
30
0.000000
0
VERTEX
8
MARKING
10
41.604000
20
336.800000
30
0.000000
0
SEQEND
8
MARKING
999
URBANOS_PATH deco.marking-0500
0
POLYLINE
8
MARKING
66
1
70
1
10
0.000000
20
0.000000
30
0.000000
0
VERTEX
8
MARKING
10
41.604000
20
344.500000
30
0.000000
0
VERTEX
8
MARKING
10
52.396000
20
344.500000
30
0.000000
0
VERTEX
8
MARKING
10
52.396000
20
344.800000
30
0.000000
0
VERTEX
8
MARKING
10
41.604000
20
344.800000
30
0.000000
0
SEQEND
8
MARKING
999
URBANOS_PATH deco.marking-0503
0
POLYLINE
8
MARKING
66
1
70
1
10
0.000000
20
0.000000
30
0.000000
0
VERTEX
8
MARKING
10
41.604000
20
352.500000
30
0.000000
0
VERTEX
8
MARKING
10
52.396000
20
352.500000
30
0.000000
0
VERTEX
8
MARKING
10
52.396000
20
352.800000
30
0.000000
0
VERTEX
8
MARKING
10
41.604000
20
352.800000
30
0.000000
0
SEQEND
8
MARKING
999
URBANOS_PATH deco.marking-0506
0
POLYLINE
8
MARKING
66
1
70
1
10
0.000000
20
0.000000
30
0.000000
0
VERTEX
8
MARKING
10
41.604000
20
360.500000
30
0.000000
0
VERTEX
8
MARKING
10
52.396000
20
360.500000
30
0.000000
0
VERTEX
8
MARKING
10
52.396000
20
360.800000
30
0.000000
0
VERTEX
8
MARKING
10
41.604000
20
360.800000
30
0.000000
0
SEQEND
8
MARKING
999
URBANOS_PATH deco.marking-0509
0
POLYLINE
8
MARKING
66
1
70
1
10
0.000000
20
0.000000
30
0.000000
0
VERTEX
8
MARKING
10
41.604000
20
368.500000
30
0.000000
0
VERTEX
8
MARKING
10
52.396000
20
368.500000
30
0.000000
0
VERTEX
8
MARKING
10
52.396000
20
368.800000
30
0.000000
0
VERTEX
8
MARKING
10
41.604000
20
368.800000
30
0.000000
0
SEQEND
8
MARKING
999
URBANOS_PATH deco.marking-0512
0
POLYLINE
8
MARKING
66
1
70
1
10
0.000000
20
0.000000
30
0.000000
0
VERTEX
8
MARKING
10
266.850000
20
292.754000
30
0.000000
0
VERTEX
8
MARKING
10
267.150000
20
292.754000
30
0.000000
0
VERTEX
8
MARKING
10
267.150000
20
303.546000
30
0.000000
0
VERTEX
8
MARKING
10
266.850000
20
303.546000
30
0.000000
0
SEQEND
8
MARKING
999
URBANOS_PATH deco.marking-0515
0
POLYLINE
8
MARKING
66
1
70
1
10
0.000000
20
0.000000
30
0.000000
0
VERTEX
8
MARKING
10
274.850000
20
292.754000
30
0.000000
0
VERTEX
8
MARKING
10
275.150000
20
292.754000
30
0.000000
0
VERTEX
8
MARKING
10
275.150000
20
303.546000
30
0.000000
0
VERTEX
8
MARKING
10
274.850000
20
303.546000
30
0.000000
0
SEQEND
8
MARKING
999
URBANOS_PATH deco.marking-0518
0
POLYLINE
8
MARKING
66
1
70
1
10
0.000000
20
0.000000
30
0.000000
0
VERTEX
8
MARKING
10
282.850000
20
292.754000
30
0.000000
0
VERTEX
8
MARKING
10
283.150000
20
292.754000
30
0.000000
0
VERTEX
8
MARKING
10
283.150000
20
303.546000
30
0.000000
0
VERTEX
8
MARKING
10
282.850000
20
303.546000
30
0.000000
0
SEQEND
8
MARKING
999
URBANOS_PATH deco.marking-0521
0
POLYLINE
8
MARKING
66
1
70
1
10
0.000000
20
0.000000
30
0.000000
0
VERTEX
8
MARKING
10
290.850000
20
292.754000
30
0.000000
0
VERTEX
8
MARKING
10
291.150000
20
292.754000
30
0.000000
0
VERTEX
8
MARKING
10
291.150000
20
303.546000
30
0.000000
0
VERTEX
8
MARKING
10
290.850000
20
303.546000
30
0.000000
0
SEQEND
8
MARKING
999
URBANOS_PATH deco.marking-0524
0
POLYLINE
8
MARKING
66
1
70
1
10
0.000000
20
0.000000
30
0.000000
0
VERTEX
8
MARKING
10
298.850000
20
292.754000
30
0.000000
0
VERTEX
8
MARKING
10
299.150000
20
292.754000
30
0.000000
0
VERTEX
8
MARKING
10
299.150000
20
303.546000
30
0.000000
0
VERTEX
8
MARKING
10
298.850000
20
303.546000
30
0.000000
0
SEQEND
8
MARKING
999
URBANOS_PATH deco.marking-0527
0
POLYLINE
8
MARKING
66
1
70
1
10
0.000000
20
0.000000
30
0.000000
0
VERTEX
8
MARKING
10
306.850000
20
292.754000
30
0.000000
0
VERTEX
8
MARKING
10
307.150000
20
292.754000
30
0.000000
0
VERTEX
8
MARKING
10
307.150000
20
303.546000
30
0.000000
0
VERTEX
8
MARKING
10
306.850000
20
303.546000
30
0.000000
0
SEQEND
8
MARKING
999
URBANOS_PATH deco.marking-0530
0
POLYLINE
8
MARKING
66
1
70
1
10
0.000000
20
0.000000
30
0.000000
0
VERTEX
8
MARKING
10
326.850000
20
292.754000
30
0.000000
0
VERTEX
8
MARKING
10
327.150000
20
292.754000
30
0.000000
0
VERTEX
8
MARKING
10
327.150000
20
303.546000
30
0.000000
0
VERTEX
8
MARKING
10
326.850000
20
303.546000
30
0.000000
0
SEQEND
8
MARKING
999
URBANOS_PATH deco.marking-0533
0
POLYLINE
8
MARKING
66
1
70
1
10
0.000000
20
0.000000
30
0.000000
0
VERTEX
8
MARKING
10
334.850000
20
292.754000
30
0.000000
0
VERTEX
8
MARKING
10
335.150000
20
292.754000
30
0.000000
0
VERTEX
8
MARKING
10
335.150000
20
303.546000
30
0.000000
0
VERTEX
8
MARKING
10
334.850000
20
303.546000
30
0.000000
0
SEQEND
8
MARKING
999
URBANOS_PATH deco.marking-0536
0
POLYLINE
8
MARKING
66
1
70
1
10
0.000000
20
0.000000
30
0.000000
0
VERTEX
8
MARKING
10
342.850000
20
292.754000
30
0.000000
0
VERTEX
8
MARKING
10
343.150000
20
292.754000
30
0.000000
0
VERTEX
8
MARKING
10
343.150000
20
303.546000
30
0.000000
0
VERTEX
8
MARKING
10
342.850000
20
303.546000
30
0.000000
0
SEQEND
8
MARKING
999
URBANOS_PATH deco.marking-0539
0
POLYLINE
8
MARKING
66
1
70
1
10
0.000000
20
0.000000
30
0.000000
0
VERTEX
8
MARKING
10
350.850000
20
292.754000
30
0.000000
0
VERTEX
8
MARKING
10
351.150000
20
292.754000
30
0.000000
0
VERTEX
8
MARKING
10
351.150000
20
303.546000
30
0.000000
0
VERTEX
8
MARKING
10
350.850000
20
303.546000
30
0.000000
0
SEQEND
8
MARKING
999
URBANOS_PATH deco.marking-0542
0
POLYLINE
8
MARKING
66
1
70
1
10
0.000000
20
0.000000
30
0.000000
0
VERTEX
8
MARKING
10
358.850000
20
292.754000
30
0.000000
0
VERTEX
8
MARKING
10
359.150000
20
292.754000
30
0.000000
0
VERTEX
8
MARKING
10
359.150000
20
303.546000
30
0.000000
0
VERTEX
8
MARKING
10
358.850000
20
303.546000
30
0.000000
0
SEQEND
8
MARKING
999
URBANOS_PATH deco.marking-0545
0
POLYLINE
8
MARKING
66
1
70
1
10
0.000000
20
0.000000
30
0.000000
0
VERTEX
8
MARKING
10
366.850000
20
292.754000
30
0.000000
0
VERTEX
8
MARKING
10
367.150000
20
292.754000
30
0.000000
0
VERTEX
8
MARKING
10
367.150000
20
303.546000
30
0.000000
0
VERTEX
8
MARKING
10
366.850000
20
303.546000
30
0.000000
0
SEQEND
8
MARKING
999
URBANOS_PATH deco.marking-0548
0
POLYLINE
8
MARKING
66
1
70
1
10
0.000000
20
0.000000
30
0.000000
0
VERTEX
8
MARKING
10
386.850000
20
292.754000
30
0.000000
0
VERTEX
8
MARKING
10
387.150000
20
292.754000
30
0.000000
0
VERTEX
8
MARKING
10
387.150000
20
303.546000
30
0.000000
0
VERTEX
8
MARKING
10
386.850000
20
303.546000
30
0.000000
0
SEQEND
8
MARKING
999
URBANOS_PATH deco.marking-0551
0
POLYLINE
8
MARKING
66
1
70
1
10
0.000000
20
0.000000
30
0.000000
0
VERTEX
8
MARKING
10
394.850000
20
292.754000
30
0.000000
0
VERTEX
8
MARKING
10
395.150000
20
292.754000
30
0.000000
0
VERTEX
8
MARKING
10
395.150000
20
303.546000
30
0.000000
0
VERTEX
8
MARKING
10
394.850000
20
303.546000
30
0.000000
0
SEQEND
8
MARKING
999
URBANOS_PATH deco.marking-0554
0
POLYLINE
8
MARKING
66
1
70
1
10
0.000000
20
0.000000
30
0.000000
0
VERTEX
8
MARKING
10
266.850000
20
322.754000
30
0.000000
0
VERTEX
8
MARKING
10
267.150000
20
322.754000
30
0.000000
0
VERTEX
8
MARKING
10
267.150000
20
333.546000
30
0.000000
0
VERTEX
8
MARKING
10
266.850000
20
333.546000
30
0.000000
0
SEQEND
8
MARKING
999
URBANOS_PATH deco.marking-0557
0
POLYLINE
8
MARKING
66
1
70
1
10
0.000000
20
0.000000
30
0.000000
0
VERTEX
8
MARKING
10
274.850000
20
322.754000
30
0.000000
0
VERTEX
8
MARKING
10
275.150000
20
322.754000
30
0.000000
0
VERTEX
8
MARKING
10
275.150000
20
333.546000
30
0.000000
0
VERTEX
8
MARKING
10
274.850000
20
333.546000
30
0.000000
0
SEQEND
8
MARKING
999
URBANOS_PATH deco.marking-0560
0
POLYLINE
8
MARKING
66
1
70
1
10
0.000000
20
0.000000
30
0.000000
0
VERTEX
8
MARKING
10
282.850000
20
322.754000
30
0.000000
0
VERTEX
8
MARKING
10
283.150000
20
322.754000
30
0.000000
0
VERTEX
8
MARKING
10
283.150000
20
333.546000
30
0.000000
0
VERTEX
8
MARKING
10
282.850000
20
333.546000
30
0.000000
0
SEQEND
8
MARKING
999
URBANOS_PATH deco.marking-0563
0
POLYLINE
8
MARKING
66
1
70
1
10
0.000000
20
0.000000
30
0.000000
0
VERTEX
8
MARKING
10
302.850000
20
322.754000
30
0.000000
0
VERTEX
8
MARKING
10
303.150000
20
322.754000
30
0.000000
0
VERTEX
8
MARKING
10
303.150000
20
333.546000
30
0.000000
0
VERTEX
8
MARKING
10
302.850000
20
333.546000
30
0.000000
0
SEQEND
8
MARKING
999
URBANOS_PATH deco.marking-0566
0
POLYLINE
8
MARKING
66
1
70
1
10
0.000000
20
0.000000
30
0.000000
0
VERTEX
8
MARKING
10
310.850000
20
322.754000
30
0.000000
0
VERTEX
8
MARKING
10
311.150000
20
322.754000
30
0.000000
0
VERTEX
8
MARKING
10
311.150000
20
333.546000
30
0.000000
0
VERTEX
8
MARKING
10
310.850000
20
333.546000
30
0.000000
0
SEQEND
8
MARKING
999
URBANOS_PATH deco.marking-0569
0
POLYLINE
8
MARKING
66
1
70
1
10
0.000000
20
0.000000
30
0.000000
0
VERTEX
8
MARKING
10
318.850000
20
322.754000
30
0.000000
0
VERTEX
8
MARKING
10
319.150000
20
322.754000
30
0.000000
0
VERTEX
8
MARKING
10
319.150000
20
333.546000
30
0.000000
0
VERTEX
8
MARKING
10
318.850000
20
333.546000
30
0.000000
0
SEQEND
8
MARKING
999
URBANOS_PATH deco.marking-0572
0
POLYLINE
8
MARKING
66
1
70
1
10
0.000000
20
0.000000
30
0.000000
0
VERTEX
8
MARKING
10
326.850000
20
322.754000
30
0.000000
0
VERTEX
8
MARKING
10
327.150000
20
322.754000
30
0.000000
0
VERTEX
8
MARKING
10
327.150000
20
333.546000
30
0.000000
0
VERTEX
8
MARKING
10
326.850000
20
333.546000
30
0.000000
0
SEQEND
8
MARKING
999
URBANOS_PATH deco.marking-0575
0
POLYLINE
8
MARKING
66
1
70
1
10
0.000000
20
0.000000
30
0.000000
0
VERTEX
8
MARKING
10
334.850000
20
322.754000
30
0.000000
0
VERTEX
8
MARKING
10
335.150000
20
322.754000
30
0.000000
0
VERTEX
8
MARKING
10
335.150000
20
333.546000
30
0.000000
0
VERTEX
8
MARKING
10
334.850000
20
333.546000
30
0.000000
0
SEQEND
8
MARKING
999
URBANOS_PATH deco.marking-0578
0
POLYLINE
8
MARKING
66
1
70
1
10
0.000000
20
0.000000
30
0.000000
0
VERTEX
8
MARKING
10
342.850000
20
322.754000
30
0.000000
0
VERTEX
8
MARKING
10
343.150000
20
322.754000
30
0.000000
0
VERTEX
8
MARKING
10
343.150000
20
333.546000
30
0.000000
0
VERTEX
8
MARKING
10
342.850000
20
333.546000
30
0.000000
0
SEQEND
8
MARKING
999
URBANOS_PATH deco.marking-0581
0
POLYLINE
8
MARKING
66
1
70
1
10
0.000000
20
0.000000
30
0.000000
0
VERTEX
8
MARKING
10
362.850000
20
322.754000
30
0.000000
0
VERTEX
8
MARKING
10
363.150000
20
322.754000
30
0.000000
0
VERTEX
8
MARKING
10
363.150000
20
333.546000
30
0.000000
0
VERTEX
8
MARKING
10
362.850000
20
333.546000
30
0.000000
0
SEQEND
8
MARKING
999
URBANOS_PATH deco.marking-0584
0
POLYLINE
8
MARKING
66
1
70
1
10
0.000000
20
0.000000
30
0.000000
0
VERTEX
8
MARKING
10
370.850000
20
322.754000
30
0.000000
0
VERTEX
8
MARKING
10
371.150000
20
322.754000
30
0.000000
0
VERTEX
8
MARKING
10
371.150000
20
333.546000
30
0.000000
0
VERTEX
8
MARKING
10
370.850000
20
333.546000
30
0.000000
0
SEQEND
8
MARKING
999
URBANOS_PATH deco.marking-0587
0
POLYLINE
8
MARKING
66
1
70
1
10
0.000000
20
0.000000
30
0.000000
0
VERTEX
8
MARKING
10
378.850000
20
322.754000
30
0.000000
0
VERTEX
8
MARKING
10
379.150000
20
322.754000
30
0.000000
0
VERTEX
8
MARKING
10
379.150000
20
333.546000
30
0.000000
0
VERTEX
8
MARKING
10
378.850000
20
333.546000
30
0.000000
0
SEQEND
8
MARKING
999
URBANOS_PATH deco.marking-0590
0
POLYLINE
8
MARKING
66
1
70
1
10
0.000000
20
0.000000
30
0.000000
0
VERTEX
8
MARKING
10
386.850000
20
322.754000
30
0.000000
0
VERTEX
8
MARKING
10
387.150000
20
322.754000
30
0.000000
0
VERTEX
8
MARKING
10
387.150000
20
333.546000
30
0.000000
0
VERTEX
8
MARKING
10
386.850000
20
333.546000
30
0.000000
0
SEQEND
8
MARKING
999
URBANOS_PATH deco.marking-0593
0
POLYLINE
8
MARKING
66
1
70
1
10
0.000000
20
0.000000
30
0.000000
0
VERTEX
8
MARKING
10
394.850000
20
322.754000
30
0.000000
0
VERTEX
8
MARKING
10
395.150000
20
322.754000
30
0.000000
0
VERTEX
8
MARKING
10
395.150000
20
333.546000
30
0.000000
0
VERTEX
8
MARKING
10
394.850000
20
333.546000
30
0.000000
0
SEQEND
8
MARKING
999
URBANOS_PATH deco.marking-0596
0
POLYLINE
8
MARKING
66
1
70
1
10
0.000000
20
0.000000
30
0.000000
0
VERTEX
8
MARKING
10
266.850000
20
340.754000
30
0.000000
0
VERTEX
8
MARKING
10
267.150000
20
340.754000
30
0.000000
0
VERTEX
8
MARKING
10
267.150000
20
351.546000
30
0.000000
0
VERTEX
8
MARKING
10
266.850000
20
351.546000
30
0.000000
0
SEQEND
8
MARKING
999
URBANOS_PATH deco.marking-0599
0
POLYLINE
8
MARKING
66
1
70
1
10
0.000000
20
0.000000
30
0.000000
0
VERTEX
8
MARKING
10
274.850000
20
340.754000
30
0.000000
0
VERTEX
8
MARKING
10
275.150000
20
340.754000
30
0.000000
0
VERTEX
8
MARKING
10
275.150000
20
351.546000
30
0.000000
0
VERTEX
8
MARKING
10
274.850000
20
351.546000
30
0.000000
0
SEQEND
8
MARKING
999
URBANOS_PATH deco.marking-0602
0
POLYLINE
8
MARKING
66
1
70
1
10
0.000000
20
0.000000
30
0.000000
0
VERTEX
8
MARKING
10
282.850000
20
340.754000
30
0.000000
0
VERTEX
8
MARKING
10
283.150000
20
340.754000
30
0.000000
0
VERTEX
8
MARKING
10
283.150000
20
351.546000
30
0.000000
0
VERTEX
8
MARKING
10
282.850000
20
351.546000
30
0.000000
0
SEQEND
8
MARKING
999
URBANOS_PATH deco.marking-0605
0
POLYLINE
8
MARKING
66
1
70
1
10
0.000000
20
0.000000
30
0.000000
0
VERTEX
8
MARKING
10
290.850000
20
340.754000
30
0.000000
0
VERTEX
8
MARKING
10
291.150000
20
340.754000
30
0.000000
0
VERTEX
8
MARKING
10
291.150000
20
351.546000
30
0.000000
0
VERTEX
8
MARKING
10
290.850000
20
351.546000
30
0.000000
0
SEQEND
8
MARKING
999
URBANOS_PATH deco.marking-0608
0
POLYLINE
8
MARKING
66
1
70
1
10
0.000000
20
0.000000
30
0.000000
0
VERTEX
8
MARKING
10
298.850000
20
340.754000
30
0.000000
0
VERTEX
8
MARKING
10
299.150000
20
340.754000
30
0.000000
0
VERTEX
8
MARKING
10
299.150000
20
351.546000
30
0.000000
0
VERTEX
8
MARKING
10
298.850000
20
351.546000
30
0.000000
0
SEQEND
8
MARKING
999
URBANOS_PATH deco.marking-0611
0
POLYLINE
8
MARKING
66
1
70
1
10
0.000000
20
0.000000
30
0.000000
0
VERTEX
8
MARKING
10
306.850000
20
340.754000
30
0.000000
0
VERTEX
8
MARKING
10
307.150000
20
340.754000
30
0.000000
0
VERTEX
8
MARKING
10
307.150000
20
351.546000
30
0.000000
0
VERTEX
8
MARKING
10
306.850000
20
351.546000
30
0.000000
0
SEQEND
8
MARKING
999
URBANOS_PATH deco.marking-0614
0
POLYLINE
8
MARKING
66
1
70
1
10
0.000000
20
0.000000
30
0.000000
0
VERTEX
8
MARKING
10
326.850000
20
339.754000
30
0.000000
0
VERTEX
8
MARKING
10
327.150000
20
339.754000
30
0.000000
0
VERTEX
8
MARKING
10
327.150000
20
350.546000
30
0.000000
0
VERTEX
8
MARKING
10
326.850000
20
350.546000
30
0.000000
0
SEQEND
8
MARKING
999
URBANOS_PATH deco.marking-0617
0
POLYLINE
8
MARKING
66
1
70
1
10
0.000000
20
0.000000
30
0.000000
0
VERTEX
8
MARKING
10
334.850000
20
339.754000
30
0.000000
0
VERTEX
8
MARKING
10
335.150000
20
339.754000
30
0.000000
0
VERTEX
8
MARKING
10
335.150000
20
350.546000
30
0.000000
0
VERTEX
8
MARKING
10
334.850000
20
350.546000
30
0.000000
0
SEQEND
8
MARKING
999
URBANOS_PATH deco.marking-0620
0
POLYLINE
8
MARKING
66
1
70
1
10
0.000000
20
0.000000
30
0.000000
0
VERTEX
8
MARKING
10
342.850000
20
339.754000
30
0.000000
0
VERTEX
8
MARKING
10
343.150000
20
339.754000
30
0.000000
0
VERTEX
8
MARKING
10
343.150000
20
350.546000
30
0.000000
0
VERTEX
8
MARKING
10
342.850000
20
350.546000
30
0.000000
0
SEQEND
8
MARKING
999
URBANOS_PATH deco.marking-0623
0
POLYLINE
8
MARKING
66
1
70
1
10
0.000000
20
0.000000
30
0.000000
0
VERTEX
8
MARKING
10
350.850000
20
339.754000
30
0.000000
0
VERTEX
8
MARKING
10
351.150000
20
339.754000
30
0.000000
0
VERTEX
8
MARKING
10
351.150000
20
350.546000
30
0.000000
0
VERTEX
8
MARKING
10
350.850000
20
350.546000
30
0.000000
0
SEQEND
8
MARKING
999
URBANOS_PATH deco.marking-0626
0
POLYLINE
8
MARKING
66
1
70
1
10
0.000000
20
0.000000
30
0.000000
0
VERTEX
8
MARKING
10
358.850000
20
339.754000
30
0.000000
0
VERTEX
8
MARKING
10
359.150000
20
339.754000
30
0.000000
0
VERTEX
8
MARKING
10
359.150000
20
350.546000
30
0.000000
0
VERTEX
8
MARKING
10
358.850000
20
350.546000
30
0.000000
0
SEQEND
8
MARKING
999
URBANOS_PATH deco.marking-0629
0
POLYLINE
8
MARKING
66
1
70
1
10
0.000000
20
0.000000
30
0.000000
0
VERTEX
8
MARKING
10
366.850000
20
340.754000
30
0.000000
0
VERTEX
8
MARKING
10
367.150000
20
340.754000
30
0.000000
0
VERTEX
8
MARKING
10
367.150000
20
351.546000
30
0.000000
0
VERTEX
8
MARKING
10
366.850000
20
351.546000
30
0.000000
0
SEQEND
8
MARKING
999
URBANOS_PATH deco.marking-0632
0
POLYLINE
8
MARKING
66
1
70
1
10
0.000000
20
0.000000
30
0.000000
0
VERTEX
8
MARKING
10
386.850000
20
340.754000
30
0.000000
0
VERTEX
8
MARKING
10
387.150000
20
340.754000
30
0.000000
0
VERTEX
8
MARKING
10
387.150000
20
351.546000
30
0.000000
0
VERTEX
8
MARKING
10
386.850000
20
351.546000
30
0.000000
0
SEQEND
8
MARKING
999
URBANOS_PATH deco.marking-0635
0
POLYLINE
8
MARKING
66
1
70
1
10
0.000000
20
0.000000
30
0.000000
0
VERTEX
8
MARKING
10
394.850000
20
340.754000
30
0.000000
0
VERTEX
8
MARKING
10
395.150000
20
340.754000
30
0.000000
0
VERTEX
8
MARKING
10
395.150000
20
351.546000
30
0.000000
0
VERTEX
8
MARKING
10
394.850000
20
351.546000
30
0.000000
0
SEQEND
8
MARKING
999
URBANOS_PATH deco.marking-0638
0
POLYLINE
8
MARKING
66
1
70
1
10
0.000000
20
0.000000
30
0.000000
0
VERTEX
8
MARKING
10
266.850000
20
370.754000
30
0.000000
0
VERTEX
8
MARKING
10
267.150000
20
370.754000
30
0.000000
0
VERTEX
8
MARKING
10
267.150000
20
381.546000
30
0.000000
0
VERTEX
8
MARKING
10
266.850000
20
381.546000
30
0.000000
0
SEQEND
8
MARKING
999
URBANOS_PATH deco.marking-0641
0
POLYLINE
8
MARKING
66
1
70
1
10
0.000000
20
0.000000
30
0.000000
0
VERTEX
8
MARKING
10
274.850000
20
370.754000
30
0.000000
0
VERTEX
8
MARKING
10
275.150000
20
370.754000
30
0.000000
0
VERTEX
8
MARKING
10
275.150000
20
381.546000
30
0.000000
0
VERTEX
8
MARKING
10
274.850000
20
381.546000
30
0.000000
0
SEQEND
8
MARKING
999
URBANOS_PATH deco.marking-0644
0
POLYLINE
8
MARKING
66
1
70
1
10
0.000000
20
0.000000
30
0.000000
0
VERTEX
8
MARKING
10
282.850000
20
370.754000
30
0.000000
0
VERTEX
8
MARKING
10
283.150000
20
370.754000
30
0.000000
0
VERTEX
8
MARKING
10
283.150000
20
381.546000
30
0.000000
0
VERTEX
8
MARKING
10
282.850000
20
381.546000
30
0.000000
0
SEQEND
8
MARKING
999
URBANOS_PATH deco.marking-0647
0
POLYLINE
8
MARKING
66
1
70
1
10
0.000000
20
0.000000
30
0.000000
0
VERTEX
8
MARKING
10
302.850000
20
370.754000
30
0.000000
0
VERTEX
8
MARKING
10
303.150000
20
370.754000
30
0.000000
0
VERTEX
8
MARKING
10
303.150000
20
381.546000
30
0.000000
0
VERTEX
8
MARKING
10
302.850000
20
381.546000
30
0.000000
0
SEQEND
8
MARKING
999
URBANOS_PATH deco.marking-0650
0
POLYLINE
8
MARKING
66
1
70
1
10
0.000000
20
0.000000
30
0.000000
0
VERTEX
8
MARKING
10
310.850000
20
370.754000
30
0.000000
0
VERTEX
8
MARKING
10
311.150000
20
370.754000
30
0.000000
0
VERTEX
8
MARKING
10
311.150000
20
381.546000
30
0.000000
0
VERTEX
8
MARKING
10
310.850000
20
381.546000
30
0.000000
0
SEQEND
8
MARKING
999
URBANOS_PATH deco.marking-0653
0
POLYLINE
8
MARKING
66
1
70
1
10
0.000000
20
0.000000
30
0.000000
0
VERTEX
8
MARKING
10
318.850000
20
370.754000
30
0.000000
0
VERTEX
8
MARKING
10
319.150000
20
370.754000
30
0.000000
0
VERTEX
8
MARKING
10
319.150000
20
381.546000
30
0.000000
0
VERTEX
8
MARKING
10
318.850000
20
381.546000
30
0.000000
0
SEQEND
8
MARKING
999
URBANOS_PATH deco.marking-0656
0
POLYLINE
8
MARKING
66
1
70
1
10
0.000000
20
0.000000
30
0.000000
0
VERTEX
8
MARKING
10
326.850000
20
370.754000
30
0.000000
0
VERTEX
8
MARKING
10
327.150000
20
370.754000
30
0.000000
0
VERTEX
8
MARKING
10
327.150000
20
381.546000
30
0.000000
0
VERTEX
8
MARKING
10
326.850000
20
381.546000
30
0.000000
0
SEQEND
8
MARKING
999
URBANOS_PATH deco.marking-0659
0
POLYLINE
8
MARKING
66
1
70
1
10
0.000000
20
0.000000
30
0.000000
0
VERTEX
8
MARKING
10
334.850000
20
370.754000
30
0.000000
0
VERTEX
8
MARKING
10
335.150000
20
370.754000
30
0.000000
0
VERTEX
8
MARKING
10
335.150000
20
381.546000
30
0.000000
0
VERTEX
8
MARKING
10
334.850000
20
381.546000
30
0.000000
0
SEQEND
8
MARKING
999
URBANOS_PATH deco.marking-0662
0
POLYLINE
8
MARKING
66
1
70
1
10
0.000000
20
0.000000
30
0.000000
0
VERTEX
8
MARKING
10
342.850000
20
370.754000
30
0.000000
0
VERTEX
8
MARKING
10
343.150000
20
370.754000
30
0.000000
0
VERTEX
8
MARKING
10
343.150000
20
381.546000
30
0.000000
0
VERTEX
8
MARKING
10
342.850000
20
381.546000
30
0.000000
0
SEQEND
8
MARKING
999
URBANOS_PATH deco.marking-0665
0
POLYLINE
8
MARKING
66
1
70
1
10
0.000000
20
0.000000
30
0.000000
0
VERTEX
8
MARKING
10
362.850000
20
370.754000
30
0.000000
0
VERTEX
8
MARKING
10
363.150000
20
370.754000
30
0.000000
0
VERTEX
8
MARKING
10
363.150000
20
381.546000
30
0.000000
0
VERTEX
8
MARKING
10
362.850000
20
381.546000
30
0.000000
0
SEQEND
8
MARKING
999
URBANOS_PATH deco.marking-0668
0
POLYLINE
8
MARKING
66
1
70
1
10
0.000000
20
0.000000
30
0.000000
0
VERTEX
8
MARKING
10
370.850000
20
370.754000
30
0.000000
0
VERTEX
8
MARKING
10
371.150000
20
370.754000
30
0.000000
0
VERTEX
8
MARKING
10
371.150000
20
381.546000
30
0.000000
0
VERTEX
8
MARKING
10
370.850000
20
381.546000
30
0.000000
0
SEQEND
8
MARKING
999
URBANOS_PATH deco.marking-0671
0
POLYLINE
8
MARKING
66
1
70
1
10
0.000000
20
0.000000
30
0.000000
0
VERTEX
8
MARKING
10
378.850000
20
370.754000
30
0.000000
0
VERTEX
8
MARKING
10
379.150000
20
370.754000
30
0.000000
0
VERTEX
8
MARKING
10
379.150000
20
381.546000
30
0.000000
0
VERTEX
8
MARKING
10
378.850000
20
381.546000
30
0.000000
0
SEQEND
8
MARKING
999
URBANOS_PATH deco.marking-0674
0
POLYLINE
8
MARKING
66
1
70
1
10
0.000000
20
0.000000
30
0.000000
0
VERTEX
8
MARKING
10
386.850000
20
370.754000
30
0.000000
0
VERTEX
8
MARKING
10
387.150000
20
370.754000
30
0.000000
0
VERTEX
8
MARKING
10
387.150000
20
381.546000
30
0.000000
0
VERTEX
8
MARKING
10
386.850000
20
381.546000
30
0.000000
0
SEQEND
8
MARKING
999
URBANOS_PATH deco.marking-0677
0
POLYLINE
8
MARKING
66
1
70
1
10
0.000000
20
0.000000
30
0.000000
0
VERTEX
8
MARKING
10
394.850000
20
370.754000
30
0.000000
0
VERTEX
8
MARKING
10
395.150000
20
370.754000
30
0.000000
0
VERTEX
8
MARKING
10
395.150000
20
381.546000
30
0.000000
0
VERTEX
8
MARKING
10
394.850000
20
381.546000
30
0.000000
0
SEQEND
8
MARKING
999
URBANOS_PATH deco.marking-0740
0
POLYLINE
8
MARKING
66
1
70
1
10
0.000000
20
0.000000
30
0.000000
0
VERTEX
8
MARKING
10
216.300000
20
4.000000
30
0.000000
0
VERTEX
8
MARKING
10
216.700000
20
4.000000
30
0.000000
0
VERTEX
8
MARKING
10
216.700000
20
10.000000
30
0.000000
0
VERTEX
8
MARKING
10
216.300000
20
10.000000
30
0.000000
0
SEQEND
8
MARKING
999
URBANOS_PATH deco.marking-0741
0
POLYLINE
8
MARKING
66
1
70
1
10
0.000000
20
0.000000
30
0.000000
0
VERTEX
8
MARKING
10
216.300000
20
18.000000
30
0.000000
0
VERTEX
8
MARKING
10
216.700000
20
18.000000
30
0.000000
0
VERTEX
8
MARKING
10
216.700000
20
24.000000
30
0.000000
0
VERTEX
8
MARKING
10
216.300000
20
24.000000
30
0.000000
0
SEQEND
8
MARKING
999
URBANOS_PATH deco.marking-0742
0
POLYLINE
8
MARKING
66
1
70
1
10
0.000000
20
0.000000
30
0.000000
0
VERTEX
8
MARKING
10
216.300000
20
32.000000
30
0.000000
0
VERTEX
8
MARKING
10
216.700000
20
32.000000
30
0.000000
0
VERTEX
8
MARKING
10
216.700000
20
38.000000
30
0.000000
0
VERTEX
8
MARKING
10
216.300000
20
38.000000
30
0.000000
0
SEQEND
8
MARKING
999
URBANOS_PATH deco.marking-0743
0
POLYLINE
8
MARKING
66
1
70
1
10
0.000000
20
0.000000
30
0.000000
0
VERTEX
8
MARKING
10
216.300000
20
46.000000
30
0.000000
0
VERTEX
8
MARKING
10
216.700000
20
46.000000
30
0.000000
0
VERTEX
8
MARKING
10
216.700000
20
52.000000
30
0.000000
0
VERTEX
8
MARKING
10
216.300000
20
52.000000
30
0.000000
0
SEQEND
8
MARKING
999
URBANOS_PATH deco.marking-0744
0
POLYLINE
8
MARKING
66
1
70
1
10
0.000000
20
0.000000
30
0.000000
0
VERTEX
8
MARKING
10
216.300000
20
60.000000
30
0.000000
0
VERTEX
8
MARKING
10
216.700000
20
60.000000
30
0.000000
0
VERTEX
8
MARKING
10
216.700000
20
66.000000
30
0.000000
0
VERTEX
8
MARKING
10
216.300000
20
66.000000
30
0.000000
0
SEQEND
8
MARKING
999
URBANOS_PATH deco.marking-0745
0
POLYLINE
8
MARKING
66
1
70
1
10
0.000000
20
0.000000
30
0.000000
0
VERTEX
8
MARKING
10
216.300000
20
74.000000
30
0.000000
0
VERTEX
8
MARKING
10
216.700000
20
74.000000
30
0.000000
0
VERTEX
8
MARKING
10
216.700000
20
80.000000
30
0.000000
0
VERTEX
8
MARKING
10
216.300000
20
80.000000
30
0.000000
0
SEQEND
8
MARKING
999
URBANOS_PATH deco.marking-0746
0
POLYLINE
8
MARKING
66
1
70
1
10
0.000000
20
0.000000
30
0.000000
0
VERTEX
8
MARKING
10
216.300000
20
88.000000
30
0.000000
0
VERTEX
8
MARKING
10
216.700000
20
88.000000
30
0.000000
0
VERTEX
8
MARKING
10
216.700000
20
94.000000
30
0.000000
0
VERTEX
8
MARKING
10
216.300000
20
94.000000
30
0.000000
0
SEQEND
8
MARKING
999
URBANOS_PATH deco.marking-0747
0
POLYLINE
8
MARKING
66
1
70
1
10
0.000000
20
0.000000
30
0.000000
0
VERTEX
8
MARKING
10
216.300000
20
102.000000
30
0.000000
0
VERTEX
8
MARKING
10
216.700000
20
102.000000
30
0.000000
0
VERTEX
8
MARKING
10
216.700000
20
108.000000
30
0.000000
0
VERTEX
8
MARKING
10
216.300000
20
108.000000
30
0.000000
0
SEQEND
8
MARKING
999
URBANOS_PATH deco.marking-0748
0
POLYLINE
8
MARKING
66
1
70
1
10
0.000000
20
0.000000
30
0.000000
0
VERTEX
8
MARKING
10
216.300000
20
116.000000
30
0.000000
0
VERTEX
8
MARKING
10
216.700000
20
116.000000
30
0.000000
0
VERTEX
8
MARKING
10
216.700000
20
122.000000
30
0.000000
0
VERTEX
8
MARKING
10
216.300000
20
122.000000
30
0.000000
0
SEQEND
8
MARKING
999
URBANOS_PATH deco.marking-0749
0
POLYLINE
8
MARKING
66
1
70
1
10
0.000000
20
0.000000
30
0.000000
0
VERTEX
8
MARKING
10
216.300000
20
130.000000
30
0.000000
0
VERTEX
8
MARKING
10
216.700000
20
130.000000
30
0.000000
0
VERTEX
8
MARKING
10
216.700000
20
136.000000
30
0.000000
0
VERTEX
8
MARKING
10
216.300000
20
136.000000
30
0.000000
0
SEQEND
8
MARKING
999
URBANOS_PATH deco.marking-0750
0
POLYLINE
8
MARKING
66
1
70
1
10
0.000000
20
0.000000
30
0.000000
0
VERTEX
8
MARKING
10
216.300000
20
144.000000
30
0.000000
0
VERTEX
8
MARKING
10
216.700000
20
144.000000
30
0.000000
0
VERTEX
8
MARKING
10
216.700000
20
150.000000
30
0.000000
0
VERTEX
8
MARKING
10
216.300000
20
150.000000
30
0.000000
0
SEQEND
8
MARKING
999
URBANOS_PATH deco.marking-0751
0
POLYLINE
8
MARKING
66
1
70
1
10
0.000000
20
0.000000
30
0.000000
0
VERTEX
8
MARKING
10
216.300000
20
158.000000
30
0.000000
0
VERTEX
8
MARKING
10
216.700000
20
158.000000
30
0.000000
0
VERTEX
8
MARKING
10
216.700000
20
164.000000
30
0.000000
0
VERTEX
8
MARKING
10
216.300000
20
164.000000
30
0.000000
0
SEQEND
8
MARKING
999
URBANOS_PATH deco.marking-0752
0
POLYLINE
8
MARKING
66
1
70
1
10
0.000000
20
0.000000
30
0.000000
0
VERTEX
8
MARKING
10
216.300000
20
172.000000
30
0.000000
0
VERTEX
8
MARKING
10
216.700000
20
172.000000
30
0.000000
0
VERTEX
8
MARKING
10
216.700000
20
178.000000
30
0.000000
0
VERTEX
8
MARKING
10
216.300000
20
178.000000
30
0.000000
0
SEQEND
8
MARKING
999
URBANOS_PATH deco.marking-0753
0
POLYLINE
8
MARKING
66
1
70
1
10
0.000000
20
0.000000
30
0.000000
0
VERTEX
8
MARKING
10
216.300000
20
186.000000
30
0.000000
0
VERTEX
8
MARKING
10
216.700000
20
186.000000
30
0.000000
0
VERTEX
8
MARKING
10
216.700000
20
192.000000
30
0.000000
0
VERTEX
8
MARKING
10
216.300000
20
192.000000
30
0.000000
0
SEQEND
8
MARKING
999
URBANOS_PATH deco.marking-0754
0
POLYLINE
8
MARKING
66
1
70
1
10
0.000000
20
0.000000
30
0.000000
0
VERTEX
8
MARKING
10
216.300000
20
200.000000
30
0.000000
0
VERTEX
8
MARKING
10
216.700000
20
200.000000
30
0.000000
0
VERTEX
8
MARKING
10
216.700000
20
206.000000
30
0.000000
0
VERTEX
8
MARKING
10
216.300000
20
206.000000
30
0.000000
0
SEQEND
8
MARKING
999
URBANOS_PATH deco.marking-0755
0
POLYLINE
8
MARKING
66
1
70
1
10
0.000000
20
0.000000
30
0.000000
0
VERTEX
8
MARKING
10
216.300000
20
214.000000
30
0.000000
0
VERTEX
8
MARKING
10
216.700000
20
214.000000
30
0.000000
0
VERTEX
8
MARKING
10
216.700000
20
220.000000
30
0.000000
0
VERTEX
8
MARKING
10
216.300000
20
220.000000
30
0.000000
0
SEQEND
8
MARKING
999
URBANOS_PATH deco.marking-0756
0
POLYLINE
8
MARKING
66
1
70
1
10
0.000000
20
0.000000
30
0.000000
0
VERTEX
8
MARKING
10
216.300000
20
228.000000
30
0.000000
0
VERTEX
8
MARKING
10
216.700000
20
228.000000
30
0.000000
0
VERTEX
8
MARKING
10
216.700000
20
234.000000
30
0.000000
0
VERTEX
8
MARKING
10
216.300000
20
234.000000
30
0.000000
0
SEQEND
8
MARKING
999
URBANOS_PATH deco.marking-0757
0
POLYLINE
8
MARKING
66
1
70
1
10
0.000000
20
0.000000
30
0.000000
0
VERTEX
8
MARKING
10
216.300000
20
242.000000
30
0.000000
0
VERTEX
8
MARKING
10
216.700000
20
242.000000
30
0.000000
0
VERTEX
8
MARKING
10
216.700000
20
248.000000
30
0.000000
0
VERTEX
8
MARKING
10
216.300000
20
248.000000
30
0.000000
0
SEQEND
8
MARKING
999
URBANOS_PATH deco.marking-0758
0
POLYLINE
8
MARKING
66
1
70
1
10
0.000000
20
0.000000
30
0.000000
0
VERTEX
8
MARKING
10
216.300000
20
256.000000
30
0.000000
0
VERTEX
8
MARKING
10
216.700000
20
256.000000
30
0.000000
0
VERTEX
8
MARKING
10
216.700000
20
262.000000
30
0.000000
0
VERTEX
8
MARKING
10
216.300000
20
262.000000
30
0.000000
0
SEQEND
8
MARKING
999
URBANOS_PATH deco.marking-0759
0
POLYLINE
8
MARKING
66
1
70
1
10
0.000000
20
0.000000
30
0.000000
0
VERTEX
8
MARKING
10
216.300000
20
270.000000
30
0.000000
0
VERTEX
8
MARKING
10
216.700000
20
270.000000
30
0.000000
0
VERTEX
8
MARKING
10
216.700000
20
276.000000
30
0.000000
0
VERTEX
8
MARKING
10
216.300000
20
276.000000
30
0.000000
0
SEQEND
8
MARKING
999
URBANOS_PATH deco.marking-0760
0
POLYLINE
8
MARKING
66
1
70
1
10
0.000000
20
0.000000
30
0.000000
0
VERTEX
8
MARKING
10
216.300000
20
284.000000
30
0.000000
0
VERTEX
8
MARKING
10
216.700000
20
284.000000
30
0.000000
0
VERTEX
8
MARKING
10
216.700000
20
290.000000
30
0.000000
0
VERTEX
8
MARKING
10
216.300000
20
290.000000
30
0.000000
0
SEQEND
8
MARKING
999
URBANOS_PATH deco.marking-0761
0
POLYLINE
8
MARKING
66
1
70
1
10
0.000000
20
0.000000
30
0.000000
0
VERTEX
8
MARKING
10
216.300000
20
298.000000
30
0.000000
0
VERTEX
8
MARKING
10
216.700000
20
298.000000
30
0.000000
0
VERTEX
8
MARKING
10
216.700000
20
304.000000
30
0.000000
0
VERTEX
8
MARKING
10
216.300000
20
304.000000
30
0.000000
0
SEQEND
8
MARKING
999
URBANOS_PATH deco.marking-0762
0
POLYLINE
8
MARKING
66
1
70
1
10
0.000000
20
0.000000
30
0.000000
0
VERTEX
8
MARKING
10
216.300000
20
312.000000
30
0.000000
0
VERTEX
8
MARKING
10
216.700000
20
312.000000
30
0.000000
0
VERTEX
8
MARKING
10
216.700000
20
318.000000
30
0.000000
0
VERTEX
8
MARKING
10
216.300000
20
318.000000
30
0.000000
0
SEQEND
8
MARKING
999
URBANOS_PATH deco.marking-0763
0
POLYLINE
8
MARKING
66
1
70
1
10
0.000000
20
0.000000
30
0.000000
0
VERTEX
8
MARKING
10
216.300000
20
326.000000
30
0.000000
0
VERTEX
8
MARKING
10
216.700000
20
326.000000
30
0.000000
0
VERTEX
8
MARKING
10
216.700000
20
332.000000
30
0.000000
0
VERTEX
8
MARKING
10
216.300000
20
332.000000
30
0.000000
0
SEQEND
8
MARKING
999
URBANOS_PATH deco.marking-0764
0
POLYLINE
8
MARKING
66
1
70
1
10
0.000000
20
0.000000
30
0.000000
0
VERTEX
8
MARKING
10
216.300000
20
340.000000
30
0.000000
0
VERTEX
8
MARKING
10
216.700000
20
340.000000
30
0.000000
0
VERTEX
8
MARKING
10
216.700000
20
346.000000
30
0.000000
0
VERTEX
8
MARKING
10
216.300000
20
346.000000
30
0.000000
0
SEQEND
8
MARKING
999
URBANOS_PATH deco.marking-0765
0
POLYLINE
8
MARKING
66
1
70
1
10
0.000000
20
0.000000
30
0.000000
0
VERTEX
8
MARKING
10
216.300000
20
354.000000
30
0.000000
0
VERTEX
8
MARKING
10
216.700000
20
354.000000
30
0.000000
0
VERTEX
8
MARKING
10
216.700000
20
360.000000
30
0.000000
0
VERTEX
8
MARKING
10
216.300000
20
360.000000
30
0.000000
0
SEQEND
8
MARKING
999
URBANOS_PATH deco.marking-0766
0
POLYLINE
8
MARKING
66
1
70
1
10
0.000000
20
0.000000
30
0.000000
0
VERTEX
8
MARKING
10
216.300000
20
368.000000
30
0.000000
0
VERTEX
8
MARKING
10
216.700000
20
368.000000
30
0.000000
0
VERTEX
8
MARKING
10
216.700000
20
374.000000
30
0.000000
0
VERTEX
8
MARKING
10
216.300000
20
374.000000
30
0.000000
0
SEQEND
8
MARKING
999
URBANOS_PATH deco.marking-0767
0
POLYLINE
8
MARKING
66
1
70
1
10
0.000000
20
0.000000
30
0.000000
0
VERTEX
8
MARKING
10
216.300000
20
382.000000
30
0.000000
0
VERTEX
8
MARKING
10
216.700000
20
382.000000
30
0.000000
0
VERTEX
8
MARKING
10
216.700000
20
388.000000
30
0.000000
0
VERTEX
8
MARKING
10
216.300000
20
388.000000
30
0.000000
0
SEQEND
8
MARKING
999
URBANOS_PATH deco.marking-0768
0
POLYLINE
8
MARKING
66
1
70
1
10
0.000000
20
0.000000
30
0.000000
0
VERTEX
8
MARKING
10
216.300000
20
396.000000
30
0.000000
0
VERTEX
8
MARKING
10
216.700000
20
396.000000
30
0.000000
0
VERTEX
8
MARKING
10
216.700000
20
402.000000
30
0.000000
0
VERTEX
8
MARKING
10
216.300000
20
402.000000
30
0.000000
0
SEQEND
8
MARKING
999
URBANOS_PATH deco.marking-0769
0
POLYLINE
8
MARKING
66
1
70
1
10
0.000000
20
0.000000
30
0.000000
0
VERTEX
8
MARKING
10
216.300000
20
410.000000
30
0.000000
0
VERTEX
8
MARKING
10
216.700000
20
410.000000
30
0.000000
0
VERTEX
8
MARKING
10
216.700000
20
416.000000
30
0.000000
0
VERTEX
8
MARKING
10
216.300000
20
416.000000
30
0.000000
0
SEQEND
8
MARKING
999
URBANOS_PATH deco.marking-0770
0
POLYLINE
8
MARKING
66
1
70
1
10
0.000000
20
0.000000
30
0.000000
0
VERTEX
8
MARKING
10
243.300000
20
4.000000
30
0.000000
0
VERTEX
8
MARKING
10
243.700000
20
4.000000
30
0.000000
0
VERTEX
8
MARKING
10
243.700000
20
10.000000
30
0.000000
0
VERTEX
8
MARKING
10
243.300000
20
10.000000
30
0.000000
0
SEQEND
8
MARKING
999
URBANOS_PATH deco.marking-0771
0
POLYLINE
8
MARKING
66
1
70
1
10
0.000000
20
0.000000
30
0.000000
0
VERTEX
8
MARKING
10
243.300000
20
18.000000
30
0.000000
0
VERTEX
8
MARKING
10
243.700000
20
18.000000
30
0.000000
0
VERTEX
8
MARKING
10
243.700000
20
24.000000
30
0.000000
0
VERTEX
8
MARKING
10
243.300000
20
24.000000
30
0.000000
0
SEQEND
8
MARKING
999
URBANOS_PATH deco.marking-0772
0
POLYLINE
8
MARKING
66
1
70
1
10
0.000000
20
0.000000
30
0.000000
0
VERTEX
8
MARKING
10
243.300000
20
32.000000
30
0.000000
0
VERTEX
8
MARKING
10
243.700000
20
32.000000
30
0.000000
0
VERTEX
8
MARKING
10
243.700000
20
38.000000
30
0.000000
0
VERTEX
8
MARKING
10
243.300000
20
38.000000
30
0.000000
0
SEQEND
8
MARKING
999
URBANOS_PATH deco.marking-0773
0
POLYLINE
8
MARKING
66
1
70
1
10
0.000000
20
0.000000
30
0.000000
0
VERTEX
8
MARKING
10
243.300000
20
46.000000
30
0.000000
0
VERTEX
8
MARKING
10
243.700000
20
46.000000
30
0.000000
0
VERTEX
8
MARKING
10
243.700000
20
52.000000
30
0.000000
0
VERTEX
8
MARKING
10
243.300000
20
52.000000
30
0.000000
0
SEQEND
8
MARKING
999
URBANOS_PATH deco.marking-0774
0
POLYLINE
8
MARKING
66
1
70
1
10
0.000000
20
0.000000
30
0.000000
0
VERTEX
8
MARKING
10
243.300000
20
60.000000
30
0.000000
0
VERTEX
8
MARKING
10
243.700000
20
60.000000
30
0.000000
0
VERTEX
8
MARKING
10
243.700000
20
66.000000
30
0.000000
0
VERTEX
8
MARKING
10
243.300000
20
66.000000
30
0.000000
0
SEQEND
8
MARKING
999
URBANOS_PATH deco.marking-0775
0
POLYLINE
8
MARKING
66
1
70
1
10
0.000000
20
0.000000
30
0.000000
0
VERTEX
8
MARKING
10
243.300000
20
74.000000
30
0.000000
0
VERTEX
8
MARKING
10
243.700000
20
74.000000
30
0.000000
0
VERTEX
8
MARKING
10
243.700000
20
80.000000
30
0.000000
0
VERTEX
8
MARKING
10
243.300000
20
80.000000
30
0.000000
0
SEQEND
8
MARKING
999
URBANOS_PATH deco.marking-0776
0
POLYLINE
8
MARKING
66
1
70
1
10
0.000000
20
0.000000
30
0.000000
0
VERTEX
8
MARKING
10
243.300000
20
88.000000
30
0.000000
0
VERTEX
8
MARKING
10
243.700000
20
88.000000
30
0.000000
0
VERTEX
8
MARKING
10
243.700000
20
94.000000
30
0.000000
0
VERTEX
8
MARKING
10
243.300000
20
94.000000
30
0.000000
0
SEQEND
8
MARKING
999
URBANOS_PATH deco.marking-0777
0
POLYLINE
8
MARKING
66
1
70
1
10
0.000000
20
0.000000
30
0.000000
0
VERTEX
8
MARKING
10
243.300000
20
102.000000
30
0.000000
0
VERTEX
8
MARKING
10
243.700000
20
102.000000
30
0.000000
0
VERTEX
8
MARKING
10
243.700000
20
108.000000
30
0.000000
0
VERTEX
8
MARKING
10
243.300000
20
108.000000
30
0.000000
0
SEQEND
8
MARKING
999
URBANOS_PATH deco.marking-0778
0
POLYLINE
8
MARKING
66
1
70
1
10
0.000000
20
0.000000
30
0.000000
0
VERTEX
8
MARKING
10
243.300000
20
116.000000
30
0.000000
0
VERTEX
8
MARKING
10
243.700000
20
116.000000
30
0.000000
0
VERTEX
8
MARKING
10
243.700000
20
122.000000
30
0.000000
0
VERTEX
8
MARKING
10
243.300000
20
122.000000
30
0.000000
0
SEQEND
8
MARKING
999
URBANOS_PATH deco.marking-0779
0
POLYLINE
8
MARKING
66
1
70
1
10
0.000000
20
0.000000
30
0.000000
0
VERTEX
8
MARKING
10
243.300000
20
130.000000
30
0.000000
0
VERTEX
8
MARKING
10
243.700000
20
130.000000
30
0.000000
0
VERTEX
8
MARKING
10
243.700000
20
136.000000
30
0.000000
0
VERTEX
8
MARKING
10
243.300000
20
136.000000
30
0.000000
0
SEQEND
8
MARKING
999
URBANOS_PATH deco.marking-0780
0
POLYLINE
8
MARKING
66
1
70
1
10
0.000000
20
0.000000
30
0.000000
0
VERTEX
8
MARKING
10
243.300000
20
144.000000
30
0.000000
0
VERTEX
8
MARKING
10
243.700000
20
144.000000
30
0.000000
0
VERTEX
8
MARKING
10
243.700000
20
150.000000
30
0.000000
0
VERTEX
8
MARKING
10
243.300000
20
150.000000
30
0.000000
0
SEQEND
8
MARKING
999
URBANOS_PATH deco.marking-0781
0
POLYLINE
8
MARKING
66
1
70
1
10
0.000000
20
0.000000
30
0.000000
0
VERTEX
8
MARKING
10
243.300000
20
158.000000
30
0.000000
0
VERTEX
8
MARKING
10
243.700000
20
158.000000
30
0.000000
0
VERTEX
8
MARKING
10
243.700000
20
164.000000
30
0.000000
0
VERTEX
8
MARKING
10
243.300000
20
164.000000
30
0.000000
0
SEQEND
8
MARKING
999
URBANOS_PATH deco.marking-0782
0
POLYLINE
8
MARKING
66
1
70
1
10
0.000000
20
0.000000
30
0.000000
0
VERTEX
8
MARKING
10
243.300000
20
172.000000
30
0.000000
0
VERTEX
8
MARKING
10
243.700000
20
172.000000
30
0.000000
0
VERTEX
8
MARKING
10
243.700000
20
178.000000
30
0.000000
0
VERTEX
8
MARKING
10
243.300000
20
178.000000
30
0.000000
0
SEQEND
8
MARKING
999
URBANOS_PATH deco.marking-0783
0
POLYLINE
8
MARKING
66
1
70
1
10
0.000000
20
0.000000
30
0.000000
0
VERTEX
8
MARKING
10
243.300000
20
186.000000
30
0.000000
0
VERTEX
8
MARKING
10
243.700000
20
186.000000
30
0.000000
0
VERTEX
8
MARKING
10
243.700000
20
192.000000
30
0.000000
0
VERTEX
8
MARKING
10
243.300000
20
192.000000
30
0.000000
0
SEQEND
8
MARKING
999
URBANOS_PATH deco.marking-0784
0
POLYLINE
8
MARKING
66
1
70
1
10
0.000000
20
0.000000
30
0.000000
0
VERTEX
8
MARKING
10
243.300000
20
200.000000
30
0.000000
0
VERTEX
8
MARKING
10
243.700000
20
200.000000
30
0.000000
0
VERTEX
8
MARKING
10
243.700000
20
206.000000
30
0.000000
0
VERTEX
8
MARKING
10
243.300000
20
206.000000
30
0.000000
0
SEQEND
8
MARKING
999
URBANOS_PATH deco.marking-0785
0
POLYLINE
8
MARKING
66
1
70
1
10
0.000000
20
0.000000
30
0.000000
0
VERTEX
8
MARKING
10
243.300000
20
214.000000
30
0.000000
0
VERTEX
8
MARKING
10
243.700000
20
214.000000
30
0.000000
0
VERTEX
8
MARKING
10
243.700000
20
220.000000
30
0.000000
0
VERTEX
8
MARKING
10
243.300000
20
220.000000
30
0.000000
0
SEQEND
8
MARKING
999
URBANOS_PATH deco.marking-0786
0
POLYLINE
8
MARKING
66
1
70
1
10
0.000000
20
0.000000
30
0.000000
0
VERTEX
8
MARKING
10
243.300000
20
228.000000
30
0.000000
0
VERTEX
8
MARKING
10
243.700000
20
228.000000
30
0.000000
0
VERTEX
8
MARKING
10
243.700000
20
234.000000
30
0.000000
0
VERTEX
8
MARKING
10
243.300000
20
234.000000
30
0.000000
0
SEQEND
8
MARKING
999
URBANOS_PATH deco.marking-0787
0
POLYLINE
8
MARKING
66
1
70
1
10
0.000000
20
0.000000
30
0.000000
0
VERTEX
8
MARKING
10
243.300000
20
242.000000
30
0.000000
0
VERTEX
8
MARKING
10
243.700000
20
242.000000
30
0.000000
0
VERTEX
8
MARKING
10
243.700000
20
248.000000
30
0.000000
0
VERTEX
8
MARKING
10
243.300000
20
248.000000
30
0.000000
0
SEQEND
8
MARKING
999
URBANOS_PATH deco.marking-0788
0
POLYLINE
8
MARKING
66
1
70
1
10
0.000000
20
0.000000
30
0.000000
0
VERTEX
8
MARKING
10
243.300000
20
256.000000
30
0.000000
0
VERTEX
8
MARKING
10
243.700000
20
256.000000
30
0.000000
0
VERTEX
8
MARKING
10
243.700000
20
262.000000
30
0.000000
0
VERTEX
8
MARKING
10
243.300000
20
262.000000
30
0.000000
0
SEQEND
8
MARKING
999
URBANOS_PATH deco.marking-0789
0
POLYLINE
8
MARKING
66
1
70
1
10
0.000000
20
0.000000
30
0.000000
0
VERTEX
8
MARKING
10
243.300000
20
270.000000
30
0.000000
0
VERTEX
8
MARKING
10
243.700000
20
270.000000
30
0.000000
0
VERTEX
8
MARKING
10
243.700000
20
276.000000
30
0.000000
0
VERTEX
8
MARKING
10
243.300000
20
276.000000
30
0.000000
0
SEQEND
8
MARKING
999
URBANOS_PATH deco.marking-0790
0
POLYLINE
8
MARKING
66
1
70
1
10
0.000000
20
0.000000
30
0.000000
0
VERTEX
8
MARKING
10
243.300000
20
284.000000
30
0.000000
0
VERTEX
8
MARKING
10
243.700000
20
284.000000
30
0.000000
0
VERTEX
8
MARKING
10
243.700000
20
290.000000
30
0.000000
0
VERTEX
8
MARKING
10
243.300000
20
290.000000
30
0.000000
0
SEQEND
8
MARKING
999
URBANOS_PATH deco.marking-0791
0
POLYLINE
8
MARKING
66
1
70
1
10
0.000000
20
0.000000
30
0.000000
0
VERTEX
8
MARKING
10
243.300000
20
298.000000
30
0.000000
0
VERTEX
8
MARKING
10
243.700000
20
298.000000
30
0.000000
0
VERTEX
8
MARKING
10
243.700000
20
304.000000
30
0.000000
0
VERTEX
8
MARKING
10
243.300000
20
304.000000
30
0.000000
0
SEQEND
8
MARKING
999
URBANOS_PATH deco.marking-0792
0
POLYLINE
8
MARKING
66
1
70
1
10
0.000000
20
0.000000
30
0.000000
0
VERTEX
8
MARKING
10
243.300000
20
312.000000
30
0.000000
0
VERTEX
8
MARKING
10
243.700000
20
312.000000
30
0.000000
0
VERTEX
8
MARKING
10
243.700000
20
318.000000
30
0.000000
0
VERTEX
8
MARKING
10
243.300000
20
318.000000
30
0.000000
0
SEQEND
8
MARKING
999
URBANOS_PATH deco.marking-0793
0
POLYLINE
8
MARKING
66
1
70
1
10
0.000000
20
0.000000
30
0.000000
0
VERTEX
8
MARKING
10
243.300000
20
326.000000
30
0.000000
0
VERTEX
8
MARKING
10
243.700000
20
326.000000
30
0.000000
0
VERTEX
8
MARKING
10
243.700000
20
332.000000
30
0.000000
0
VERTEX
8
MARKING
10
243.300000
20
332.000000
30
0.000000
0
SEQEND
8
MARKING
999
URBANOS_PATH deco.marking-0794
0
POLYLINE
8
MARKING
66
1
70
1
10
0.000000
20
0.000000
30
0.000000
0
VERTEX
8
MARKING
10
243.300000
20
340.000000
30
0.000000
0
VERTEX
8
MARKING
10
243.700000
20
340.000000
30
0.000000
0
VERTEX
8
MARKING
10
243.700000
20
346.000000
30
0.000000
0
VERTEX
8
MARKING
10
243.300000
20
346.000000
30
0.000000
0
SEQEND
8
MARKING
999
URBANOS_PATH deco.marking-0795
0
POLYLINE
8
MARKING
66
1
70
1
10
0.000000
20
0.000000
30
0.000000
0
VERTEX
8
MARKING
10
243.300000
20
354.000000
30
0.000000
0
VERTEX
8
MARKING
10
243.700000
20
354.000000
30
0.000000
0
VERTEX
8
MARKING
10
243.700000
20
360.000000
30
0.000000
0
VERTEX
8
MARKING
10
243.300000
20
360.000000
30
0.000000
0
SEQEND
8
MARKING
999
URBANOS_PATH deco.marking-0796
0
POLYLINE
8
MARKING
66
1
70
1
10
0.000000
20
0.000000
30
0.000000
0
VERTEX
8
MARKING
10
243.300000
20
368.000000
30
0.000000
0
VERTEX
8
MARKING
10
243.700000
20
368.000000
30
0.000000
0
VERTEX
8
MARKING
10
243.700000
20
374.000000
30
0.000000
0
VERTEX
8
MARKING
10
243.300000
20
374.000000
30
0.000000
0
SEQEND
8
MARKING
999
URBANOS_PATH deco.marking-0797
0
POLYLINE
8
MARKING
66
1
70
1
10
0.000000
20
0.000000
30
0.000000
0
VERTEX
8
MARKING
10
243.300000
20
382.000000
30
0.000000
0
VERTEX
8
MARKING
10
243.700000
20
382.000000
30
0.000000
0
VERTEX
8
MARKING
10
243.700000
20
388.000000
30
0.000000
0
VERTEX
8
MARKING
10
243.300000
20
388.000000
30
0.000000
0
SEQEND
8
MARKING
999
URBANOS_PATH deco.marking-0798
0
POLYLINE
8
MARKING
66
1
70
1
10
0.000000
20
0.000000
30
0.000000
0
VERTEX
8
MARKING
10
243.300000
20
396.000000
30
0.000000
0
VERTEX
8
MARKING
10
243.700000
20
396.000000
30
0.000000
0
VERTEX
8
MARKING
10
243.700000
20
402.000000
30
0.000000
0
VERTEX
8
MARKING
10
243.300000
20
402.000000
30
0.000000
0
SEQEND
8
MARKING
999
URBANOS_PATH deco.marking-0799
0
POLYLINE
8
MARKING
66
1
70
1
10
0.000000
20
0.000000
30
0.000000
0
VERTEX
8
MARKING
10
243.300000
20
410.000000
30
0.000000
0
VERTEX
8
MARKING
10
243.700000
20
410.000000
30
0.000000
0
VERTEX
8
MARKING
10
243.700000
20
416.000000
30
0.000000
0
VERTEX
8
MARKING
10
243.300000
20
416.000000
30
0.000000
0
SEQEND
8
MARKING
999
URBANOS_PATH deco.shadow-0000
0
POLYLINE
8
SHADOW
66
1
70
1
10
0.000000
20
0.000000
30
0.000000
0
VERTEX
8
SHADOW
10
38.680000
20
120.200000
30
0.000000
0
VERTEX
8
SHADOW
10
45.720000
20
120.200000
30
0.000000
0
VERTEX
8
SHADOW
10
45.720000
20
134.400000
30
0.000000
0
VERTEX
8
SHADOW
10
38.680000
20
134.400000
30
0.000000
0
SEQEND
8
SHADOW
999
URBANOS_PATH deco.shadow-0003
0
POLYLINE
8
SHADOW
66
1
70
1
10
0.000000
20
0.000000
30
0.000000
0
VERTEX
8
SHADOW
10
46.680000
20
120.200000
30
0.000000
0
VERTEX
8
SHADOW
10
53.720000
20
120.200000
30
0.000000
0
VERTEX
8
SHADOW
10
53.720000
20
134.400000
30
0.000000
0
VERTEX
8
SHADOW
10
46.680000
20
134.400000
30
0.000000
0
SEQEND
8
SHADOW
999
URBANOS_PATH deco.shadow-0006
0
POLYLINE
8
SHADOW
66
1
70
1
10
0.000000
20
0.000000
30
0.000000
0
VERTEX
8
SHADOW
10
54.680000
20
120.200000
30
0.000000
0
VERTEX
8
SHADOW
10
61.720000
20
120.200000
30
0.000000
0
VERTEX
8
SHADOW
10
61.720000
20
134.400000
30
0.000000
0
VERTEX
8
SHADOW
10
54.680000
20
134.400000
30
0.000000
0
SEQEND
8
SHADOW
999
URBANOS_PATH deco.shadow-0009
0
POLYLINE
8
SHADOW
66
1
70
1
10
0.000000
20
0.000000
30
0.000000
0
VERTEX
8
SHADOW
10
62.680000
20
120.200000
30
0.000000
0
VERTEX
8
SHADOW
10
69.720000
20
120.200000
30
0.000000
0
VERTEX
8
SHADOW
10
69.720000
20
134.400000
30
0.000000
0
VERTEX
8
SHADOW
10
62.680000
20
134.400000
30
0.000000
0
SEQEND
8
SHADOW
999
URBANOS_PATH deco.shadow-0012
0
POLYLINE
8
SHADOW
66
1
70
1
10
0.000000
20
0.000000
30
0.000000
0
VERTEX
8
SHADOW
10
70.680000
20
120.200000
30
0.000000
0
VERTEX
8
SHADOW
10
77.720000
20
120.200000
30
0.000000
0
VERTEX
8
SHADOW
10
77.720000
20
134.400000
30
0.000000
0
VERTEX
8
SHADOW
10
70.680000
20
134.400000
30
0.000000
0
SEQEND
8
SHADOW
999
URBANOS_PATH deco.shadow-0015
0
POLYLINE
8
SHADOW
66
1
70
1
10
0.000000
20
0.000000
30
0.000000
0
VERTEX
8
SHADOW
10
78.680000
20
120.200000
30
0.000000
0
VERTEX
8
SHADOW
10
85.720000
20
120.200000
30
0.000000
0
VERTEX
8
SHADOW
10
85.720000
20
134.400000
30
0.000000
0
VERTEX
8
SHADOW
10
78.680000
20
134.400000
30
0.000000
0
SEQEND
8
SHADOW
999
URBANOS_PATH deco.shadow-0018
0
POLYLINE
8
SHADOW
66
1
70
1
10
0.000000
20
0.000000
30
0.000000
0
VERTEX
8
SHADOW
10
98.680000
20
120.200000
30
0.000000
0
VERTEX
8
SHADOW
10
105.720000
20
120.200000
30
0.000000
0
VERTEX
8
SHADOW
10
105.720000
20
134.400000
30
0.000000
0
VERTEX
8
SHADOW
10
98.680000
20
134.400000
30
0.000000
0
SEQEND
8
SHADOW
999
URBANOS_PATH deco.shadow-0021
0
POLYLINE
8
SHADOW
66
1
70
1
10
0.000000
20
0.000000
30
0.000000
0
VERTEX
8
SHADOW
10
106.680000
20
120.200000
30
0.000000
0
VERTEX
8
SHADOW
10
113.720000
20
120.200000
30
0.000000
0
VERTEX
8
SHADOW
10
113.720000
20
134.400000
30
0.000000
0
VERTEX
8
SHADOW
10
106.680000
20
134.400000
30
0.000000
0
SEQEND
8
SHADOW
999
URBANOS_PATH deco.shadow-0024
0
POLYLINE
8
SHADOW
66
1
70
1
10
0.000000
20
0.000000
30
0.000000
0
VERTEX
8
SHADOW
10
114.680000
20
120.200000
30
0.000000
0
VERTEX
8
SHADOW
10
121.720000
20
120.200000
30
0.000000
0
VERTEX
8
SHADOW
10
121.720000
20
134.400000
30
0.000000
0
VERTEX
8
SHADOW
10
114.680000
20
134.400000
30
0.000000
0
SEQEND
8
SHADOW
999
URBANOS_PATH deco.shadow-0027
0
POLYLINE
8
SHADOW
66
1
70
1
10
0.000000
20
0.000000
30
0.000000
0
VERTEX
8
SHADOW
10
122.680000
20
120.200000
30
0.000000
0
VERTEX
8
SHADOW
10
129.720000
20
120.200000
30
0.000000
0
VERTEX
8
SHADOW
10
129.720000
20
134.400000
30
0.000000
0
VERTEX
8
SHADOW
10
122.680000
20
134.400000
30
0.000000
0
SEQEND
8
SHADOW
999
URBANOS_PATH deco.shadow-0030
0
POLYLINE
8
SHADOW
66
1
70
1
10
0.000000
20
0.000000
30
0.000000
0
VERTEX
8
SHADOW
10
130.680000
20
120.200000
30
0.000000
0
VERTEX
8
SHADOW
10
137.720000
20
120.200000
30
0.000000
0
VERTEX
8
SHADOW
10
137.720000
20
134.400000
30
0.000000
0
VERTEX
8
SHADOW
10
130.680000
20
134.400000
30
0.000000
0
SEQEND
8
SHADOW
999
URBANOS_PATH deco.shadow-0033
0
POLYLINE
8
SHADOW
66
1
70
1
10
0.000000
20
0.000000
30
0.000000
0
VERTEX
8
SHADOW
10
138.680000
20
120.200000
30
0.000000
0
VERTEX
8
SHADOW
10
145.720000
20
120.200000
30
0.000000
0
VERTEX
8
SHADOW
10
145.720000
20
134.400000
30
0.000000
0
VERTEX
8
SHADOW
10
138.680000
20
134.400000
30
0.000000
0
SEQEND
8
SHADOW
999
URBANOS_PATH deco.shadow-0036
0
POLYLINE
8
SHADOW
66
1
70
1
10
0.000000
20
0.000000
30
0.000000
0
VERTEX
8
SHADOW
10
158.680000
20
120.200000
30
0.000000
0
VERTEX
8
SHADOW
10
165.720000
20
120.200000
30
0.000000
0
VERTEX
8
SHADOW
10
165.720000
20
134.400000
30
0.000000
0
VERTEX
8
SHADOW
10
158.680000
20
134.400000
30
0.000000
0
SEQEND
8
SHADOW
999
URBANOS_PATH deco.shadow-0039
0
POLYLINE
8
SHADOW
66
1
70
1
10
0.000000
20
0.000000
30
0.000000
0
VERTEX
8
SHADOW
10
166.680000
20
120.200000
30
0.000000
0
VERTEX
8
SHADOW
10
173.720000
20
120.200000
30
0.000000
0
VERTEX
8
SHADOW
10
173.720000
20
134.400000
30
0.000000
0
VERTEX
8
SHADOW
10
166.680000
20
134.400000
30
0.000000
0
SEQEND
8
SHADOW
999
URBANOS_PATH deco.shadow-0042
0
POLYLINE
8
SHADOW
66
1
70
1
10
0.000000
20
0.000000
30
0.000000
0
VERTEX
8
SHADOW
10
38.680000
20
90.200000
30
0.000000
0
VERTEX
8
SHADOW
10
45.720000
20
90.200000
30
0.000000
0
VERTEX
8
SHADOW
10
45.720000
20
104.400000
30
0.000000
0
VERTEX
8
SHADOW
10
38.680000
20
104.400000
30
0.000000
0
SEQEND
8
SHADOW
999
URBANOS_PATH deco.shadow-0045
0
POLYLINE
8
SHADOW
66
1
70
1
10
0.000000
20
0.000000
30
0.000000
0
VERTEX
8
SHADOW
10
46.680000
20
90.200000
30
0.000000
0
VERTEX
8
SHADOW
10
53.720000
20
90.200000
30
0.000000
0
VERTEX
8
SHADOW
10
53.720000
20
104.400000
30
0.000000
0
VERTEX
8
SHADOW
10
46.680000
20
104.400000
30
0.000000
0
SEQEND
8
SHADOW
999
URBANOS_PATH deco.shadow-0048
0
POLYLINE
8
SHADOW
66
1
70
1
10
0.000000
20
0.000000
30
0.000000
0
VERTEX
8
SHADOW
10
54.680000
20
90.200000
30
0.000000
0
VERTEX
8
SHADOW
10
61.720000
20
90.200000
30
0.000000
0
VERTEX
8
SHADOW
10
61.720000
20
104.400000
30
0.000000
0
VERTEX
8
SHADOW
10
54.680000
20
104.400000
30
0.000000
0
SEQEND
8
SHADOW
999
URBANOS_PATH deco.shadow-0051
0
POLYLINE
8
SHADOW
66
1
70
1
10
0.000000
20
0.000000
30
0.000000
0
VERTEX
8
SHADOW
10
74.680000
20
90.200000
30
0.000000
0
VERTEX
8
SHADOW
10
81.720000
20
90.200000
30
0.000000
0
VERTEX
8
SHADOW
10
81.720000
20
104.400000
30
0.000000
0
VERTEX
8
SHADOW
10
74.680000
20
104.400000
30
0.000000
0
SEQEND
8
SHADOW
999
URBANOS_PATH deco.shadow-0054
0
POLYLINE
8
SHADOW
66
1
70
1
10
0.000000
20
0.000000
30
0.000000
0
VERTEX
8
SHADOW
10
82.680000
20
90.200000
30
0.000000
0
VERTEX
8
SHADOW
10
89.720000
20
90.200000
30
0.000000
0
VERTEX
8
SHADOW
10
89.720000
20
104.400000
30
0.000000
0
VERTEX
8
SHADOW
10
82.680000
20
104.400000
30
0.000000
0
SEQEND
8
SHADOW
999
URBANOS_PATH deco.shadow-0057
0
POLYLINE
8
SHADOW
66
1
70
1
10
0.000000
20
0.000000
30
0.000000
0
VERTEX
8
SHADOW
10
90.680000
20
90.200000
30
0.000000
0
VERTEX
8
SHADOW
10
97.720000
20
90.200000
30
0.000000
0
VERTEX
8
SHADOW
10
97.720000
20
104.400000
30
0.000000
0
VERTEX
8
SHADOW
10
90.680000
20
104.400000
30
0.000000
0
SEQEND
8
SHADOW
999
URBANOS_PATH deco.shadow-0060
0
POLYLINE
8
SHADOW
66
1
70
1
10
0.000000
20
0.000000
30
0.000000
0
VERTEX
8
SHADOW
10
98.680000
20
89.200000
30
0.000000
0
VERTEX
8
SHADOW
10
105.720000
20
89.200000
30
0.000000
0
VERTEX
8
SHADOW
10
105.720000
20
103.400000
30
0.000000
0
VERTEX
8
SHADOW
10
98.680000
20
103.400000
30
0.000000
0
SEQEND
8
SHADOW
999
URBANOS_PATH deco.shadow-0063
0
POLYLINE
8
SHADOW
66
1
70
1
10
0.000000
20
0.000000
30
0.000000
0
VERTEX
8
SHADOW
10
106.680000
20
89.200000
30
0.000000
0
VERTEX
8
SHADOW
10
113.720000
20
89.200000
30
0.000000
0
VERTEX
8
SHADOW
10
113.720000
20
103.400000
30
0.000000
0
VERTEX
8
SHADOW
10
106.680000
20
103.400000
30
0.000000
0
SEQEND
8
SHADOW
999
URBANOS_PATH deco.shadow-0066
0
POLYLINE
8
SHADOW
66
1
70
1
10
0.000000
20
0.000000
30
0.000000
0
VERTEX
8
SHADOW
10
114.680000
20
89.200000
30
0.000000
0
VERTEX
8
SHADOW
10
121.720000
20
89.200000
30
0.000000
0
VERTEX
8
SHADOW
10
121.720000
20
103.400000
30
0.000000
0
VERTEX
8
SHADOW
10
114.680000
20
103.400000
30
0.000000
0
SEQEND
8
SHADOW
999
URBANOS_PATH deco.shadow-0069
0
POLYLINE
8
SHADOW
66
1
70
1
10
0.000000
20
0.000000
30
0.000000
0
VERTEX
8
SHADOW
10
134.680000
20
89.200000
30
0.000000
0
VERTEX
8
SHADOW
10
141.720000
20
89.200000
30
0.000000
0
VERTEX
8
SHADOW
10
141.720000
20
103.400000
30
0.000000
0
VERTEX
8
SHADOW
10
134.680000
20
103.400000
30
0.000000
0
SEQEND
8
SHADOW
999
URBANOS_PATH deco.shadow-0072
0
POLYLINE
8
SHADOW
66
1
70
1
10
0.000000
20
0.000000
30
0.000000
0
VERTEX
8
SHADOW
10
142.680000
20
90.200000
30
0.000000
0
VERTEX
8
SHADOW
10
149.720000
20
90.200000
30
0.000000
0
VERTEX
8
SHADOW
10
149.720000
20
104.400000
30
0.000000
0
VERTEX
8
SHADOW
10
142.680000
20
104.400000
30
0.000000
0
SEQEND
8
SHADOW
999
URBANOS_PATH deco.shadow-0075
0
POLYLINE
8
SHADOW
66
1
70
1
10
0.000000
20
0.000000
30
0.000000
0
VERTEX
8
SHADOW
10
150.680000
20
90.200000
30
0.000000
0
VERTEX
8
SHADOW
10
157.720000
20
90.200000
30
0.000000
0
VERTEX
8
SHADOW
10
157.720000
20
104.400000
30
0.000000
0
VERTEX
8
SHADOW
10
150.680000
20
104.400000
30
0.000000
0
SEQEND
8
SHADOW
999
URBANOS_PATH deco.shadow-0078
0
POLYLINE
8
SHADOW
66
1
70
1
10
0.000000
20
0.000000
30
0.000000
0
VERTEX
8
SHADOW
10
158.680000
20
90.200000
30
0.000000
0
VERTEX
8
SHADOW
10
165.720000
20
90.200000
30
0.000000
0
VERTEX
8
SHADOW
10
165.720000
20
104.400000
30
0.000000
0
VERTEX
8
SHADOW
10
158.680000
20
104.400000
30
0.000000
0
SEQEND
8
SHADOW
999
URBANOS_PATH deco.shadow-0081
0
POLYLINE
8
SHADOW
66
1
70
1
10
0.000000
20
0.000000
30
0.000000
0
VERTEX
8
SHADOW
10
166.680000
20
90.200000
30
0.000000
0
VERTEX
8
SHADOW
10
173.720000
20
90.200000
30
0.000000
0
VERTEX
8
SHADOW
10
173.720000
20
104.400000
30
0.000000
0
VERTEX
8
SHADOW
10
166.680000
20
104.400000
30
0.000000
0
SEQEND
8
SHADOW
999
URBANOS_PATH deco.shadow-0084
0
POLYLINE
8
SHADOW
66
1
70
1
10
0.000000
20
0.000000
30
0.000000
0
VERTEX
8
SHADOW
10
38.680000
20
72.200000
30
0.000000
0
VERTEX
8
SHADOW
10
45.720000
20
72.200000
30
0.000000
0
VERTEX
8
SHADOW
10
45.720000
20
86.400000
30
0.000000
0
VERTEX
8
SHADOW
10
38.680000
20
86.400000
30
0.000000
0
SEQEND
8
SHADOW
999
URBANOS_PATH deco.shadow-0087
0
POLYLINE
8
SHADOW
66
1
70
1
10
0.000000
20
0.000000
30
0.000000
0
VERTEX
8
SHADOW
10
46.680000
20
72.200000
30
0.000000
0
VERTEX
8
SHADOW
10
53.720000
20
72.200000
30
0.000000
0
VERTEX
8
SHADOW
10
53.720000
20
86.400000
30
0.000000
0
VERTEX
8
SHADOW
10
46.680000
20
86.400000
30
0.000000
0
SEQEND
8
SHADOW
999
URBANOS_PATH deco.shadow-0090
0
POLYLINE
8
SHADOW
66
1
70
1
10
0.000000
20
0.000000
30
0.000000
0
VERTEX
8
SHADOW
10
54.680000
20
72.200000
30
0.000000
0
VERTEX
8
SHADOW
10
61.720000
20
72.200000
30
0.000000
0
VERTEX
8
SHADOW
10
61.720000
20
86.400000
30
0.000000
0
VERTEX
8
SHADOW
10
54.680000
20
86.400000
30
0.000000
0
SEQEND
8
SHADOW
999
URBANOS_PATH deco.shadow-0093
0
POLYLINE
8
SHADOW
66
1
70
1
10
0.000000
20
0.000000
30
0.000000
0
VERTEX
8
SHADOW
10
62.680000
20
72.200000
30
0.000000
0
VERTEX
8
SHADOW
10
69.720000
20
72.200000
30
0.000000
0
VERTEX
8
SHADOW
10
69.720000
20
86.400000
30
0.000000
0
VERTEX
8
SHADOW
10
62.680000
20
86.400000
30
0.000000
0
SEQEND
8
SHADOW
999
URBANOS_PATH deco.shadow-0096
0
POLYLINE
8
SHADOW
66
1
70
1
10
0.000000
20
0.000000
30
0.000000
0
VERTEX
8
SHADOW
10
70.680000
20
72.200000
30
0.000000
0
VERTEX
8
SHADOW
10
77.720000
20
72.200000
30
0.000000
0
VERTEX
8
SHADOW
10
77.720000
20
86.400000
30
0.000000
0
VERTEX
8
SHADOW
10
70.680000
20
86.400000
30
0.000000
0
SEQEND
8
SHADOW
999
URBANOS_PATH deco.shadow-0099
0
POLYLINE
8
SHADOW
66
1
70
1
10
0.000000
20
0.000000
30
0.000000
0
VERTEX
8
SHADOW
10
78.680000
20
72.200000
30
0.000000
0
VERTEX
8
SHADOW
10
85.720000
20
72.200000
30
0.000000
0
VERTEX
8
SHADOW
10
85.720000
20
86.400000
30
0.000000
0
VERTEX
8
SHADOW
10
78.680000
20
86.400000
30
0.000000
0
SEQEND
8
SHADOW
999
URBANOS_PATH deco.shadow-0102
0
POLYLINE
8
SHADOW
66
1
70
1
10
0.000000
20
0.000000
30
0.000000
0
VERTEX
8
SHADOW
10
98.680000
20
72.200000
30
0.000000
0
VERTEX
8
SHADOW
10
105.720000
20
72.200000
30
0.000000
0
VERTEX
8
SHADOW
10
105.720000
20
86.400000
30
0.000000
0
VERTEX
8
SHADOW
10
98.680000
20
86.400000
30
0.000000
0
SEQEND
8
SHADOW
999
URBANOS_PATH deco.shadow-0105
0
POLYLINE
8
SHADOW
66
1
70
1
10
0.000000
20
0.000000
30
0.000000
0
VERTEX
8
SHADOW
10
106.680000
20
72.200000
30
0.000000
0
VERTEX
8
SHADOW
10
113.720000
20
72.200000
30
0.000000
0
VERTEX
8
SHADOW
10
113.720000
20
86.400000
30
0.000000
0
VERTEX
8
SHADOW
10
106.680000
20
86.400000
30
0.000000
0
SEQEND
8
SHADOW
999
URBANOS_PATH deco.shadow-0108
0
POLYLINE
8
SHADOW
66
1
70
1
10
0.000000
20
0.000000
30
0.000000
0
VERTEX
8
SHADOW
10
114.680000
20
72.200000
30
0.000000
0
VERTEX
8
SHADOW
10
121.720000
20
72.200000
30
0.000000
0
VERTEX
8
SHADOW
10
121.720000
20
86.400000
30
0.000000
0
VERTEX
8
SHADOW
10
114.680000
20
86.400000
30
0.000000
0
SEQEND
8
SHADOW
999
URBANOS_PATH deco.shadow-0111
0
POLYLINE
8
SHADOW
66
1
70
1
10
0.000000
20
0.000000
30
0.000000
0
VERTEX
8
SHADOW
10
122.680000
20
72.200000
30
0.000000
0
VERTEX
8
SHADOW
10
129.720000
20
72.200000
30
0.000000
0
VERTEX
8
SHADOW
10
129.720000
20
86.400000
30
0.000000
0
VERTEX
8
SHADOW
10
122.680000
20
86.400000
30
0.000000
0
SEQEND
8
SHADOW
999
URBANOS_PATH deco.shadow-0114
0
POLYLINE
8
SHADOW
66
1
70
1
10
0.000000
20
0.000000
30
0.000000
0
VERTEX
8
SHADOW
10
130.680000
20
72.200000
30
0.000000
0
VERTEX
8
SHADOW
10
137.720000
20
72.200000
30
0.000000
0
VERTEX
8
SHADOW
10
137.720000
20
86.400000
30
0.000000
0
VERTEX
8
SHADOW
10
130.680000
20
86.400000
30
0.000000
0
SEQEND
8
SHADOW
999
URBANOS_PATH deco.shadow-0117
0
POLYLINE
8
SHADOW
66
1
70
1
10
0.000000
20
0.000000
30
0.000000
0
VERTEX
8
SHADOW
10
138.680000
20
72.200000
30
0.000000
0
VERTEX
8
SHADOW
10
145.720000
20
72.200000
30
0.000000
0
VERTEX
8
SHADOW
10
145.720000
20
86.400000
30
0.000000
0
VERTEX
8
SHADOW
10
138.680000
20
86.400000
30
0.000000
0
SEQEND
8
SHADOW
999
URBANOS_PATH deco.shadow-0120
0
POLYLINE
8
SHADOW
66
1
70
1
10
0.000000
20
0.000000
30
0.000000
0
VERTEX
8
SHADOW
10
158.680000
20
72.200000
30
0.000000
0
VERTEX
8
SHADOW
10
165.720000
20
72.200000
30
0.000000
0
VERTEX
8
SHADOW
10
165.720000
20
86.400000
30
0.000000
0
VERTEX
8
SHADOW
10
158.680000
20
86.400000
30
0.000000
0
SEQEND
8
SHADOW
999
URBANOS_PATH deco.shadow-0123
0
POLYLINE
8
SHADOW
66
1
70
1
10
0.000000
20
0.000000
30
0.000000
0
VERTEX
8
SHADOW
10
166.680000
20
72.200000
30
0.000000
0
VERTEX
8
SHADOW
10
173.720000
20
72.200000
30
0.000000
0
VERTEX
8
SHADOW
10
173.720000
20
86.400000
30
0.000000
0
VERTEX
8
SHADOW
10
166.680000
20
86.400000
30
0.000000
0
SEQEND
8
SHADOW
999
URBANOS_PATH deco.shadow-0126
0
POLYLINE
8
SHADOW
66
1
70
1
10
0.000000
20
0.000000
30
0.000000
0
VERTEX
8
SHADOW
10
38.680000
20
42.200000
30
0.000000
0
VERTEX
8
SHADOW
10
45.720000
20
42.200000
30
0.000000
0
VERTEX
8
SHADOW
10
45.720000
20
56.400000
30
0.000000
0
VERTEX
8
SHADOW
10
38.680000
20
56.400000
30
0.000000
0
SEQEND
8
SHADOW
999
URBANOS_PATH deco.shadow-0129
0
POLYLINE
8
SHADOW
66
1
70
1
10
0.000000
20
0.000000
30
0.000000
0
VERTEX
8
SHADOW
10
46.680000
20
42.200000
30
0.000000
0
VERTEX
8
SHADOW
10
53.720000
20
42.200000
30
0.000000
0
VERTEX
8
SHADOW
10
53.720000
20
56.400000
30
0.000000
0
VERTEX
8
SHADOW
10
46.680000
20
56.400000
30
0.000000
0
SEQEND
8
SHADOW
999
URBANOS_PATH deco.shadow-0132
0
POLYLINE
8
SHADOW
66
1
70
1
10
0.000000
20
0.000000
30
0.000000
0
VERTEX
8
SHADOW
10
54.680000
20
42.200000
30
0.000000
0
VERTEX
8
SHADOW
10
61.720000
20
42.200000
30
0.000000
0
VERTEX
8
SHADOW
10
61.720000
20
56.400000
30
0.000000
0
VERTEX
8
SHADOW
10
54.680000
20
56.400000
30
0.000000
0
SEQEND
8
SHADOW
999
URBANOS_PATH deco.shadow-0135
0
POLYLINE
8
SHADOW
66
1
70
1
10
0.000000
20
0.000000
30
0.000000
0
VERTEX
8
SHADOW
10
74.680000
20
42.200000
30
0.000000
0
VERTEX
8
SHADOW
10
81.720000
20
42.200000
30
0.000000
0
VERTEX
8
SHADOW
10
81.720000
20
56.400000
30
0.000000
0
VERTEX
8
SHADOW
10
74.680000
20
56.400000
30
0.000000
0
SEQEND
8
SHADOW
999
URBANOS_PATH deco.shadow-0138
0
POLYLINE
8
SHADOW
66
1
70
1
10
0.000000
20
0.000000
30
0.000000
0
VERTEX
8
SHADOW
10
82.680000
20
42.200000
30
0.000000
0
VERTEX
8
SHADOW
10
89.720000
20
42.200000
30
0.000000
0
VERTEX
8
SHADOW
10
89.720000
20
56.400000
30
0.000000
0
VERTEX
8
SHADOW
10
82.680000
20
56.400000
30
0.000000
0
SEQEND
8
SHADOW
999
URBANOS_PATH deco.shadow-0141
0
POLYLINE
8
SHADOW
66
1
70
1
10
0.000000
20
0.000000
30
0.000000
0
VERTEX
8
SHADOW
10
90.680000
20
42.200000
30
0.000000
0
VERTEX
8
SHADOW
10
97.720000
20
42.200000
30
0.000000
0
VERTEX
8
SHADOW
10
97.720000
20
56.400000
30
0.000000
0
VERTEX
8
SHADOW
10
90.680000
20
56.400000
30
0.000000
0
SEQEND
8
SHADOW
999
URBANOS_PATH deco.shadow-0144
0
POLYLINE
8
SHADOW
66
1
70
1
10
0.000000
20
0.000000
30
0.000000
0
VERTEX
8
SHADOW
10
98.680000
20
42.200000
30
0.000000
0
VERTEX
8
SHADOW
10
105.720000
20
42.200000
30
0.000000
0
VERTEX
8
SHADOW
10
105.720000
20
56.400000
30
0.000000
0
VERTEX
8
SHADOW
10
98.680000
20
56.400000
30
0.000000
0
SEQEND
8
SHADOW
999
URBANOS_PATH deco.shadow-0147
0
POLYLINE
8
SHADOW
66
1
70
1
10
0.000000
20
0.000000
30
0.000000
0
VERTEX
8
SHADOW
10
106.680000
20
42.200000
30
0.000000
0
VERTEX
8
SHADOW
10
113.720000
20
42.200000
30
0.000000
0
VERTEX
8
SHADOW
10
113.720000
20
56.400000
30
0.000000
0
VERTEX
8
SHADOW
10
106.680000
20
56.400000
30
0.000000
0
SEQEND
8
SHADOW
999
URBANOS_PATH deco.shadow-0150
0
POLYLINE
8
SHADOW
66
1
70
1
10
0.000000
20
0.000000
30
0.000000
0
VERTEX
8
SHADOW
10
114.680000
20
42.200000
30
0.000000
0
VERTEX
8
SHADOW
10
121.720000
20
42.200000
30
0.000000
0
VERTEX
8
SHADOW
10
121.720000
20
56.400000
30
0.000000
0
VERTEX
8
SHADOW
10
114.680000
20
56.400000
30
0.000000
0
SEQEND
8
SHADOW
999
URBANOS_PATH deco.shadow-0153
0
POLYLINE
8
SHADOW
66
1
70
1
10
0.000000
20
0.000000
30
0.000000
0
VERTEX
8
SHADOW
10
134.680000
20
42.200000
30
0.000000
0
VERTEX
8
SHADOW
10
141.720000
20
42.200000
30
0.000000
0
VERTEX
8
SHADOW
10
141.720000
20
56.400000
30
0.000000
0
VERTEX
8
SHADOW
10
134.680000
20
56.400000
30
0.000000
0
SEQEND
8
SHADOW
999
URBANOS_PATH deco.shadow-0156
0
POLYLINE
8
SHADOW
66
1
70
1
10
0.000000
20
0.000000
30
0.000000
0
VERTEX
8
SHADOW
10
142.680000
20
42.200000
30
0.000000
0
VERTEX
8
SHADOW
10
149.720000
20
42.200000
30
0.000000
0
VERTEX
8
SHADOW
10
149.720000
20
56.400000
30
0.000000
0
VERTEX
8
SHADOW
10
142.680000
20
56.400000
30
0.000000
0
SEQEND
8
SHADOW
999
URBANOS_PATH deco.shadow-0159
0
POLYLINE
8
SHADOW
66
1
70
1
10
0.000000
20
0.000000
30
0.000000
0
VERTEX
8
SHADOW
10
150.680000
20
42.200000
30
0.000000
0
VERTEX
8
SHADOW
10
157.720000
20
42.200000
30
0.000000
0
VERTEX
8
SHADOW
10
157.720000
20
56.400000
30
0.000000
0
VERTEX
8
SHADOW
10
150.680000
20
56.400000
30
0.000000
0
SEQEND
8
SHADOW
999
URBANOS_PATH deco.shadow-0162
0
POLYLINE
8
SHADOW
66
1
70
1
10
0.000000
20
0.000000
30
0.000000
0
VERTEX
8
SHADOW
10
158.680000
20
42.200000
30
0.000000
0
VERTEX
8
SHADOW
10
165.720000
20
42.200000
30
0.000000
0
VERTEX
8
SHADOW
10
165.720000
20
56.400000
30
0.000000
0
VERTEX
8
SHADOW
10
158.680000
20
56.400000
30
0.000000
0
SEQEND
8
SHADOW
999
URBANOS_PATH deco.shadow-0165
0
POLYLINE
8
SHADOW
66
1
70
1
10
0.000000
20
0.000000
30
0.000000
0
VERTEX
8
SHADOW
10
166.680000
20
42.200000
30
0.000000
0
VERTEX
8
SHADOW
10
173.720000
20
42.200000
30
0.000000
0
VERTEX
8
SHADOW
10
173.720000
20
56.400000
30
0.000000
0
VERTEX
8
SHADOW
10
166.680000
20
56.400000
30
0.000000
0
SEQEND
8
SHADOW
999
URBANOS_PATH deco.shadow-0168
0
POLYLINE
8
SHADOW
66
1
70
1
10
0.000000
20
0.000000
30
0.000000
0
VERTEX
8
SHADOW
10
266.100000
20
40.280000
30
0.000000
0
VERTEX
8
SHADOW
10
280.300000
20
40.280000
30
0.000000
0
VERTEX
8
SHADOW
10
280.300000
20
47.320000
30
0.000000
0
VERTEX
8
SHADOW
10
266.100000
20
47.320000
30
0.000000
0
SEQEND
8
SHADOW
999
URBANOS_PATH deco.shadow-0171
0
POLYLINE
8
SHADOW
66
1
70
1
10
0.000000
20
0.000000
30
0.000000
0
VERTEX
8
SHADOW
10
266.100000
20
48.280000
30
0.000000
0
VERTEX
8
SHADOW
10
280.300000
20
48.280000
30
0.000000
0
VERTEX
8
SHADOW
10
280.300000
20
55.320000
30
0.000000
0
VERTEX
8
SHADOW
10
266.100000
20
55.320000
30
0.000000
0
SEQEND
8
SHADOW
999
URBANOS_PATH deco.shadow-0174
0
POLYLINE
8
SHADOW
66
1
70
1
10
0.000000
20
0.000000
30
0.000000
0
VERTEX
8
SHADOW
10
266.100000
20
56.280000
30
0.000000
0
VERTEX
8
SHADOW
10
280.300000
20
56.280000
30
0.000000
0
VERTEX
8
SHADOW
10
280.300000
20
63.320000
30
0.000000
0
VERTEX
8
SHADOW
10
266.100000
20
63.320000
30
0.000000
0
SEQEND
8
SHADOW
999
URBANOS_PATH deco.shadow-0177
0
POLYLINE
8
SHADOW
66
1
70
1
10
0.000000
20
0.000000
30
0.000000
0
VERTEX
8
SHADOW
10
266.100000
20
64.280000
30
0.000000
0
VERTEX
8
SHADOW
10
280.300000
20
64.280000
30
0.000000
0
VERTEX
8
SHADOW
10
280.300000
20
71.320000
30
0.000000
0
VERTEX
8
SHADOW
10
266.100000
20
71.320000
30
0.000000
0
SEQEND
8
SHADOW
999
URBANOS_PATH deco.shadow-0180
0
POLYLINE
8
SHADOW
66
1
70
1
10
0.000000
20
0.000000
30
0.000000
0
VERTEX
8
SHADOW
10
266.100000
20
72.280000
30
0.000000
0
VERTEX
8
SHADOW
10
280.300000
20
72.280000
30
0.000000
0
VERTEX
8
SHADOW
10
280.300000
20
79.320000
30
0.000000
0
VERTEX
8
SHADOW
10
266.100000
20
79.320000
30
0.000000
0
SEQEND
8
SHADOW
999
URBANOS_PATH deco.shadow-0183
0
POLYLINE
8
SHADOW
66
1
70
1
10
0.000000
20
0.000000
30
0.000000
0
VERTEX
8
SHADOW
10
266.100000
20
80.280000
30
0.000000
0
VERTEX
8
SHADOW
10
280.300000
20
80.280000
30
0.000000
0
VERTEX
8
SHADOW
10
280.300000
20
87.320000
30
0.000000
0
VERTEX
8
SHADOW
10
266.100000
20
87.320000
30
0.000000
0
SEQEND
8
SHADOW
999
URBANOS_PATH deco.shadow-0186
0
POLYLINE
8
SHADOW
66
1
70
1
10
0.000000
20
0.000000
30
0.000000
0
VERTEX
8
SHADOW
10
266.100000
20
100.280000
30
0.000000
0
VERTEX
8
SHADOW
10
280.300000
20
100.280000
30
0.000000
0
VERTEX
8
SHADOW
10
280.300000
20
107.320000
30
0.000000
0
VERTEX
8
SHADOW
10
266.100000
20
107.320000
30
0.000000
0
SEQEND
8
SHADOW
999
URBANOS_PATH deco.shadow-0189
0
POLYLINE
8
SHADOW
66
1
70
1
10
0.000000
20
0.000000
30
0.000000
0
VERTEX
8
SHADOW
10
266.100000
20
108.280000
30
0.000000
0
VERTEX
8
SHADOW
10
280.300000
20
108.280000
30
0.000000
0
VERTEX
8
SHADOW
10
280.300000
20
115.320000
30
0.000000
0
VERTEX
8
SHADOW
10
266.100000
20
115.320000
30
0.000000
0
SEQEND
8
SHADOW
999
URBANOS_PATH deco.shadow-0192
0
POLYLINE
8
SHADOW
66
1
70
1
10
0.000000
20
0.000000
30
0.000000
0
VERTEX
8
SHADOW
10
266.100000
20
116.280000
30
0.000000
0
VERTEX
8
SHADOW
10
280.300000
20
116.280000
30
0.000000
0
VERTEX
8
SHADOW
10
280.300000
20
123.320000
30
0.000000
0
VERTEX
8
SHADOW
10
266.100000
20
123.320000
30
0.000000
0
SEQEND
8
SHADOW
999
URBANOS_PATH deco.shadow-0195
0
POLYLINE
8
SHADOW
66
1
70
1
10
0.000000
20
0.000000
30
0.000000
0
VERTEX
8
SHADOW
10
266.100000
20
124.280000
30
0.000000
0
VERTEX
8
SHADOW
10
280.300000
20
124.280000
30
0.000000
0
VERTEX
8
SHADOW
10
280.300000
20
131.320000
30
0.000000
0
VERTEX
8
SHADOW
10
266.100000
20
131.320000
30
0.000000
0
SEQEND
8
SHADOW
999
URBANOS_PATH deco.shadow-0198
0
POLYLINE
8
SHADOW
66
1
70
1
10
0.000000
20
0.000000
30
0.000000
0
VERTEX
8
SHADOW
10
296.100000
20
40.280000
30
0.000000
0
VERTEX
8
SHADOW
10
310.300000
20
40.280000
30
0.000000
0
VERTEX
8
SHADOW
10
310.300000
20
47.320000
30
0.000000
0
VERTEX
8
SHADOW
10
296.100000
20
47.320000
30
0.000000
0
SEQEND
8
SHADOW
999
URBANOS_PATH deco.shadow-0201
0
POLYLINE
8
SHADOW
66
1
70
1
10
0.000000
20
0.000000
30
0.000000
0
VERTEX
8
SHADOW
10
296.100000
20
48.280000
30
0.000000
0
VERTEX
8
SHADOW
10
310.300000
20
48.280000
30
0.000000
0
VERTEX
8
SHADOW
10
310.300000
20
55.320000
30
0.000000
0
VERTEX
8
SHADOW
10
296.100000
20
55.320000
30
0.000000
0
SEQEND
8
SHADOW
999
URBANOS_PATH deco.shadow-0204
0
POLYLINE
8
SHADOW
66
1
70
1
10
0.000000
20
0.000000
30
0.000000
0
VERTEX
8
SHADOW
10
296.100000
20
56.280000
30
0.000000
0
VERTEX
8
SHADOW
10
310.300000
20
56.280000
30
0.000000
0
VERTEX
8
SHADOW
10
310.300000
20
63.320000
30
0.000000
0
VERTEX
8
SHADOW
10
296.100000
20
63.320000
30
0.000000
0
SEQEND
8
SHADOW
999
URBANOS_PATH deco.shadow-0207
0
POLYLINE
8
SHADOW
66
1
70
1
10
0.000000
20
0.000000
30
0.000000
0
VERTEX
8
SHADOW
10
296.100000
20
76.280000
30
0.000000
0
VERTEX
8
SHADOW
10
310.300000
20
76.280000
30
0.000000
0
VERTEX
8
SHADOW
10
310.300000
20
83.320000
30
0.000000
0
VERTEX
8
SHADOW
10
296.100000
20
83.320000
30
0.000000
0
SEQEND
8
SHADOW
999
URBANOS_PATH deco.shadow-0210
0
POLYLINE
8
SHADOW
66
1
70
1
10
0.000000
20
0.000000
30
0.000000
0
VERTEX
8
SHADOW
10
296.100000
20
84.280000
30
0.000000
0
VERTEX
8
SHADOW
10
310.300000
20
84.280000
30
0.000000
0
VERTEX
8
SHADOW
10
310.300000
20
91.320000
30
0.000000
0
VERTEX
8
SHADOW
10
296.100000
20
91.320000
30
0.000000
0
SEQEND
8
SHADOW
999
URBANOS_PATH deco.shadow-0213
0
POLYLINE
8
SHADOW
66
1
70
1
10
0.000000
20
0.000000
30
0.000000
0
VERTEX
8
SHADOW
10
296.100000
20
92.280000
30
0.000000
0
VERTEX
8
SHADOW
10
310.300000
20
92.280000
30
0.000000
0
VERTEX
8
SHADOW
10
310.300000
20
99.320000
30
0.000000
0
VERTEX
8
SHADOW
10
296.100000
20
99.320000
30
0.000000
0
SEQEND
8
SHADOW
999
URBANOS_PATH deco.shadow-0216
0
POLYLINE
8
SHADOW
66
1
70
1
10
0.000000
20
0.000000
30
0.000000
0
VERTEX
8
SHADOW
10
296.100000
20
100.280000
30
0.000000
0
VERTEX
8
SHADOW
10
310.300000
20
100.280000
30
0.000000
0
VERTEX
8
SHADOW
10
310.300000
20
107.320000
30
0.000000
0
VERTEX
8
SHADOW
10
296.100000
20
107.320000
30
0.000000
0
SEQEND
8
SHADOW
999
URBANOS_PATH deco.shadow-0219
0
POLYLINE
8
SHADOW
66
1
70
1
10
0.000000
20
0.000000
30
0.000000
0
VERTEX
8
SHADOW
10
296.100000
20
108.280000
30
0.000000
0
VERTEX
8
SHADOW
10
310.300000
20
108.280000
30
0.000000
0
VERTEX
8
SHADOW
10
310.300000
20
115.320000
30
0.000000
0
VERTEX
8
SHADOW
10
296.100000
20
115.320000
30
0.000000
0
SEQEND
8
SHADOW
999
URBANOS_PATH deco.shadow-0222
0
POLYLINE
8
SHADOW
66
1
70
1
10
0.000000
20
0.000000
30
0.000000
0
VERTEX
8
SHADOW
10
296.100000
20
116.280000
30
0.000000
0
VERTEX
8
SHADOW
10
310.300000
20
116.280000
30
0.000000
0
VERTEX
8
SHADOW
10
310.300000
20
123.320000
30
0.000000
0
VERTEX
8
SHADOW
10
296.100000
20
123.320000
30
0.000000
0
SEQEND
8
SHADOW
999
URBANOS_PATH deco.shadow-0225
0
POLYLINE
8
SHADOW
66
1
70
1
10
0.000000
20
0.000000
30
0.000000
0
VERTEX
8
SHADOW
10
313.100000
20
40.280000
30
0.000000
0
VERTEX
8
SHADOW
10
327.300000
20
40.280000
30
0.000000
0
VERTEX
8
SHADOW
10
327.300000
20
47.320000
30
0.000000
0
VERTEX
8
SHADOW
10
313.100000
20
47.320000
30
0.000000
0
SEQEND
8
SHADOW
999
URBANOS_PATH deco.shadow-0228
0
POLYLINE
8
SHADOW
66
1
70
1
10
0.000000
20
0.000000
30
0.000000
0
VERTEX
8
SHADOW
10
313.100000
20
48.280000
30
0.000000
0
VERTEX
8
SHADOW
10
327.300000
20
48.280000
30
0.000000
0
VERTEX
8
SHADOW
10
327.300000
20
55.320000
30
0.000000
0
VERTEX
8
SHADOW
10
313.100000
20
55.320000
30
0.000000
0
SEQEND
8
SHADOW
999
URBANOS_PATH deco.shadow-0231
0
POLYLINE
8
SHADOW
66
1
70
1
10
0.000000
20
0.000000
30
0.000000
0
VERTEX
8
SHADOW
10
313.100000
20
56.280000
30
0.000000
0
VERTEX
8
SHADOW
10
327.300000
20
56.280000
30
0.000000
0
VERTEX
8
SHADOW
10
327.300000
20
63.320000
30
0.000000
0
VERTEX
8
SHADOW
10
313.100000
20
63.320000
30
0.000000
0
SEQEND
8
SHADOW
999
URBANOS_PATH deco.shadow-0234
0
POLYLINE
8
SHADOW
66
1
70
1
10
0.000000
20
0.000000
30
0.000000
0
VERTEX
8
SHADOW
10
313.100000
20
64.280000
30
0.000000
0
VERTEX
8
SHADOW
10
327.300000
20
64.280000
30
0.000000
0
VERTEX
8
SHADOW
10
327.300000
20
71.320000
30
0.000000
0
VERTEX
8
SHADOW
10
313.100000
20
71.320000
30
0.000000
0
SEQEND
8
SHADOW
999
URBANOS_PATH deco.shadow-0237
0
POLYLINE
8
SHADOW
66
1
70
1
10
0.000000
20
0.000000
30
0.000000
0
VERTEX
8
SHADOW
10
313.100000
20
72.280000
30
0.000000
0
VERTEX
8
SHADOW
10
327.300000
20
72.280000
30
0.000000
0
VERTEX
8
SHADOW
10
327.300000
20
79.320000
30
0.000000
0
VERTEX
8
SHADOW
10
313.100000
20
79.320000
30
0.000000
0
SEQEND
8
SHADOW
999
URBANOS_PATH deco.shadow-0240
0
POLYLINE
8
SHADOW
66
1
70
1
10
0.000000
20
0.000000
30
0.000000
0
VERTEX
8
SHADOW
10
313.100000
20
80.280000
30
0.000000
0
VERTEX
8
SHADOW
10
327.300000
20
80.280000
30
0.000000
0
VERTEX
8
SHADOW
10
327.300000
20
87.320000
30
0.000000
0
VERTEX
8
SHADOW
10
313.100000
20
87.320000
30
0.000000
0
SEQEND
8
SHADOW
999
URBANOS_PATH deco.shadow-0243
0
POLYLINE
8
SHADOW
66
1
70
1
10
0.000000
20
0.000000
30
0.000000
0
VERTEX
8
SHADOW
10
313.100000
20
100.280000
30
0.000000
0
VERTEX
8
SHADOW
10
327.300000
20
100.280000
30
0.000000
0
VERTEX
8
SHADOW
10
327.300000
20
107.320000
30
0.000000
0
VERTEX
8
SHADOW
10
313.100000
20
107.320000
30
0.000000
0
SEQEND
8
SHADOW
999
URBANOS_PATH deco.shadow-0246
0
POLYLINE
8
SHADOW
66
1
70
1
10
0.000000
20
0.000000
30
0.000000
0
VERTEX
8
SHADOW
10
313.100000
20
108.280000
30
0.000000
0
VERTEX
8
SHADOW
10
327.300000
20
108.280000
30
0.000000
0
VERTEX
8
SHADOW
10
327.300000
20
115.320000
30
0.000000
0
VERTEX
8
SHADOW
10
313.100000
20
115.320000
30
0.000000
0
SEQEND
8
SHADOW
999
URBANOS_PATH deco.shadow-0249
0
POLYLINE
8
SHADOW
66
1
70
1
10
0.000000
20
0.000000
30
0.000000
0
VERTEX
8
SHADOW
10
313.100000
20
116.280000
30
0.000000
0
VERTEX
8
SHADOW
10
327.300000
20
116.280000
30
0.000000
0
VERTEX
8
SHADOW
10
327.300000
20
123.320000
30
0.000000
0
VERTEX
8
SHADOW
10
313.100000
20
123.320000
30
0.000000
0
SEQEND
8
SHADOW
999
URBANOS_PATH deco.shadow-0252
0
POLYLINE
8
SHADOW
66
1
70
1
10
0.000000
20
0.000000
30
0.000000
0
VERTEX
8
SHADOW
10
313.100000
20
124.280000
30
0.000000
0
VERTEX
8
SHADOW
10
327.300000
20
124.280000
30
0.000000
0
VERTEX
8
SHADOW
10
327.300000
20
131.320000
30
0.000000
0
VERTEX
8
SHADOW
10
313.100000
20
131.320000
30
0.000000
0
SEQEND
8
SHADOW
999
URBANOS_PATH deco.shadow-0255
0
POLYLINE
8
SHADOW
66
1
70
1
10
0.000000
20
0.000000
30
0.000000
0
VERTEX
8
SHADOW
10
344.100000
20
40.280000
30
0.000000
0
VERTEX
8
SHADOW
10
358.300000
20
40.280000
30
0.000000
0
VERTEX
8
SHADOW
10
358.300000
20
47.320000
30
0.000000
0
VERTEX
8
SHADOW
10
344.100000
20
47.320000
30
0.000000
0
SEQEND
8
SHADOW
999
URBANOS_PATH deco.shadow-0258
0
POLYLINE
8
SHADOW
66
1
70
1
10
0.000000
20
0.000000
30
0.000000
0
VERTEX
8
SHADOW
10
344.100000
20
48.280000
30
0.000000
0
VERTEX
8
SHADOW
10
358.300000
20
48.280000
30
0.000000
0
VERTEX
8
SHADOW
10
358.300000
20
55.320000
30
0.000000
0
VERTEX
8
SHADOW
10
344.100000
20
55.320000
30
0.000000
0
SEQEND
8
SHADOW
999
URBANOS_PATH deco.shadow-0261
0
POLYLINE
8
SHADOW
66
1
70
1
10
0.000000
20
0.000000
30
0.000000
0
VERTEX
8
SHADOW
10
344.100000
20
56.280000
30
0.000000
0
VERTEX
8
SHADOW
10
358.300000
20
56.280000
30
0.000000
0
VERTEX
8
SHADOW
10
358.300000
20
63.320000
30
0.000000
0
VERTEX
8
SHADOW
10
344.100000
20
63.320000
30
0.000000
0
SEQEND
8
SHADOW
999
URBANOS_PATH deco.shadow-0264
0
POLYLINE
8
SHADOW
66
1
70
1
10
0.000000
20
0.000000
30
0.000000
0
VERTEX
8
SHADOW
10
344.100000
20
76.280000
30
0.000000
0
VERTEX
8
SHADOW
10
358.300000
20
76.280000
30
0.000000
0
VERTEX
8
SHADOW
10
358.300000
20
83.320000
30
0.000000
0
VERTEX
8
SHADOW
10
344.100000
20
83.320000
30
0.000000
0
SEQEND
8
SHADOW
999
URBANOS_PATH deco.shadow-0267
0
POLYLINE
8
SHADOW
66
1
70
1
10
0.000000
20
0.000000
30
0.000000
0
VERTEX
8
SHADOW
10
344.100000
20
84.280000
30
0.000000
0
VERTEX
8
SHADOW
10
358.300000
20
84.280000
30
0.000000
0
VERTEX
8
SHADOW
10
358.300000
20
91.320000
30
0.000000
0
VERTEX
8
SHADOW
10
344.100000
20
91.320000
30
0.000000
0
SEQEND
8
SHADOW
999
URBANOS_PATH deco.shadow-0270
0
POLYLINE
8
SHADOW
66
1
70
1
10
0.000000
20
0.000000
30
0.000000
0
VERTEX
8
SHADOW
10
344.100000
20
92.280000
30
0.000000
0
VERTEX
8
SHADOW
10
358.300000
20
92.280000
30
0.000000
0
VERTEX
8
SHADOW
10
358.300000
20
99.320000
30
0.000000
0
VERTEX
8
SHADOW
10
344.100000
20
99.320000
30
0.000000
0
SEQEND
8
SHADOW
999
URBANOS_PATH deco.shadow-0273
0
POLYLINE
8
SHADOW
66
1
70
1
10
0.000000
20
0.000000
30
0.000000
0
VERTEX
8
SHADOW
10
344.100000
20
100.280000
30
0.000000
0
VERTEX
8
SHADOW
10
358.300000
20
100.280000
30
0.000000
0
VERTEX
8
SHADOW
10
358.300000
20
107.320000
30
0.000000
0
VERTEX
8
SHADOW
10
344.100000
20
107.320000
30
0.000000
0
SEQEND
8
SHADOW
999
URBANOS_PATH deco.shadow-0276
0
POLYLINE
8
SHADOW
66
1
70
1
10
0.000000
20
0.000000
30
0.000000
0
VERTEX
8
SHADOW
10
344.100000
20
108.280000
30
0.000000
0
VERTEX
8
SHADOW
10
358.300000
20
108.280000
30
0.000000
0
VERTEX
8
SHADOW
10
358.300000
20
115.320000
30
0.000000
0
VERTEX
8
SHADOW
10
344.100000
20
115.320000
30
0.000000
0
SEQEND
8
SHADOW
999
URBANOS_PATH deco.shadow-0279
0
POLYLINE
8
SHADOW
66
1
70
1
10
0.000000
20
0.000000
30
0.000000
0
VERTEX
8
SHADOW
10
344.100000
20
116.280000
30
0.000000
0
VERTEX
8
SHADOW
10
358.300000
20
116.280000
30
0.000000
0
VERTEX
8
SHADOW
10
358.300000
20
123.320000
30
0.000000
0
VERTEX
8
SHADOW
10
344.100000
20
123.320000
30
0.000000
0
SEQEND
8
SHADOW
999
URBANOS_PATH deco.shadow-0282
0
POLYLINE
8
SHADOW
66
1
70
1
10
0.000000
20
0.000000
30
0.000000
0
VERTEX
8
SHADOW
10
361.100000
20
40.280000
30
0.000000
0
VERTEX
8
SHADOW
10
375.300000
20
40.280000
30
0.000000
0
VERTEX
8
SHADOW
10
375.300000
20
47.320000
30
0.000000
0
VERTEX
8
SHADOW
10
361.100000
20
47.320000
30
0.000000
0
SEQEND
8
SHADOW
999
URBANOS_PATH deco.shadow-0285
0
POLYLINE
8
SHADOW
66
1
70
1
10
0.000000
20
0.000000
30
0.000000
0
VERTEX
8
SHADOW
10
361.100000
20
48.280000
30
0.000000
0
VERTEX
8
SHADOW
10
375.300000
20
48.280000
30
0.000000
0
VERTEX
8
SHADOW
10
375.300000
20
55.320000
30
0.000000
0
VERTEX
8
SHADOW
10
361.100000
20
55.320000
30
0.000000
0
SEQEND
8
SHADOW
999
URBANOS_PATH deco.shadow-0288
0
POLYLINE
8
SHADOW
66
1
70
1
10
0.000000
20
0.000000
30
0.000000
0
VERTEX
8
SHADOW
10
361.100000
20
56.280000
30
0.000000
0
VERTEX
8
SHADOW
10
375.300000
20
56.280000
30
0.000000
0
VERTEX
8
SHADOW
10
375.300000
20
63.320000
30
0.000000
0
VERTEX
8
SHADOW
10
361.100000
20
63.320000
30
0.000000
0
SEQEND
8
SHADOW
999
URBANOS_PATH deco.shadow-0291
0
POLYLINE
8
SHADOW
66
1
70
1
10
0.000000
20
0.000000
30
0.000000
0
VERTEX
8
SHADOW
10
361.100000
20
64.280000
30
0.000000
0
VERTEX
8
SHADOW
10
375.300000
20
64.280000
30
0.000000
0
VERTEX
8
SHADOW
10
375.300000
20
71.320000
30
0.000000
0
VERTEX
8
SHADOW
10
361.100000
20
71.320000
30
0.000000
0
SEQEND
8
SHADOW
999
URBANOS_PATH deco.shadow-0294
0
POLYLINE
8
SHADOW
66
1
70
1
10
0.000000
20
0.000000
30
0.000000
0
VERTEX
8
SHADOW
10
361.100000
20
72.280000
30
0.000000
0
VERTEX
8
SHADOW
10
375.300000
20
72.280000
30
0.000000
0
VERTEX
8
SHADOW
10
375.300000
20
79.320000
30
0.000000
0
VERTEX
8
SHADOW
10
361.100000
20
79.320000
30
0.000000
0
SEQEND
8
SHADOW
999
URBANOS_PATH deco.shadow-0297
0
POLYLINE
8
SHADOW
66
1
70
1
10
0.000000
20
0.000000
30
0.000000
0
VERTEX
8
SHADOW
10
361.100000
20
80.280000
30
0.000000
0
VERTEX
8
SHADOW
10
375.300000
20
80.280000
30
0.000000
0
VERTEX
8
SHADOW
10
375.300000
20
87.320000
30
0.000000
0
VERTEX
8
SHADOW
10
361.100000
20
87.320000
30
0.000000
0
SEQEND
8
SHADOW
999
URBANOS_PATH deco.shadow-0300
0
POLYLINE
8
SHADOW
66
1
70
1
10
0.000000
20
0.000000
30
0.000000
0
VERTEX
8
SHADOW
10
361.100000
20
100.280000
30
0.000000
0
VERTEX
8
SHADOW
10
375.300000
20
100.280000
30
0.000000
0
VERTEX
8
SHADOW
10
375.300000
20
107.320000
30
0.000000
0
VERTEX
8
SHADOW
10
361.100000
20
107.320000
30
0.000000
0
SEQEND
8
SHADOW
999
URBANOS_PATH deco.shadow-0303
0
POLYLINE
8
SHADOW
66
1
70
1
10
0.000000
20
0.000000
30
0.000000
0
VERTEX
8
SHADOW
10
361.100000
20
108.280000
30
0.000000
0
VERTEX
8
SHADOW
10
375.300000
20
108.280000
30
0.000000
0
VERTEX
8
SHADOW
10
375.300000
20
115.320000
30
0.000000
0
VERTEX
8
SHADOW
10
361.100000
20
115.320000
30
0.000000
0
SEQEND
8
SHADOW
999
URBANOS_PATH deco.shadow-0306
0
POLYLINE
8
SHADOW
66
1
70
1
10
0.000000
20
0.000000
30
0.000000
0
VERTEX
8
SHADOW
10
361.100000
20
116.280000
30
0.000000
0
VERTEX
8
SHADOW
10
375.300000
20
116.280000
30
0.000000
0
VERTEX
8
SHADOW
10
375.300000
20
123.320000
30
0.000000
0
VERTEX
8
SHADOW
10
361.100000
20
123.320000
30
0.000000
0
SEQEND
8
SHADOW
999
URBANOS_PATH deco.shadow-0309
0
POLYLINE
8
SHADOW
66
1
70
1
10
0.000000
20
0.000000
30
0.000000
0
VERTEX
8
SHADOW
10
361.100000
20
124.280000
30
0.000000
0
VERTEX
8
SHADOW
10
375.300000
20
124.280000
30
0.000000
0
VERTEX
8
SHADOW
10
375.300000
20
131.320000
30
0.000000
0
VERTEX
8
SHADOW
10
361.100000
20
131.320000
30
0.000000
0
SEQEND
8
SHADOW
999
URBANOS_PATH deco.shadow-0312
0
POLYLINE
8
SHADOW
66
1
70
1
10
0.000000
20
0.000000
30
0.000000
0
VERTEX
8
SHADOW
10
392.100000
20
40.280000
30
0.000000
0
VERTEX
8
SHADOW
10
406.300000
20
40.280000
30
0.000000
0
VERTEX
8
SHADOW
10
406.300000
20
47.320000
30
0.000000
0
VERTEX
8
SHADOW
10
392.100000
20
47.320000
30
0.000000
0
SEQEND
8
SHADOW
999
URBANOS_PATH deco.shadow-0315
0
POLYLINE
8
SHADOW
66
1
70
1
10
0.000000
20
0.000000
30
0.000000
0
VERTEX
8
SHADOW
10
392.100000
20
48.280000
30
0.000000
0
VERTEX
8
SHADOW
10
406.300000
20
48.280000
30
0.000000
0
VERTEX
8
SHADOW
10
406.300000
20
55.320000
30
0.000000
0
VERTEX
8
SHADOW
10
392.100000
20
55.320000
30
0.000000
0
SEQEND
8
SHADOW
999
URBANOS_PATH deco.shadow-0318
0
POLYLINE
8
SHADOW
66
1
70
1
10
0.000000
20
0.000000
30
0.000000
0
VERTEX
8
SHADOW
10
392.100000
20
56.280000
30
0.000000
0
VERTEX
8
SHADOW
10
406.300000
20
56.280000
30
0.000000
0
VERTEX
8
SHADOW
10
406.300000
20
63.320000
30
0.000000
0
VERTEX
8
SHADOW
10
392.100000
20
63.320000
30
0.000000
0
SEQEND
8
SHADOW
999
URBANOS_PATH deco.shadow-0321
0
POLYLINE
8
SHADOW
66
1
70
1
10
0.000000
20
0.000000
30
0.000000
0
VERTEX
8
SHADOW
10
392.100000
20
76.280000
30
0.000000
0
VERTEX
8
SHADOW
10
406.300000
20
76.280000
30
0.000000
0
VERTEX
8
SHADOW
10
406.300000
20
83.320000
30
0.000000
0
VERTEX
8
SHADOW
10
392.100000
20
83.320000
30
0.000000
0
SEQEND
8
SHADOW
999
URBANOS_PATH deco.shadow-0324
0
POLYLINE
8
SHADOW
66
1
70
1
10
0.000000
20
0.000000
30
0.000000
0
VERTEX
8
SHADOW
10
392.100000
20
84.280000
30
0.000000
0
VERTEX
8
SHADOW
10
406.300000
20
84.280000
30
0.000000
0
VERTEX
8
SHADOW
10
406.300000
20
91.320000
30
0.000000
0
VERTEX
8
SHADOW
10
392.100000
20
91.320000
30
0.000000
0
SEQEND
8
SHADOW
999
URBANOS_PATH deco.shadow-0327
0
POLYLINE
8
SHADOW
66
1
70
1
10
0.000000
20
0.000000
30
0.000000
0
VERTEX
8
SHADOW
10
392.100000
20
92.280000
30
0.000000
0
VERTEX
8
SHADOW
10
406.300000
20
92.280000
30
0.000000
0
VERTEX
8
SHADOW
10
406.300000
20
99.320000
30
0.000000
0
VERTEX
8
SHADOW
10
392.100000
20
99.320000
30
0.000000
0
SEQEND
8
SHADOW
999
URBANOS_PATH deco.shadow-0330
0
POLYLINE
8
SHADOW
66
1
70
1
10
0.000000
20
0.000000
30
0.000000
0
VERTEX
8
SHADOW
10
392.100000
20
100.280000
30
0.000000
0
VERTEX
8
SHADOW
10
406.300000
20
100.280000
30
0.000000
0
VERTEX
8
SHADOW
10
406.300000
20
107.320000
30
0.000000
0
VERTEX
8
SHADOW
10
392.100000
20
107.320000
30
0.000000
0
SEQEND
8
SHADOW
999
URBANOS_PATH deco.shadow-0333
0
POLYLINE
8
SHADOW
66
1
70
1
10
0.000000
20
0.000000
30
0.000000
0
VERTEX
8
SHADOW
10
392.100000
20
108.280000
30
0.000000
0
VERTEX
8
SHADOW
10
406.300000
20
108.280000
30
0.000000
0
VERTEX
8
SHADOW
10
406.300000
20
115.320000
30
0.000000
0
VERTEX
8
SHADOW
10
392.100000
20
115.320000
30
0.000000
0
SEQEND
8
SHADOW
999
URBANOS_PATH deco.shadow-0336
0
POLYLINE
8
SHADOW
66
1
70
1
10
0.000000
20
0.000000
30
0.000000
0
VERTEX
8
SHADOW
10
392.100000
20
116.280000
30
0.000000
0
VERTEX
8
SHADOW
10
406.300000
20
116.280000
30
0.000000
0
VERTEX
8
SHADOW
10
406.300000
20
123.320000
30
0.000000
0
VERTEX
8
SHADOW
10
392.100000
20
123.320000
30
0.000000
0
SEQEND
8
SHADOW
999
URBANOS_PATH deco.shadow-0339
0
POLYLINE
8
SHADOW
66
1
70
1
10
0.000000
20
0.000000
30
0.000000
0
VERTEX
8
SHADOW
10
166.600000
20
288.430000
30
0.000000
0
VERTEX
8
SHADOW
10
180.800000
20
288.430000
30
0.000000
0
VERTEX
8
SHADOW
10
180.800000
20
295.470000
30
0.000000
0
VERTEX
8
SHADOW
10
166.600000
20
295.470000
30
0.000000
0
SEQEND
8
SHADOW
999
URBANOS_PATH deco.shadow-0342
0
POLYLINE
8
SHADOW
66
1
70
1
10
0.000000
20
0.000000
30
0.000000
0
VERTEX
8
SHADOW
10
166.600000
20
296.430000
30
0.000000
0
VERTEX
8
SHADOW
10
180.800000
20
296.430000
30
0.000000
0
VERTEX
8
SHADOW
10
180.800000
20
303.470000
30
0.000000
0
VERTEX
8
SHADOW
10
166.600000
20
303.470000
30
0.000000
0
SEQEND
8
SHADOW
999
URBANOS_PATH deco.shadow-0345
0
POLYLINE
8
SHADOW
66
1
70
1
10
0.000000
20
0.000000
30
0.000000
0
VERTEX
8
SHADOW
10
166.600000
20
304.430000
30
0.000000
0
VERTEX
8
SHADOW
10
180.800000
20
304.430000
30
0.000000
0
VERTEX
8
SHADOW
10
180.800000
20
311.470000
30
0.000000
0
VERTEX
8
SHADOW
10
166.600000
20
311.470000
30
0.000000
0
SEQEND
8
SHADOW
999
URBANOS_PATH deco.shadow-0348
0
POLYLINE
8
SHADOW
66
1
70
1
10
0.000000
20
0.000000
30
0.000000
0
VERTEX
8
SHADOW
10
166.600000
20
312.430000
30
0.000000
0
VERTEX
8
SHADOW
10
180.800000
20
312.430000
30
0.000000
0
VERTEX
8
SHADOW
10
180.800000
20
319.470000
30
0.000000
0
VERTEX
8
SHADOW
10
166.600000
20
319.470000
30
0.000000
0
SEQEND
8
SHADOW
999
URBANOS_PATH deco.shadow-0351
0
POLYLINE
8
SHADOW
66
1
70
1
10
0.000000
20
0.000000
30
0.000000
0
VERTEX
8
SHADOW
10
166.600000
20
320.430000
30
0.000000
0
VERTEX
8
SHADOW
10
180.800000
20
320.430000
30
0.000000
0
VERTEX
8
SHADOW
10
180.800000
20
327.470000
30
0.000000
0
VERTEX
8
SHADOW
10
166.600000
20
327.470000
30
0.000000
0
SEQEND
8
SHADOW
999
URBANOS_PATH deco.shadow-0354
0
POLYLINE
8
SHADOW
66
1
70
1
10
0.000000
20
0.000000
30
0.000000
0
VERTEX
8
SHADOW
10
166.600000
20
328.430000
30
0.000000
0
VERTEX
8
SHADOW
10
180.800000
20
328.430000
30
0.000000
0
VERTEX
8
SHADOW
10
180.800000
20
335.470000
30
0.000000
0
VERTEX
8
SHADOW
10
166.600000
20
335.470000
30
0.000000
0
SEQEND
8
SHADOW
999
URBANOS_PATH deco.shadow-0357
0
POLYLINE
8
SHADOW
66
1
70
1
10
0.000000
20
0.000000
30
0.000000
0
VERTEX
8
SHADOW
10
166.600000
20
348.430000
30
0.000000
0
VERTEX
8
SHADOW
10
180.800000
20
348.430000
30
0.000000
0
VERTEX
8
SHADOW
10
180.800000
20
355.470000
30
0.000000
0
VERTEX
8
SHADOW
10
166.600000
20
355.470000
30
0.000000
0
SEQEND
8
SHADOW
999
URBANOS_PATH deco.shadow-0360
0
POLYLINE
8
SHADOW
66
1
70
1
10
0.000000
20
0.000000
30
0.000000
0
VERTEX
8
SHADOW
10
166.600000
20
356.430000
30
0.000000
0
VERTEX
8
SHADOW
10
180.800000
20
356.430000
30
0.000000
0
VERTEX
8
SHADOW
10
180.800000
20
363.470000
30
0.000000
0
VERTEX
8
SHADOW
10
166.600000
20
363.470000
30
0.000000
0
SEQEND
8
SHADOW
999
URBANOS_PATH deco.shadow-0363
0
POLYLINE
8
SHADOW
66
1
70
1
10
0.000000
20
0.000000
30
0.000000
0
VERTEX
8
SHADOW
10
166.600000
20
364.430000
30
0.000000
0
VERTEX
8
SHADOW
10
180.800000
20
364.430000
30
0.000000
0
VERTEX
8
SHADOW
10
180.800000
20
371.470000
30
0.000000
0
VERTEX
8
SHADOW
10
166.600000
20
371.470000
30
0.000000
0
SEQEND
8
SHADOW
999
URBANOS_PATH deco.shadow-0366
0
POLYLINE
8
SHADOW
66
1
70
1
10
0.000000
20
0.000000
30
0.000000
0
VERTEX
8
SHADOW
10
166.600000
20
372.430000
30
0.000000
0
VERTEX
8
SHADOW
10
180.800000
20
372.430000
30
0.000000
0
VERTEX
8
SHADOW
10
180.800000
20
379.470000
30
0.000000
0
VERTEX
8
SHADOW
10
166.600000
20
379.470000
30
0.000000
0
SEQEND
8
SHADOW
999
URBANOS_PATH deco.shadow-0369
0
POLYLINE
8
SHADOW
66
1
70
1
10
0.000000
20
0.000000
30
0.000000
0
VERTEX
8
SHADOW
10
135.600000
20
288.430000
30
0.000000
0
VERTEX
8
SHADOW
10
149.800000
20
288.430000
30
0.000000
0
VERTEX
8
SHADOW
10
149.800000
20
295.470000
30
0.000000
0
VERTEX
8
SHADOW
10
135.600000
20
295.470000
30
0.000000
0
SEQEND
8
SHADOW
999
URBANOS_PATH deco.shadow-0372
0
POLYLINE
8
SHADOW
66
1
70
1
10
0.000000
20
0.000000
30
0.000000
0
VERTEX
8
SHADOW
10
135.600000
20
296.430000
30
0.000000
0
VERTEX
8
SHADOW
10
149.800000
20
296.430000
30
0.000000
0
VERTEX
8
SHADOW
10
149.800000
20
303.470000
30
0.000000
0
VERTEX
8
SHADOW
10
135.600000
20
303.470000
30
0.000000
0
SEQEND
8
SHADOW
999
URBANOS_PATH deco.shadow-0375
0
POLYLINE
8
SHADOW
66
1
70
1
10
0.000000
20
0.000000
30
0.000000
0
VERTEX
8
SHADOW
10
135.600000
20
304.430000
30
0.000000
0
VERTEX
8
SHADOW
10
149.800000
20
304.430000
30
0.000000
0
VERTEX
8
SHADOW
10
149.800000
20
311.470000
30
0.000000
0
VERTEX
8
SHADOW
10
135.600000
20
311.470000
30
0.000000
0
SEQEND
8
SHADOW
999
URBANOS_PATH deco.shadow-0378
0
POLYLINE
8
SHADOW
66
1
70
1
10
0.000000
20
0.000000
30
0.000000
0
VERTEX
8
SHADOW
10
135.600000
20
324.430000
30
0.000000
0
VERTEX
8
SHADOW
10
149.800000
20
324.430000
30
0.000000
0
VERTEX
8
SHADOW
10
149.800000
20
331.470000
30
0.000000
0
VERTEX
8
SHADOW
10
135.600000
20
331.470000
30
0.000000
0
SEQEND
8
SHADOW
999
URBANOS_PATH deco.shadow-0381
0
POLYLINE
8
SHADOW
66
1
70
1
10
0.000000
20
0.000000
30
0.000000
0
VERTEX
8
SHADOW
10
135.600000
20
332.430000
30
0.000000
0
VERTEX
8
SHADOW
10
149.800000
20
332.430000
30
0.000000
0
VERTEX
8
SHADOW
10
149.800000
20
339.470000
30
0.000000
0
VERTEX
8
SHADOW
10
135.600000
20
339.470000
30
0.000000
0
SEQEND
8
SHADOW
999
URBANOS_PATH deco.shadow-0384
0
POLYLINE
8
SHADOW
66
1
70
1
10
0.000000
20
0.000000
30
0.000000
0
VERTEX
8
SHADOW
10
135.600000
20
340.430000
30
0.000000
0
VERTEX
8
SHADOW
10
149.800000
20
340.430000
30
0.000000
0
VERTEX
8
SHADOW
10
149.800000
20
347.470000
30
0.000000
0
VERTEX
8
SHADOW
10
135.600000
20
347.470000
30
0.000000
0
SEQEND
8
SHADOW
999
URBANOS_PATH deco.shadow-0387
0
POLYLINE
8
SHADOW
66
1
70
1
10
0.000000
20
0.000000
30
0.000000
0
VERTEX
8
SHADOW
10
135.600000
20
348.430000
30
0.000000
0
VERTEX
8
SHADOW
10
149.800000
20
348.430000
30
0.000000
0
VERTEX
8
SHADOW
10
149.800000
20
355.470000
30
0.000000
0
VERTEX
8
SHADOW
10
135.600000
20
355.470000
30
0.000000
0
SEQEND
8
SHADOW
999
URBANOS_PATH deco.shadow-0390
0
POLYLINE
8
SHADOW
66
1
70
1
10
0.000000
20
0.000000
30
0.000000
0
VERTEX
8
SHADOW
10
135.600000
20
356.430000
30
0.000000
0
VERTEX
8
SHADOW
10
149.800000
20
356.430000
30
0.000000
0
VERTEX
8
SHADOW
10
149.800000
20
363.470000
30
0.000000
0
VERTEX
8
SHADOW
10
135.600000
20
363.470000
30
0.000000
0
SEQEND
8
SHADOW
999
URBANOS_PATH deco.shadow-0393
0
POLYLINE
8
SHADOW
66
1
70
1
10
0.000000
20
0.000000
30
0.000000
0
VERTEX
8
SHADOW
10
135.600000
20
364.430000
30
0.000000
0
VERTEX
8
SHADOW
10
149.800000
20
364.430000
30
0.000000
0
VERTEX
8
SHADOW
10
149.800000
20
371.470000
30
0.000000
0
VERTEX
8
SHADOW
10
135.600000
20
371.470000
30
0.000000
0
SEQEND
8
SHADOW
999
URBANOS_PATH deco.shadow-0396
0
POLYLINE
8
SHADOW
66
1
70
1
10
0.000000
20
0.000000
30
0.000000
0
VERTEX
8
SHADOW
10
118.600000
20
288.430000
30
0.000000
0
VERTEX
8
SHADOW
10
132.800000
20
288.430000
30
0.000000
0
VERTEX
8
SHADOW
10
132.800000
20
295.470000
30
0.000000
0
VERTEX
8
SHADOW
10
118.600000
20
295.470000
30
0.000000
0
SEQEND
8
SHADOW
999
URBANOS_PATH deco.shadow-0399
0
POLYLINE
8
SHADOW
66
1
70
1
10
0.000000
20
0.000000
30
0.000000
0
VERTEX
8
SHADOW
10
118.600000
20
296.430000
30
0.000000
0
VERTEX
8
SHADOW
10
132.800000
20
296.430000
30
0.000000
0
VERTEX
8
SHADOW
10
132.800000
20
303.470000
30
0.000000
0
VERTEX
8
SHADOW
10
118.600000
20
303.470000
30
0.000000
0
SEQEND
8
SHADOW
999
URBANOS_PATH deco.shadow-0402
0
POLYLINE
8
SHADOW
66
1
70
1
10
0.000000
20
0.000000
30
0.000000
0
VERTEX
8
SHADOW
10
118.600000
20
304.430000
30
0.000000
0
VERTEX
8
SHADOW
10
132.800000
20
304.430000
30
0.000000
0
VERTEX
8
SHADOW
10
132.800000
20
311.470000
30
0.000000
0
VERTEX
8
SHADOW
10
118.600000
20
311.470000
30
0.000000
0
SEQEND
8
SHADOW
999
URBANOS_PATH deco.shadow-0405
0
POLYLINE
8
SHADOW
66
1
70
1
10
0.000000
20
0.000000
30
0.000000
0
VERTEX
8
SHADOW
10
118.600000
20
312.430000
30
0.000000
0
VERTEX
8
SHADOW
10
132.800000
20
312.430000
30
0.000000
0
VERTEX
8
SHADOW
10
132.800000
20
319.470000
30
0.000000
0
VERTEX
8
SHADOW
10
118.600000
20
319.470000
30
0.000000
0
SEQEND
8
SHADOW
999
URBANOS_PATH deco.shadow-0408
0
POLYLINE
8
SHADOW
66
1
70
1
10
0.000000
20
0.000000
30
0.000000
0
VERTEX
8
SHADOW
10
118.600000
20
320.430000
30
0.000000
0
VERTEX
8
SHADOW
10
132.800000
20
320.430000
30
0.000000
0
VERTEX
8
SHADOW
10
132.800000
20
327.470000
30
0.000000
0
VERTEX
8
SHADOW
10
118.600000
20
327.470000
30
0.000000
0
SEQEND
8
SHADOW
999
URBANOS_PATH deco.shadow-0411
0
POLYLINE
8
SHADOW
66
1
70
1
10
0.000000
20
0.000000
30
0.000000
0
VERTEX
8
SHADOW
10
118.600000
20
328.430000
30
0.000000
0
VERTEX
8
SHADOW
10
132.800000
20
328.430000
30
0.000000
0
VERTEX
8
SHADOW
10
132.800000
20
335.470000
30
0.000000
0
VERTEX
8
SHADOW
10
118.600000
20
335.470000
30
0.000000
0
SEQEND
8
SHADOW
999
URBANOS_PATH deco.shadow-0414
0
POLYLINE
8
SHADOW
66
1
70
1
10
0.000000
20
0.000000
30
0.000000
0
VERTEX
8
SHADOW
10
118.600000
20
348.430000
30
0.000000
0
VERTEX
8
SHADOW
10
132.800000
20
348.430000
30
0.000000
0
VERTEX
8
SHADOW
10
132.800000
20
355.470000
30
0.000000
0
VERTEX
8
SHADOW
10
118.600000
20
355.470000
30
0.000000
0
SEQEND
8
SHADOW
999
URBANOS_PATH deco.shadow-0417
0
POLYLINE
8
SHADOW
66
1
70
1
10
0.000000
20
0.000000
30
0.000000
0
VERTEX
8
SHADOW
10
118.600000
20
356.430000
30
0.000000
0
VERTEX
8
SHADOW
10
132.800000
20
356.430000
30
0.000000
0
VERTEX
8
SHADOW
10
132.800000
20
363.470000
30
0.000000
0
VERTEX
8
SHADOW
10
118.600000
20
363.470000
30
0.000000
0
SEQEND
8
SHADOW
999
URBANOS_PATH deco.shadow-0420
0
POLYLINE
8
SHADOW
66
1
70
1
10
0.000000
20
0.000000
30
0.000000
0
VERTEX
8
SHADOW
10
118.600000
20
364.430000
30
0.000000
0
VERTEX
8
SHADOW
10
132.800000
20
364.430000
30
0.000000
0
VERTEX
8
SHADOW
10
132.800000
20
371.470000
30
0.000000
0
VERTEX
8
SHADOW
10
118.600000
20
371.470000
30
0.000000
0
SEQEND
8
SHADOW
999
URBANOS_PATH deco.shadow-0423
0
POLYLINE
8
SHADOW
66
1
70
1
10
0.000000
20
0.000000
30
0.000000
0
VERTEX
8
SHADOW
10
118.600000
20
372.430000
30
0.000000
0
VERTEX
8
SHADOW
10
132.800000
20
372.430000
30
0.000000
0
VERTEX
8
SHADOW
10
132.800000
20
379.470000
30
0.000000
0
VERTEX
8
SHADOW
10
118.600000
20
379.470000
30
0.000000
0
SEQEND
8
SHADOW
999
URBANOS_PATH deco.shadow-0426
0
POLYLINE
8
SHADOW
66
1
70
1
10
0.000000
20
0.000000
30
0.000000
0
VERTEX
8
SHADOW
10
87.600000
20
288.430000
30
0.000000
0
VERTEX
8
SHADOW
10
101.800000
20
288.430000
30
0.000000
0
VERTEX
8
SHADOW
10
101.800000
20
295.470000
30
0.000000
0
VERTEX
8
SHADOW
10
87.600000
20
295.470000
30
0.000000
0
SEQEND
8
SHADOW
999
URBANOS_PATH deco.shadow-0429
0
POLYLINE
8
SHADOW
66
1
70
1
10
0.000000
20
0.000000
30
0.000000
0
VERTEX
8
SHADOW
10
87.600000
20
296.430000
30
0.000000
0
VERTEX
8
SHADOW
10
101.800000
20
296.430000
30
0.000000
0
VERTEX
8
SHADOW
10
101.800000
20
303.470000
30
0.000000
0
VERTEX
8
SHADOW
10
87.600000
20
303.470000
30
0.000000
0
SEQEND
8
SHADOW
999
URBANOS_PATH deco.shadow-0432
0
POLYLINE
8
SHADOW
66
1
70
1
10
0.000000
20
0.000000
30
0.000000
0
VERTEX
8
SHADOW
10
87.600000
20
304.430000
30
0.000000
0
VERTEX
8
SHADOW
10
101.800000
20
304.430000
30
0.000000
0
VERTEX
8
SHADOW
10
101.800000
20
311.470000
30
0.000000
0
VERTEX
8
SHADOW
10
87.600000
20
311.470000
30
0.000000
0
SEQEND
8
SHADOW
999
URBANOS_PATH deco.shadow-0435
0
POLYLINE
8
SHADOW
66
1
70
1
10
0.000000
20
0.000000
30
0.000000
0
VERTEX
8
SHADOW
10
87.600000
20
324.430000
30
0.000000
0
VERTEX
8
SHADOW
10
101.800000
20
324.430000
30
0.000000
0
VERTEX
8
SHADOW
10
101.800000
20
331.470000
30
0.000000
0
VERTEX
8
SHADOW
10
87.600000
20
331.470000
30
0.000000
0
SEQEND
8
SHADOW
999
URBANOS_PATH deco.shadow-0438
0
POLYLINE
8
SHADOW
66
1
70
1
10
0.000000
20
0.000000
30
0.000000
0
VERTEX
8
SHADOW
10
87.600000
20
332.430000
30
0.000000
0
VERTEX
8
SHADOW
10
101.800000
20
332.430000
30
0.000000
0
VERTEX
8
SHADOW
10
101.800000
20
339.470000
30
0.000000
0
VERTEX
8
SHADOW
10
87.600000
20
339.470000
30
0.000000
0
SEQEND
8
SHADOW
999
URBANOS_PATH deco.shadow-0441
0
POLYLINE
8
SHADOW
66
1
70
1
10
0.000000
20
0.000000
30
0.000000
0
VERTEX
8
SHADOW
10
87.600000
20
340.430000
30
0.000000
0
VERTEX
8
SHADOW
10
101.800000
20
340.430000
30
0.000000
0
VERTEX
8
SHADOW
10
101.800000
20
347.470000
30
0.000000
0
VERTEX
8
SHADOW
10
87.600000
20
347.470000
30
0.000000
0
SEQEND
8
SHADOW
999
URBANOS_PATH deco.shadow-0444
0
POLYLINE
8
SHADOW
66
1
70
1
10
0.000000
20
0.000000
30
0.000000
0
VERTEX
8
SHADOW
10
87.600000
20
348.430000
30
0.000000
0
VERTEX
8
SHADOW
10
101.800000
20
348.430000
30
0.000000
0
VERTEX
8
SHADOW
10
101.800000
20
355.470000
30
0.000000
0
VERTEX
8
SHADOW
10
87.600000
20
355.470000
30
0.000000
0
SEQEND
8
SHADOW
999
URBANOS_PATH deco.shadow-0447
0
POLYLINE
8
SHADOW
66
1
70
1
10
0.000000
20
0.000000
30
0.000000
0
VERTEX
8
SHADOW
10
87.600000
20
356.430000
30
0.000000
0
VERTEX
8
SHADOW
10
101.800000
20
356.430000
30
0.000000
0
VERTEX
8
SHADOW
10
101.800000
20
363.470000
30
0.000000
0
VERTEX
8
SHADOW
10
87.600000
20
363.470000
30
0.000000
0
SEQEND
8
SHADOW
999
URBANOS_PATH deco.shadow-0450
0
POLYLINE
8
SHADOW
66
1
70
1
10
0.000000
20
0.000000
30
0.000000
0
VERTEX
8
SHADOW
10
87.600000
20
364.430000
30
0.000000
0
VERTEX
8
SHADOW
10
101.800000
20
364.430000
30
0.000000
0
VERTEX
8
SHADOW
10
101.800000
20
371.470000
30
0.000000
0
VERTEX
8
SHADOW
10
87.600000
20
371.470000
30
0.000000
0
SEQEND
8
SHADOW
999
URBANOS_PATH deco.shadow-0453
0
POLYLINE
8
SHADOW
66
1
70
1
10
0.000000
20
0.000000
30
0.000000
0
VERTEX
8
SHADOW
10
70.600000
20
288.430000
30
0.000000
0
VERTEX
8
SHADOW
10
84.800000
20
288.430000
30
0.000000
0
VERTEX
8
SHADOW
10
84.800000
20
295.470000
30
0.000000
0
VERTEX
8
SHADOW
10
70.600000
20
295.470000
30
0.000000
0
SEQEND
8
SHADOW
999
URBANOS_PATH deco.shadow-0456
0
POLYLINE
8
SHADOW
66
1
70
1
10
0.000000
20
0.000000
30
0.000000
0
VERTEX
8
SHADOW
10
70.600000
20
296.430000
30
0.000000
0
VERTEX
8
SHADOW
10
84.800000
20
296.430000
30
0.000000
0
VERTEX
8
SHADOW
10
84.800000
20
303.470000
30
0.000000
0
VERTEX
8
SHADOW
10
70.600000
20
303.470000
30
0.000000
0
SEQEND
8
SHADOW
999
URBANOS_PATH deco.shadow-0459
0
POLYLINE
8
SHADOW
66
1
70
1
10
0.000000
20
0.000000
30
0.000000
0
VERTEX
8
SHADOW
10
70.600000
20
304.430000
30
0.000000
0
VERTEX
8
SHADOW
10
84.800000
20
304.430000
30
0.000000
0
VERTEX
8
SHADOW
10
84.800000
20
311.470000
30
0.000000
0
VERTEX
8
SHADOW
10
70.600000
20
311.470000
30
0.000000
0
SEQEND
8
SHADOW
999
URBANOS_PATH deco.shadow-0462
0
POLYLINE
8
SHADOW
66
1
70
1
10
0.000000
20
0.000000
30
0.000000
0
VERTEX
8
SHADOW
10
70.600000
20
312.430000
30
0.000000
0
VERTEX
8
SHADOW
10
84.800000
20
312.430000
30
0.000000
0
VERTEX
8
SHADOW
10
84.800000
20
319.470000
30
0.000000
0
VERTEX
8
SHADOW
10
70.600000
20
319.470000
30
0.000000
0
SEQEND
8
SHADOW
999
URBANOS_PATH deco.shadow-0465
0
POLYLINE
8
SHADOW
66
1
70
1
10
0.000000
20
0.000000
30
0.000000
0
VERTEX
8
SHADOW
10
70.600000
20
320.430000
30
0.000000
0
VERTEX
8
SHADOW
10
84.800000
20
320.430000
30
0.000000
0
VERTEX
8
SHADOW
10
84.800000
20
327.470000
30
0.000000
0
VERTEX
8
SHADOW
10
70.600000
20
327.470000
30
0.000000
0
SEQEND
8
SHADOW
999
URBANOS_PATH deco.shadow-0468
0
POLYLINE
8
SHADOW
66
1
70
1
10
0.000000
20
0.000000
30
0.000000
0
VERTEX
8
SHADOW
10
70.600000
20
328.430000
30
0.000000
0
VERTEX
8
SHADOW
10
84.800000
20
328.430000
30
0.000000
0
VERTEX
8
SHADOW
10
84.800000
20
335.470000
30
0.000000
0
VERTEX
8
SHADOW
10
70.600000
20
335.470000
30
0.000000
0
SEQEND
8
SHADOW
999
URBANOS_PATH deco.shadow-0471
0
POLYLINE
8
SHADOW
66
1
70
1
10
0.000000
20
0.000000
30
0.000000
0
VERTEX
8
SHADOW
10
70.600000
20
348.430000
30
0.000000
0
VERTEX
8
SHADOW
10
84.800000
20
348.430000
30
0.000000
0
VERTEX
8
SHADOW
10
84.800000
20
355.470000
30
0.000000
0
VERTEX
8
SHADOW
10
70.600000
20
355.470000
30
0.000000
0
SEQEND
8
SHADOW
999
URBANOS_PATH deco.shadow-0474
0
POLYLINE
8
SHADOW
66
1
70
1
10
0.000000
20
0.000000
30
0.000000
0
VERTEX
8
SHADOW
10
70.600000
20
356.430000
30
0.000000
0
VERTEX
8
SHADOW
10
84.800000
20
356.430000
30
0.000000
0
VERTEX
8
SHADOW
10
84.800000
20
363.470000
30
0.000000
0
VERTEX
8
SHADOW
10
70.600000
20
363.470000
30
0.000000
0
SEQEND
8
SHADOW
999
URBANOS_PATH deco.shadow-0477
0
POLYLINE
8
SHADOW
66
1
70
1
10
0.000000
20
0.000000
30
0.000000
0
VERTEX
8
SHADOW
10
70.600000
20
364.430000
30
0.000000
0
VERTEX
8
SHADOW
10
84.800000
20
364.430000
30
0.000000
0
VERTEX
8
SHADOW
10
84.800000
20
371.470000
30
0.000000
0
VERTEX
8
SHADOW
10
70.600000
20
371.470000
30
0.000000
0
SEQEND
8
SHADOW
999
URBANOS_PATH deco.shadow-0480
0
POLYLINE
8
SHADOW
66
1
70
1
10
0.000000
20
0.000000
30
0.000000
0
VERTEX
8
SHADOW
10
70.600000
20
372.430000
30
0.000000
0
VERTEX
8
SHADOW
10
84.800000
20
372.430000
30
0.000000
0
VERTEX
8
SHADOW
10
84.800000
20
379.470000
30
0.000000
0
VERTEX
8
SHADOW
10
70.600000
20
379.470000
30
0.000000
0
SEQEND
8
SHADOW
999
URBANOS_PATH deco.shadow-0483
0
POLYLINE
8
SHADOW
66
1
70
1
10
0.000000
20
0.000000
30
0.000000
0
VERTEX
8
SHADOW
10
40.600000
20
288.430000
30
0.000000
0
VERTEX
8
SHADOW
10
54.800000
20
288.430000
30
0.000000
0
VERTEX
8
SHADOW
10
54.800000
20
295.470000
30
0.000000
0
VERTEX
8
SHADOW
10
40.600000
20
295.470000
30
0.000000
0
SEQEND
8
SHADOW
999
URBANOS_PATH deco.shadow-0486
0
POLYLINE
8
SHADOW
66
1
70
1
10
0.000000
20
0.000000
30
0.000000
0
VERTEX
8
SHADOW
10
40.600000
20
296.430000
30
0.000000
0
VERTEX
8
SHADOW
10
54.800000
20
296.430000
30
0.000000
0
VERTEX
8
SHADOW
10
54.800000
20
303.470000
30
0.000000
0
VERTEX
8
SHADOW
10
40.600000
20
303.470000
30
0.000000
0
SEQEND
8
SHADOW
999
URBANOS_PATH deco.shadow-0489
0
POLYLINE
8
SHADOW
66
1
70
1
10
0.000000
20
0.000000
30
0.000000
0
VERTEX
8
SHADOW
10
40.600000
20
304.430000
30
0.000000
0
VERTEX
8
SHADOW
10
54.800000
20
304.430000
30
0.000000
0
VERTEX
8
SHADOW
10
54.800000
20
311.470000
30
0.000000
0
VERTEX
8
SHADOW
10
40.600000
20
311.470000
30
0.000000
0
SEQEND
8
SHADOW
999
URBANOS_PATH deco.shadow-0492
0
POLYLINE
8
SHADOW
66
1
70
1
10
0.000000
20
0.000000
30
0.000000
0
VERTEX
8
SHADOW
10
40.600000
20
324.430000
30
0.000000
0
VERTEX
8
SHADOW
10
54.800000
20
324.430000
30
0.000000
0
VERTEX
8
SHADOW
10
54.800000
20
331.470000
30
0.000000
0
VERTEX
8
SHADOW
10
40.600000
20
331.470000
30
0.000000
0
SEQEND
8
SHADOW
999
URBANOS_PATH deco.shadow-0495
0
POLYLINE
8
SHADOW
66
1
70
1
10
0.000000
20
0.000000
30
0.000000
0
VERTEX
8
SHADOW
10
40.600000
20
332.430000
30
0.000000
0
VERTEX
8
SHADOW
10
54.800000
20
332.430000
30
0.000000
0
VERTEX
8
SHADOW
10
54.800000
20
339.470000
30
0.000000
0
VERTEX
8
SHADOW
10
40.600000
20
339.470000
30
0.000000
0
SEQEND
8
SHADOW
999
URBANOS_PATH deco.shadow-0498
0
POLYLINE
8
SHADOW
66
1
70
1
10
0.000000
20
0.000000
30
0.000000
0
VERTEX
8
SHADOW
10
40.600000
20
340.430000
30
0.000000
0
VERTEX
8
SHADOW
10
54.800000
20
340.430000
30
0.000000
0
VERTEX
8
SHADOW
10
54.800000
20
347.470000
30
0.000000
0
VERTEX
8
SHADOW
10
40.600000
20
347.470000
30
0.000000
0
SEQEND
8
SHADOW
999
URBANOS_PATH deco.shadow-0501
0
POLYLINE
8
SHADOW
66
1
70
1
10
0.000000
20
0.000000
30
0.000000
0
VERTEX
8
SHADOW
10
40.600000
20
348.430000
30
0.000000
0
VERTEX
8
SHADOW
10
54.800000
20
348.430000
30
0.000000
0
VERTEX
8
SHADOW
10
54.800000
20
355.470000
30
0.000000
0
VERTEX
8
SHADOW
10
40.600000
20
355.470000
30
0.000000
0
SEQEND
8
SHADOW
999
URBANOS_PATH deco.shadow-0504
0
POLYLINE
8
SHADOW
66
1
70
1
10
0.000000
20
0.000000
30
0.000000
0
VERTEX
8
SHADOW
10
40.600000
20
356.430000
30
0.000000
0
VERTEX
8
SHADOW
10
54.800000
20
356.430000
30
0.000000
0
VERTEX
8
SHADOW
10
54.800000
20
363.470000
30
0.000000
0
VERTEX
8
SHADOW
10
40.600000
20
363.470000
30
0.000000
0
SEQEND
8
SHADOW
999
URBANOS_PATH deco.shadow-0507
0
POLYLINE
8
SHADOW
66
1
70
1
10
0.000000
20
0.000000
30
0.000000
0
VERTEX
8
SHADOW
10
40.600000
20
364.430000
30
0.000000
0
VERTEX
8
SHADOW
10
54.800000
20
364.430000
30
0.000000
0
VERTEX
8
SHADOW
10
54.800000
20
371.470000
30
0.000000
0
VERTEX
8
SHADOW
10
40.600000
20
371.470000
30
0.000000
0
SEQEND
8
SHADOW
999
URBANOS_PATH deco.shadow-0510
0
POLYLINE
8
SHADOW
66
1
70
1
10
0.000000
20
0.000000
30
0.000000
0
VERTEX
8
SHADOW
10
264.180000
20
290.350000
30
0.000000
0
VERTEX
8
SHADOW
10
271.220000
20
290.350000
30
0.000000
0
VERTEX
8
SHADOW
10
271.220000
20
304.550000
30
0.000000
0
VERTEX
8
SHADOW
10
264.180000
20
304.550000
30
0.000000
0
SEQEND
8
SHADOW
999
URBANOS_PATH deco.shadow-0513
0
POLYLINE
8
SHADOW
66
1
70
1
10
0.000000
20
0.000000
30
0.000000
0
VERTEX
8
SHADOW
10
272.180000
20
290.350000
30
0.000000
0
VERTEX
8
SHADOW
10
279.220000
20
290.350000
30
0.000000
0
VERTEX
8
SHADOW
10
279.220000
20
304.550000
30
0.000000
0
VERTEX
8
SHADOW
10
272.180000
20
304.550000
30
0.000000
0
SEQEND
8
SHADOW
999
URBANOS_PATH deco.shadow-0516
0
POLYLINE
8
SHADOW
66
1
70
1
10
0.000000
20
0.000000
30
0.000000
0
VERTEX
8
SHADOW
10
280.180000
20
290.350000
30
0.000000
0
VERTEX
8
SHADOW
10
287.220000
20
290.350000
30
0.000000
0
VERTEX
8
SHADOW
10
287.220000
20
304.550000
30
0.000000
0
VERTEX
8
SHADOW
10
280.180000
20
304.550000
30
0.000000
0
SEQEND
8
SHADOW
999
URBANOS_PATH deco.shadow-0519
0
POLYLINE
8
SHADOW
66
1
70
1
10
0.000000
20
0.000000
30
0.000000
0
VERTEX
8
SHADOW
10
288.180000
20
290.350000
30
0.000000
0
VERTEX
8
SHADOW
10
295.220000
20
290.350000
30
0.000000
0
VERTEX
8
SHADOW
10
295.220000
20
304.550000
30
0.000000
0
VERTEX
8
SHADOW
10
288.180000
20
304.550000
30
0.000000
0
SEQEND
8
SHADOW
999
URBANOS_PATH deco.shadow-0522
0
POLYLINE
8
SHADOW
66
1
70
1
10
0.000000
20
0.000000
30
0.000000
0
VERTEX
8
SHADOW
10
296.180000
20
290.350000
30
0.000000
0
VERTEX
8
SHADOW
10
303.220000
20
290.350000
30
0.000000
0
VERTEX
8
SHADOW
10
303.220000
20
304.550000
30
0.000000
0
VERTEX
8
SHADOW
10
296.180000
20
304.550000
30
0.000000
0
SEQEND
8
SHADOW
999
URBANOS_PATH deco.shadow-0525
0
POLYLINE
8
SHADOW
66
1
70
1
10
0.000000
20
0.000000
30
0.000000
0
VERTEX
8
SHADOW
10
304.180000
20
290.350000
30
0.000000
0
VERTEX
8
SHADOW
10
311.220000
20
290.350000
30
0.000000
0
VERTEX
8
SHADOW
10
311.220000
20
304.550000
30
0.000000
0
VERTEX
8
SHADOW
10
304.180000
20
304.550000
30
0.000000
0
SEQEND
8
SHADOW
999
URBANOS_PATH deco.shadow-0528
0
POLYLINE
8
SHADOW
66
1
70
1
10
0.000000
20
0.000000
30
0.000000
0
VERTEX
8
SHADOW
10
324.180000
20
290.350000
30
0.000000
0
VERTEX
8
SHADOW
10
331.220000
20
290.350000
30
0.000000
0
VERTEX
8
SHADOW
10
331.220000
20
304.550000
30
0.000000
0
VERTEX
8
SHADOW
10
324.180000
20
304.550000
30
0.000000
0
SEQEND
8
SHADOW
999
URBANOS_PATH deco.shadow-0531
0
POLYLINE
8
SHADOW
66
1
70
1
10
0.000000
20
0.000000
30
0.000000
0
VERTEX
8
SHADOW
10
332.180000
20
290.350000
30
0.000000
0
VERTEX
8
SHADOW
10
339.220000
20
290.350000
30
0.000000
0
VERTEX
8
SHADOW
10
339.220000
20
304.550000
30
0.000000
0
VERTEX
8
SHADOW
10
332.180000
20
304.550000
30
0.000000
0
SEQEND
8
SHADOW
999
URBANOS_PATH deco.shadow-0534
0
POLYLINE
8
SHADOW
66
1
70
1
10
0.000000
20
0.000000
30
0.000000
0
VERTEX
8
SHADOW
10
340.180000
20
290.350000
30
0.000000
0
VERTEX
8
SHADOW
10
347.220000
20
290.350000
30
0.000000
0
VERTEX
8
SHADOW
10
347.220000
20
304.550000
30
0.000000
0
VERTEX
8
SHADOW
10
340.180000
20
304.550000
30
0.000000
0
SEQEND
8
SHADOW
999
URBANOS_PATH deco.shadow-0537
0
POLYLINE
8
SHADOW
66
1
70
1
10
0.000000
20
0.000000
30
0.000000
0
VERTEX
8
SHADOW
10
348.180000
20
290.350000
30
0.000000
0
VERTEX
8
SHADOW
10
355.220000
20
290.350000
30
0.000000
0
VERTEX
8
SHADOW
10
355.220000
20
304.550000
30
0.000000
0
VERTEX
8
SHADOW
10
348.180000
20
304.550000
30
0.000000
0
SEQEND
8
SHADOW
999
URBANOS_PATH deco.shadow-0540
0
POLYLINE
8
SHADOW
66
1
70
1
10
0.000000
20
0.000000
30
0.000000
0
VERTEX
8
SHADOW
10
356.180000
20
290.350000
30
0.000000
0
VERTEX
8
SHADOW
10
363.220000
20
290.350000
30
0.000000
0
VERTEX
8
SHADOW
10
363.220000
20
304.550000
30
0.000000
0
VERTEX
8
SHADOW
10
356.180000
20
304.550000
30
0.000000
0
SEQEND
8
SHADOW
999
URBANOS_PATH deco.shadow-0543
0
POLYLINE
8
SHADOW
66
1
70
1
10
0.000000
20
0.000000
30
0.000000
0
VERTEX
8
SHADOW
10
364.180000
20
290.350000
30
0.000000
0
VERTEX
8
SHADOW
10
371.220000
20
290.350000
30
0.000000
0
VERTEX
8
SHADOW
10
371.220000
20
304.550000
30
0.000000
0
VERTEX
8
SHADOW
10
364.180000
20
304.550000
30
0.000000
0
SEQEND
8
SHADOW
999
URBANOS_PATH deco.shadow-0546
0
POLYLINE
8
SHADOW
66
1
70
1
10
0.000000
20
0.000000
30
0.000000
0
VERTEX
8
SHADOW
10
384.180000
20
290.350000
30
0.000000
0
VERTEX
8
SHADOW
10
391.220000
20
290.350000
30
0.000000
0
VERTEX
8
SHADOW
10
391.220000
20
304.550000
30
0.000000
0
VERTEX
8
SHADOW
10
384.180000
20
304.550000
30
0.000000
0
SEQEND
8
SHADOW
999
URBANOS_PATH deco.shadow-0549
0
POLYLINE
8
SHADOW
66
1
70
1
10
0.000000
20
0.000000
30
0.000000
0
VERTEX
8
SHADOW
10
392.180000
20
290.350000
30
0.000000
0
VERTEX
8
SHADOW
10
399.220000
20
290.350000
30
0.000000
0
VERTEX
8
SHADOW
10
399.220000
20
304.550000
30
0.000000
0
VERTEX
8
SHADOW
10
392.180000
20
304.550000
30
0.000000
0
SEQEND
8
SHADOW
999
URBANOS_PATH deco.shadow-0552
0
POLYLINE
8
SHADOW
66
1
70
1
10
0.000000
20
0.000000
30
0.000000
0
VERTEX
8
SHADOW
10
264.180000
20
320.350000
30
0.000000
0
VERTEX
8
SHADOW
10
271.220000
20
320.350000
30
0.000000
0
VERTEX
8
SHADOW
10
271.220000
20
334.550000
30
0.000000
0
VERTEX
8
SHADOW
10
264.180000
20
334.550000
30
0.000000
0
SEQEND
8
SHADOW
999
URBANOS_PATH deco.shadow-0555
0
POLYLINE
8
SHADOW
66
1
70
1
10
0.000000
20
0.000000
30
0.000000
0
VERTEX
8
SHADOW
10
272.180000
20
320.350000
30
0.000000
0
VERTEX
8
SHADOW
10
279.220000
20
320.350000
30
0.000000
0
VERTEX
8
SHADOW
10
279.220000
20
334.550000
30
0.000000
0
VERTEX
8
SHADOW
10
272.180000
20
334.550000
30
0.000000
0
SEQEND
8
SHADOW
999
URBANOS_PATH deco.shadow-0558
0
POLYLINE
8
SHADOW
66
1
70
1
10
0.000000
20
0.000000
30
0.000000
0
VERTEX
8
SHADOW
10
280.180000
20
320.350000
30
0.000000
0
VERTEX
8
SHADOW
10
287.220000
20
320.350000
30
0.000000
0
VERTEX
8
SHADOW
10
287.220000
20
334.550000
30
0.000000
0
VERTEX
8
SHADOW
10
280.180000
20
334.550000
30
0.000000
0
SEQEND
8
SHADOW
999
URBANOS_PATH deco.shadow-0561
0
POLYLINE
8
SHADOW
66
1
70
1
10
0.000000
20
0.000000
30
0.000000
0
VERTEX
8
SHADOW
10
300.180000
20
320.350000
30
0.000000
0
VERTEX
8
SHADOW
10
307.220000
20
320.350000
30
0.000000
0
VERTEX
8
SHADOW
10
307.220000
20
334.550000
30
0.000000
0
VERTEX
8
SHADOW
10
300.180000
20
334.550000
30
0.000000
0
SEQEND
8
SHADOW
999
URBANOS_PATH deco.shadow-0564
0
POLYLINE
8
SHADOW
66
1
70
1
10
0.000000
20
0.000000
30
0.000000
0
VERTEX
8
SHADOW
10
308.180000
20
320.350000
30
0.000000
0
VERTEX
8
SHADOW
10
315.220000
20
320.350000
30
0.000000
0
VERTEX
8
SHADOW
10
315.220000
20
334.550000
30
0.000000
0
VERTEX
8
SHADOW
10
308.180000
20
334.550000
30
0.000000
0
SEQEND
8
SHADOW
999
URBANOS_PATH deco.shadow-0567
0
POLYLINE
8
SHADOW
66
1
70
1
10
0.000000
20
0.000000
30
0.000000
0
VERTEX
8
SHADOW
10
316.180000
20
320.350000
30
0.000000
0
VERTEX
8
SHADOW
10
323.220000
20
320.350000
30
0.000000
0
VERTEX
8
SHADOW
10
323.220000
20
334.550000
30
0.000000
0
VERTEX
8
SHADOW
10
316.180000
20
334.550000
30
0.000000
0
SEQEND
8
SHADOW
999
URBANOS_PATH deco.shadow-0570
0
POLYLINE
8
SHADOW
66
1
70
1
10
0.000000
20
0.000000
30
0.000000
0
VERTEX
8
SHADOW
10
324.180000
20
320.350000
30
0.000000
0
VERTEX
8
SHADOW
10
331.220000
20
320.350000
30
0.000000
0
VERTEX
8
SHADOW
10
331.220000
20
334.550000
30
0.000000
0
VERTEX
8
SHADOW
10
324.180000
20
334.550000
30
0.000000
0
SEQEND
8
SHADOW
999
URBANOS_PATH deco.shadow-0573
0
POLYLINE
8
SHADOW
66
1
70
1
10
0.000000
20
0.000000
30
0.000000
0
VERTEX
8
SHADOW
10
332.180000
20
320.350000
30
0.000000
0
VERTEX
8
SHADOW
10
339.220000
20
320.350000
30
0.000000
0
VERTEX
8
SHADOW
10
339.220000
20
334.550000
30
0.000000
0
VERTEX
8
SHADOW
10
332.180000
20
334.550000
30
0.000000
0
SEQEND
8
SHADOW
999
URBANOS_PATH deco.shadow-0576
0
POLYLINE
8
SHADOW
66
1
70
1
10
0.000000
20
0.000000
30
0.000000
0
VERTEX
8
SHADOW
10
340.180000
20
320.350000
30
0.000000
0
VERTEX
8
SHADOW
10
347.220000
20
320.350000
30
0.000000
0
VERTEX
8
SHADOW
10
347.220000
20
334.550000
30
0.000000
0
VERTEX
8
SHADOW
10
340.180000
20
334.550000
30
0.000000
0
SEQEND
8
SHADOW
999
URBANOS_PATH deco.shadow-0579
0
POLYLINE
8
SHADOW
66
1
70
1
10
0.000000
20
0.000000
30
0.000000
0
VERTEX
8
SHADOW
10
360.180000
20
320.350000
30
0.000000
0
VERTEX
8
SHADOW
10
367.220000
20
320.350000
30
0.000000
0
VERTEX
8
SHADOW
10
367.220000
20
334.550000
30
0.000000
0
VERTEX
8
SHADOW
10
360.180000
20
334.550000
30
0.000000
0
SEQEND
8
SHADOW
999
URBANOS_PATH deco.shadow-0582
0
POLYLINE
8
SHADOW
66
1
70
1
10
0.000000
20
0.000000
30
0.000000
0
VERTEX
8
SHADOW
10
368.180000
20
320.350000
30
0.000000
0
VERTEX
8
SHADOW
10
375.220000
20
320.350000
30
0.000000
0
VERTEX
8
SHADOW
10
375.220000
20
334.550000
30
0.000000
0
VERTEX
8
SHADOW
10
368.180000
20
334.550000
30
0.000000
0
SEQEND
8
SHADOW
999
URBANOS_PATH deco.shadow-0585
0
POLYLINE
8
SHADOW
66
1
70
1
10
0.000000
20
0.000000
30
0.000000
0
VERTEX
8
SHADOW
10
376.180000
20
320.350000
30
0.000000
0
VERTEX
8
SHADOW
10
383.220000
20
320.350000
30
0.000000
0
VERTEX
8
SHADOW
10
383.220000
20
334.550000
30
0.000000
0
VERTEX
8
SHADOW
10
376.180000
20
334.550000
30
0.000000
0
SEQEND
8
SHADOW
999
URBANOS_PATH deco.shadow-0588
0
POLYLINE
8
SHADOW
66
1
70
1
10
0.000000
20
0.000000
30
0.000000
0
VERTEX
8
SHADOW
10
384.180000
20
320.350000
30
0.000000
0
VERTEX
8
SHADOW
10
391.220000
20
320.350000
30
0.000000
0
VERTEX
8
SHADOW
10
391.220000
20
334.550000
30
0.000000
0
VERTEX
8
SHADOW
10
384.180000
20
334.550000
30
0.000000
0
SEQEND
8
SHADOW
999
URBANOS_PATH deco.shadow-0591
0
POLYLINE
8
SHADOW
66
1
70
1
10
0.000000
20
0.000000
30
0.000000
0
VERTEX
8
SHADOW
10
392.180000
20
320.350000
30
0.000000
0
VERTEX
8
SHADOW
10
399.220000
20
320.350000
30
0.000000
0
VERTEX
8
SHADOW
10
399.220000
20
334.550000
30
0.000000
0
VERTEX
8
SHADOW
10
392.180000
20
334.550000
30
0.000000
0
SEQEND
8
SHADOW
999
URBANOS_PATH deco.shadow-0594
0
POLYLINE
8
SHADOW
66
1
70
1
10
0.000000
20
0.000000
30
0.000000
0
VERTEX
8
SHADOW
10
264.180000
20
338.350000
30
0.000000
0
VERTEX
8
SHADOW
10
271.220000
20
338.350000
30
0.000000
0
VERTEX
8
SHADOW
10
271.220000
20
352.550000
30
0.000000
0
VERTEX
8
SHADOW
10
264.180000
20
352.550000
30
0.000000
0
SEQEND
8
SHADOW
999
URBANOS_PATH deco.shadow-0597
0
POLYLINE
8
SHADOW
66
1
70
1
10
0.000000
20
0.000000
30
0.000000
0
VERTEX
8
SHADOW
10
272.180000
20
338.350000
30
0.000000
0
VERTEX
8
SHADOW
10
279.220000
20
338.350000
30
0.000000
0
VERTEX
8
SHADOW
10
279.220000
20
352.550000
30
0.000000
0
VERTEX
8
SHADOW
10
272.180000
20
352.550000
30
0.000000
0
SEQEND
8
SHADOW
999
URBANOS_PATH deco.shadow-0600
0
POLYLINE
8
SHADOW
66
1
70
1
10
0.000000
20
0.000000
30
0.000000
0
VERTEX
8
SHADOW
10
280.180000
20
338.350000
30
0.000000
0
VERTEX
8
SHADOW
10
287.220000
20
338.350000
30
0.000000
0
VERTEX
8
SHADOW
10
287.220000
20
352.550000
30
0.000000
0
VERTEX
8
SHADOW
10
280.180000
20
352.550000
30
0.000000
0
SEQEND
8
SHADOW
999
URBANOS_PATH deco.shadow-0603
0
POLYLINE
8
SHADOW
66
1
70
1
10
0.000000
20
0.000000
30
0.000000
0
VERTEX
8
SHADOW
10
288.180000
20
338.350000
30
0.000000
0
VERTEX
8
SHADOW
10
295.220000
20
338.350000
30
0.000000
0
VERTEX
8
SHADOW
10
295.220000
20
352.550000
30
0.000000
0
VERTEX
8
SHADOW
10
288.180000
20
352.550000
30
0.000000
0
SEQEND
8
SHADOW
999
URBANOS_PATH deco.shadow-0606
0
POLYLINE
8
SHADOW
66
1
70
1
10
0.000000
20
0.000000
30
0.000000
0
VERTEX
8
SHADOW
10
296.180000
20
338.350000
30
0.000000
0
VERTEX
8
SHADOW
10
303.220000
20
338.350000
30
0.000000
0
VERTEX
8
SHADOW
10
303.220000
20
352.550000
30
0.000000
0
VERTEX
8
SHADOW
10
296.180000
20
352.550000
30
0.000000
0
SEQEND
8
SHADOW
999
URBANOS_PATH deco.shadow-0609
0
POLYLINE
8
SHADOW
66
1
70
1
10
0.000000
20
0.000000
30
0.000000
0
VERTEX
8
SHADOW
10
304.180000
20
338.350000
30
0.000000
0
VERTEX
8
SHADOW
10
311.220000
20
338.350000
30
0.000000
0
VERTEX
8
SHADOW
10
311.220000
20
352.550000
30
0.000000
0
VERTEX
8
SHADOW
10
304.180000
20
352.550000
30
0.000000
0
SEQEND
8
SHADOW
999
URBANOS_PATH deco.shadow-0612
0
POLYLINE
8
SHADOW
66
1
70
1
10
0.000000
20
0.000000
30
0.000000
0
VERTEX
8
SHADOW
10
324.180000
20
337.350000
30
0.000000
0
VERTEX
8
SHADOW
10
331.220000
20
337.350000
30
0.000000
0
VERTEX
8
SHADOW
10
331.220000
20
351.550000
30
0.000000
0
VERTEX
8
SHADOW
10
324.180000
20
351.550000
30
0.000000
0
SEQEND
8
SHADOW
999
URBANOS_PATH deco.shadow-0615
0
POLYLINE
8
SHADOW
66
1
70
1
10
0.000000
20
0.000000
30
0.000000
0
VERTEX
8
SHADOW
10
332.180000
20
337.350000
30
0.000000
0
VERTEX
8
SHADOW
10
339.220000
20
337.350000
30
0.000000
0
VERTEX
8
SHADOW
10
339.220000
20
351.550000
30
0.000000
0
VERTEX
8
SHADOW
10
332.180000
20
351.550000
30
0.000000
0
SEQEND
8
SHADOW
999
URBANOS_PATH deco.shadow-0618
0
POLYLINE
8
SHADOW
66
1
70
1
10
0.000000
20
0.000000
30
0.000000
0
VERTEX
8
SHADOW
10
340.180000
20
337.350000
30
0.000000
0
VERTEX
8
SHADOW
10
347.220000
20
337.350000
30
0.000000
0
VERTEX
8
SHADOW
10
347.220000
20
351.550000
30
0.000000
0
VERTEX
8
SHADOW
10
340.180000
20
351.550000
30
0.000000
0
SEQEND
8
SHADOW
999
URBANOS_PATH deco.shadow-0621
0
POLYLINE
8
SHADOW
66
1
70
1
10
0.000000
20
0.000000
30
0.000000
0
VERTEX
8
SHADOW
10
348.180000
20
337.350000
30
0.000000
0
VERTEX
8
SHADOW
10
355.220000
20
337.350000
30
0.000000
0
VERTEX
8
SHADOW
10
355.220000
20
351.550000
30
0.000000
0
VERTEX
8
SHADOW
10
348.180000
20
351.550000
30
0.000000
0
SEQEND
8
SHADOW
999
URBANOS_PATH deco.shadow-0624
0
POLYLINE
8
SHADOW
66
1
70
1
10
0.000000
20
0.000000
30
0.000000
0
VERTEX
8
SHADOW
10
356.180000
20
337.350000
30
0.000000
0
VERTEX
8
SHADOW
10
363.220000
20
337.350000
30
0.000000
0
VERTEX
8
SHADOW
10
363.220000
20
351.550000
30
0.000000
0
VERTEX
8
SHADOW
10
356.180000
20
351.550000
30
0.000000
0
SEQEND
8
SHADOW
999
URBANOS_PATH deco.shadow-0627
0
POLYLINE
8
SHADOW
66
1
70
1
10
0.000000
20
0.000000
30
0.000000
0
VERTEX
8
SHADOW
10
364.180000
20
338.350000
30
0.000000
0
VERTEX
8
SHADOW
10
371.220000
20
338.350000
30
0.000000
0
VERTEX
8
SHADOW
10
371.220000
20
352.550000
30
0.000000
0
VERTEX
8
SHADOW
10
364.180000
20
352.550000
30
0.000000
0
SEQEND
8
SHADOW
999
URBANOS_PATH deco.shadow-0630
0
POLYLINE
8
SHADOW
66
1
70
1
10
0.000000
20
0.000000
30
0.000000
0
VERTEX
8
SHADOW
10
384.180000
20
338.350000
30
0.000000
0
VERTEX
8
SHADOW
10
391.220000
20
338.350000
30
0.000000
0
VERTEX
8
SHADOW
10
391.220000
20
352.550000
30
0.000000
0
VERTEX
8
SHADOW
10
384.180000
20
352.550000
30
0.000000
0
SEQEND
8
SHADOW
999
URBANOS_PATH deco.shadow-0633
0
POLYLINE
8
SHADOW
66
1
70
1
10
0.000000
20
0.000000
30
0.000000
0
VERTEX
8
SHADOW
10
392.180000
20
338.350000
30
0.000000
0
VERTEX
8
SHADOW
10
399.220000
20
338.350000
30
0.000000
0
VERTEX
8
SHADOW
10
399.220000
20
352.550000
30
0.000000
0
VERTEX
8
SHADOW
10
392.180000
20
352.550000
30
0.000000
0
SEQEND
8
SHADOW
999
URBANOS_PATH deco.shadow-0636
0
POLYLINE
8
SHADOW
66
1
70
1
10
0.000000
20
0.000000
30
0.000000
0
VERTEX
8
SHADOW
10
264.180000
20
368.350000
30
0.000000
0
VERTEX
8
SHADOW
10
271.220000
20
368.350000
30
0.000000
0
VERTEX
8
SHADOW
10
271.220000
20
382.550000
30
0.000000
0
VERTEX
8
SHADOW
10
264.180000
20
382.550000
30
0.000000
0
SEQEND
8
SHADOW
999
URBANOS_PATH deco.shadow-0639
0
POLYLINE
8
SHADOW
66
1
70
1
10
0.000000
20
0.000000
30
0.000000
0
VERTEX
8
SHADOW
10
272.180000
20
368.350000
30
0.000000
0
VERTEX
8
SHADOW
10
279.220000
20
368.350000
30
0.000000
0
VERTEX
8
SHADOW
10
279.220000
20
382.550000
30
0.000000
0
VERTEX
8
SHADOW
10
272.180000
20
382.550000
30
0.000000
0
SEQEND
8
SHADOW
999
URBANOS_PATH deco.shadow-0642
0
POLYLINE
8
SHADOW
66
1
70
1
10
0.000000
20
0.000000
30
0.000000
0
VERTEX
8
SHADOW
10
280.180000
20
368.350000
30
0.000000
0
VERTEX
8
SHADOW
10
287.220000
20
368.350000
30
0.000000
0
VERTEX
8
SHADOW
10
287.220000
20
382.550000
30
0.000000
0
VERTEX
8
SHADOW
10
280.180000
20
382.550000
30
0.000000
0
SEQEND
8
SHADOW
999
URBANOS_PATH deco.shadow-0645
0
POLYLINE
8
SHADOW
66
1
70
1
10
0.000000
20
0.000000
30
0.000000
0
VERTEX
8
SHADOW
10
300.180000
20
368.350000
30
0.000000
0
VERTEX
8
SHADOW
10
307.220000
20
368.350000
30
0.000000
0
VERTEX
8
SHADOW
10
307.220000
20
382.550000
30
0.000000
0
VERTEX
8
SHADOW
10
300.180000
20
382.550000
30
0.000000
0
SEQEND
8
SHADOW
999
URBANOS_PATH deco.shadow-0648
0
POLYLINE
8
SHADOW
66
1
70
1
10
0.000000
20
0.000000
30
0.000000
0
VERTEX
8
SHADOW
10
308.180000
20
368.350000
30
0.000000
0
VERTEX
8
SHADOW
10
315.220000
20
368.350000
30
0.000000
0
VERTEX
8
SHADOW
10
315.220000
20
382.550000
30
0.000000
0
VERTEX
8
SHADOW
10
308.180000
20
382.550000
30
0.000000
0
SEQEND
8
SHADOW
999
URBANOS_PATH deco.shadow-0651
0
POLYLINE
8
SHADOW
66
1
70
1
10
0.000000
20
0.000000
30
0.000000
0
VERTEX
8
SHADOW
10
316.180000
20
368.350000
30
0.000000
0
VERTEX
8
SHADOW
10
323.220000
20
368.350000
30
0.000000
0
VERTEX
8
SHADOW
10
323.220000
20
382.550000
30
0.000000
0
VERTEX
8
SHADOW
10
316.180000
20
382.550000
30
0.000000
0
SEQEND
8
SHADOW
999
URBANOS_PATH deco.shadow-0654
0
POLYLINE
8
SHADOW
66
1
70
1
10
0.000000
20
0.000000
30
0.000000
0
VERTEX
8
SHADOW
10
324.180000
20
368.350000
30
0.000000
0
VERTEX
8
SHADOW
10
331.220000
20
368.350000
30
0.000000
0
VERTEX
8
SHADOW
10
331.220000
20
382.550000
30
0.000000
0
VERTEX
8
SHADOW
10
324.180000
20
382.550000
30
0.000000
0
SEQEND
8
SHADOW
999
URBANOS_PATH deco.shadow-0657
0
POLYLINE
8
SHADOW
66
1
70
1
10
0.000000
20
0.000000
30
0.000000
0
VERTEX
8
SHADOW
10
332.180000
20
368.350000
30
0.000000
0
VERTEX
8
SHADOW
10
339.220000
20
368.350000
30
0.000000
0
VERTEX
8
SHADOW
10
339.220000
20
382.550000
30
0.000000
0
VERTEX
8
SHADOW
10
332.180000
20
382.550000
30
0.000000
0
SEQEND
8
SHADOW
999
URBANOS_PATH deco.shadow-0660
0
POLYLINE
8
SHADOW
66
1
70
1
10
0.000000
20
0.000000
30
0.000000
0
VERTEX
8
SHADOW
10
340.180000
20
368.350000
30
0.000000
0
VERTEX
8
SHADOW
10
347.220000
20
368.350000
30
0.000000
0
VERTEX
8
SHADOW
10
347.220000
20
382.550000
30
0.000000
0
VERTEX
8
SHADOW
10
340.180000
20
382.550000
30
0.000000
0
SEQEND
8
SHADOW
999
URBANOS_PATH deco.shadow-0663
0
POLYLINE
8
SHADOW
66
1
70
1
10
0.000000
20
0.000000
30
0.000000
0
VERTEX
8
SHADOW
10
360.180000
20
368.350000
30
0.000000
0
VERTEX
8
SHADOW
10
367.220000
20
368.350000
30
0.000000
0
VERTEX
8
SHADOW
10
367.220000
20
382.550000
30
0.000000
0
VERTEX
8
SHADOW
10
360.180000
20
382.550000
30
0.000000
0
SEQEND
8
SHADOW
999
URBANOS_PATH deco.shadow-0666
0
POLYLINE
8
SHADOW
66
1
70
1
10
0.000000
20
0.000000
30
0.000000
0
VERTEX
8
SHADOW
10
368.180000
20
368.350000
30
0.000000
0
VERTEX
8
SHADOW
10
375.220000
20
368.350000
30
0.000000
0
VERTEX
8
SHADOW
10
375.220000
20
382.550000
30
0.000000
0
VERTEX
8
SHADOW
10
368.180000
20
382.550000
30
0.000000
0
SEQEND
8
SHADOW
999
URBANOS_PATH deco.shadow-0669
0
POLYLINE
8
SHADOW
66
1
70
1
10
0.000000
20
0.000000
30
0.000000
0
VERTEX
8
SHADOW
10
376.180000
20
368.350000
30
0.000000
0
VERTEX
8
SHADOW
10
383.220000
20
368.350000
30
0.000000
0
VERTEX
8
SHADOW
10
383.220000
20
382.550000
30
0.000000
0
VERTEX
8
SHADOW
10
376.180000
20
382.550000
30
0.000000
0
SEQEND
8
SHADOW
999
URBANOS_PATH deco.shadow-0672
0
POLYLINE
8
SHADOW
66
1
70
1
10
0.000000
20
0.000000
30
0.000000
0
VERTEX
8
SHADOW
10
384.180000
20
368.350000
30
0.000000
0
VERTEX
8
SHADOW
10
391.220000
20
368.350000
30
0.000000
0
VERTEX
8
SHADOW
10
391.220000
20
382.550000
30
0.000000
0
VERTEX
8
SHADOW
10
384.180000
20
382.550000
30
0.000000
0
SEQEND
8
SHADOW
999
URBANOS_PATH deco.shadow-0675
0
POLYLINE
8
SHADOW
66
1
70
1
10
0.000000
20
0.000000
30
0.000000
0
VERTEX
8
SHADOW
10
392.180000
20
368.350000
30
0.000000
0
VERTEX
8
SHADOW
10
399.220000
20
368.350000
30
0.000000
0
VERTEX
8
SHADOW
10
399.220000
20
382.550000
30
0.000000
0
VERTEX
8
SHADOW
10
392.180000
20
382.550000
30
0.000000
0
SEQEND
8
SHADOW
999
URBANOS_PATH deco.building-0001
0
POLYLINE
8
BUILDING
66
1
70
1
10
0.000000
20
0.000000
30
0.000000
0
VERTEX
8
BUILDING
10
37.980000
20
120.900000
30
0.000000
0
VERTEX
8
BUILDING
10
45.020000
20
120.900000
30
0.000000
0
VERTEX
8
BUILDING
10
45.020000
20
135.100000
30
0.000000
0
VERTEX
8
BUILDING
10
37.980000
20
135.100000
30
0.000000
0
SEQEND
8
BUILDING
999
URBANOS_PATH deco.building-0004
0
POLYLINE
8
BUILDING
66
1
70
1
10
0.000000
20
0.000000
30
0.000000
0
VERTEX
8
BUILDING
10
45.980000
20
120.900000
30
0.000000
0
VERTEX
8
BUILDING
10
53.020000
20
120.900000
30
0.000000
0
VERTEX
8
BUILDING
10
53.020000
20
135.100000
30
0.000000
0
VERTEX
8
BUILDING
10
45.980000
20
135.100000
30
0.000000
0
SEQEND
8
BUILDING
999
URBANOS_PATH deco.building-0007
0
POLYLINE
8
BUILDING
66
1
70
1
10
0.000000
20
0.000000
30
0.000000
0
VERTEX
8
BUILDING
10
53.980000
20
120.900000
30
0.000000
0
VERTEX
8
BUILDING
10
61.020000
20
120.900000
30
0.000000
0
VERTEX
8
BUILDING
10
61.020000
20
135.100000
30
0.000000
0
VERTEX
8
BUILDING
10
53.980000
20
135.100000
30
0.000000
0
SEQEND
8
BUILDING
999
URBANOS_PATH deco.building-0010
0
POLYLINE
8
BUILDING
66
1
70
1
10
0.000000
20
0.000000
30
0.000000
0
VERTEX
8
BUILDING
10
61.980000
20
120.900000
30
0.000000
0
VERTEX
8
BUILDING
10
69.020000
20
120.900000
30
0.000000
0
VERTEX
8
BUILDING
10
69.020000
20
135.100000
30
0.000000
0
VERTEX
8
BUILDING
10
61.980000
20
135.100000
30
0.000000
0
SEQEND
8
BUILDING
999
URBANOS_PATH deco.building-0013
0
POLYLINE
8
BUILDING
66
1
70
1
10
0.000000
20
0.000000
30
0.000000
0
VERTEX
8
BUILDING
10
69.980000
20
120.900000
30
0.000000
0
VERTEX
8
BUILDING
10
77.020000
20
120.900000
30
0.000000
0
VERTEX
8
BUILDING
10
77.020000
20
135.100000
30
0.000000
0
VERTEX
8
BUILDING
10
69.980000
20
135.100000
30
0.000000
0
SEQEND
8
BUILDING
999
URBANOS_PATH deco.building-0016
0
POLYLINE
8
BUILDING
66
1
70
1
10
0.000000
20
0.000000
30
0.000000
0
VERTEX
8
BUILDING
10
77.980000
20
120.900000
30
0.000000
0
VERTEX
8
BUILDING
10
85.020000
20
120.900000
30
0.000000
0
VERTEX
8
BUILDING
10
85.020000
20
135.100000
30
0.000000
0
VERTEX
8
BUILDING
10
77.980000
20
135.100000
30
0.000000
0
SEQEND
8
BUILDING
999
URBANOS_PATH deco.building-0019
0
POLYLINE
8
BUILDING
66
1
70
1
10
0.000000
20
0.000000
30
0.000000
0
VERTEX
8
BUILDING
10
97.980000
20
120.900000
30
0.000000
0
VERTEX
8
BUILDING
10
105.020000
20
120.900000
30
0.000000
0
VERTEX
8
BUILDING
10
105.020000
20
135.100000
30
0.000000
0
VERTEX
8
BUILDING
10
97.980000
20
135.100000
30
0.000000
0
SEQEND
8
BUILDING
999
URBANOS_PATH deco.building-0022
0
POLYLINE
8
BUILDING
66
1
70
1
10
0.000000
20
0.000000
30
0.000000
0
VERTEX
8
BUILDING
10
105.980000
20
120.900000
30
0.000000
0
VERTEX
8
BUILDING
10
113.020000
20
120.900000
30
0.000000
0
VERTEX
8
BUILDING
10
113.020000
20
135.100000
30
0.000000
0
VERTEX
8
BUILDING
10
105.980000
20
135.100000
30
0.000000
0
SEQEND
8
BUILDING
999
URBANOS_PATH deco.building-0025
0
POLYLINE
8
BUILDING
66
1
70
1
10
0.000000
20
0.000000
30
0.000000
0
VERTEX
8
BUILDING
10
113.980000
20
120.900000
30
0.000000
0
VERTEX
8
BUILDING
10
121.020000
20
120.900000
30
0.000000
0
VERTEX
8
BUILDING
10
121.020000
20
135.100000
30
0.000000
0
VERTEX
8
BUILDING
10
113.980000
20
135.100000
30
0.000000
0
SEQEND
8
BUILDING
999
URBANOS_PATH deco.building-0028
0
POLYLINE
8
BUILDING
66
1
70
1
10
0.000000
20
0.000000
30
0.000000
0
VERTEX
8
BUILDING
10
121.980000
20
120.900000
30
0.000000
0
VERTEX
8
BUILDING
10
129.020000
20
120.900000
30
0.000000
0
VERTEX
8
BUILDING
10
129.020000
20
135.100000
30
0.000000
0
VERTEX
8
BUILDING
10
121.980000
20
135.100000
30
0.000000
0
SEQEND
8
BUILDING
999
URBANOS_PATH deco.building-0031
0
POLYLINE
8
BUILDING
66
1
70
1
10
0.000000
20
0.000000
30
0.000000
0
VERTEX
8
BUILDING
10
129.980000
20
120.900000
30
0.000000
0
VERTEX
8
BUILDING
10
137.020000
20
120.900000
30
0.000000
0
VERTEX
8
BUILDING
10
137.020000
20
135.100000
30
0.000000
0
VERTEX
8
BUILDING
10
129.980000
20
135.100000
30
0.000000
0
SEQEND
8
BUILDING
999
URBANOS_PATH deco.building-0034
0
POLYLINE
8
BUILDING
66
1
70
1
10
0.000000
20
0.000000
30
0.000000
0
VERTEX
8
BUILDING
10
137.980000
20
120.900000
30
0.000000
0
VERTEX
8
BUILDING
10
145.020000
20
120.900000
30
0.000000
0
VERTEX
8
BUILDING
10
145.020000
20
135.100000
30
0.000000
0
VERTEX
8
BUILDING
10
137.980000
20
135.100000
30
0.000000
0
SEQEND
8
BUILDING
999
URBANOS_PATH deco.building-0037
0
POLYLINE
8
BUILDING
66
1
70
1
10
0.000000
20
0.000000
30
0.000000
0
VERTEX
8
BUILDING
10
157.980000
20
120.900000
30
0.000000
0
VERTEX
8
BUILDING
10
165.020000
20
120.900000
30
0.000000
0
VERTEX
8
BUILDING
10
165.020000
20
135.100000
30
0.000000
0
VERTEX
8
BUILDING
10
157.980000
20
135.100000
30
0.000000
0
SEQEND
8
BUILDING
999
URBANOS_PATH deco.building-0040
0
POLYLINE
8
BUILDING
66
1
70
1
10
0.000000
20
0.000000
30
0.000000
0
VERTEX
8
BUILDING
10
165.980000
20
120.900000
30
0.000000
0
VERTEX
8
BUILDING
10
173.020000
20
120.900000
30
0.000000
0
VERTEX
8
BUILDING
10
173.020000
20
135.100000
30
0.000000
0
VERTEX
8
BUILDING
10
165.980000
20
135.100000
30
0.000000
0
SEQEND
8
BUILDING
999
URBANOS_PATH deco.building-0043
0
POLYLINE
8
BUILDING
66
1
70
1
10
0.000000
20
0.000000
30
0.000000
0
VERTEX
8
BUILDING
10
37.980000
20
90.900000
30
0.000000
0
VERTEX
8
BUILDING
10
45.020000
20
90.900000
30
0.000000
0
VERTEX
8
BUILDING
10
45.020000
20
105.100000
30
0.000000
0
VERTEX
8
BUILDING
10
37.980000
20
105.100000
30
0.000000
0
SEQEND
8
BUILDING
999
URBANOS_PATH deco.building-0046
0
POLYLINE
8
BUILDING
66
1
70
1
10
0.000000
20
0.000000
30
0.000000
0
VERTEX
8
BUILDING
10
45.980000
20
90.900000
30
0.000000
0
VERTEX
8
BUILDING
10
53.020000
20
90.900000
30
0.000000
0
VERTEX
8
BUILDING
10
53.020000
20
105.100000
30
0.000000
0
VERTEX
8
BUILDING
10
45.980000
20
105.100000
30
0.000000
0
SEQEND
8
BUILDING
999
URBANOS_PATH deco.building-0049
0
POLYLINE
8
BUILDING
66
1
70
1
10
0.000000
20
0.000000
30
0.000000
0
VERTEX
8
BUILDING
10
53.980000
20
90.900000
30
0.000000
0
VERTEX
8
BUILDING
10
61.020000
20
90.900000
30
0.000000
0
VERTEX
8
BUILDING
10
61.020000
20
105.100000
30
0.000000
0
VERTEX
8
BUILDING
10
53.980000
20
105.100000
30
0.000000
0
SEQEND
8
BUILDING
999
URBANOS_PATH deco.building-0052
0
POLYLINE
8
BUILDING
66
1
70
1
10
0.000000
20
0.000000
30
0.000000
0
VERTEX
8
BUILDING
10
73.980000
20
90.900000
30
0.000000
0
VERTEX
8
BUILDING
10
81.020000
20
90.900000
30
0.000000
0
VERTEX
8
BUILDING
10
81.020000
20
105.100000
30
0.000000
0
VERTEX
8
BUILDING
10
73.980000
20
105.100000
30
0.000000
0
SEQEND
8
BUILDING
999
URBANOS_PATH deco.building-0055
0
POLYLINE
8
BUILDING
66
1
70
1
10
0.000000
20
0.000000
30
0.000000
0
VERTEX
8
BUILDING
10
81.980000
20
90.900000
30
0.000000
0
VERTEX
8
BUILDING
10
89.020000
20
90.900000
30
0.000000
0
VERTEX
8
BUILDING
10
89.020000
20
105.100000
30
0.000000
0
VERTEX
8
BUILDING
10
81.980000
20
105.100000
30
0.000000
0
SEQEND
8
BUILDING
999
URBANOS_PATH deco.building-0058
0
POLYLINE
8
BUILDING
66
1
70
1
10
0.000000
20
0.000000
30
0.000000
0
VERTEX
8
BUILDING
10
89.980000
20
90.900000
30
0.000000
0
VERTEX
8
BUILDING
10
97.020000
20
90.900000
30
0.000000
0
VERTEX
8
BUILDING
10
97.020000
20
105.100000
30
0.000000
0
VERTEX
8
BUILDING
10
89.980000
20
105.100000
30
0.000000
0
SEQEND
8
BUILDING
999
URBANOS_PATH deco.building-0061
0
POLYLINE
8
BUILDING
66
1
70
1
10
0.000000
20
0.000000
30
0.000000
0
VERTEX
8
BUILDING
10
97.980000
20
89.900000
30
0.000000
0
VERTEX
8
BUILDING
10
105.020000
20
89.900000
30
0.000000
0
VERTEX
8
BUILDING
10
105.020000
20
104.100000
30
0.000000
0
VERTEX
8
BUILDING
10
97.980000
20
104.100000
30
0.000000
0
SEQEND
8
BUILDING
999
URBANOS_PATH deco.building-0064
0
POLYLINE
8
BUILDING
66
1
70
1
10
0.000000
20
0.000000
30
0.000000
0
VERTEX
8
BUILDING
10
105.980000
20
89.900000
30
0.000000
0
VERTEX
8
BUILDING
10
113.020000
20
89.900000
30
0.000000
0
VERTEX
8
BUILDING
10
113.020000
20
104.100000
30
0.000000
0
VERTEX
8
BUILDING
10
105.980000
20
104.100000
30
0.000000
0
SEQEND
8
BUILDING
999
URBANOS_PATH deco.building-0067
0
POLYLINE
8
BUILDING
66
1
70
1
10
0.000000
20
0.000000
30
0.000000
0
VERTEX
8
BUILDING
10
113.980000
20
89.900000
30
0.000000
0
VERTEX
8
BUILDING
10
121.020000
20
89.900000
30
0.000000
0
VERTEX
8
BUILDING
10
121.020000
20
104.100000
30
0.000000
0
VERTEX
8
BUILDING
10
113.980000
20
104.100000
30
0.000000
0
SEQEND
8
BUILDING
999
URBANOS_PATH deco.building-0070
0
POLYLINE
8
BUILDING
66
1
70
1
10
0.000000
20
0.000000
30
0.000000
0
VERTEX
8
BUILDING
10
133.980000
20
89.900000
30
0.000000
0
VERTEX
8
BUILDING
10
141.020000
20
89.900000
30
0.000000
0
VERTEX
8
BUILDING
10
141.020000
20
104.100000
30
0.000000
0
VERTEX
8
BUILDING
10
133.980000
20
104.100000
30
0.000000
0
SEQEND
8
BUILDING
999
URBANOS_PATH deco.building-0073
0
POLYLINE
8
BUILDING
66
1
70
1
10
0.000000
20
0.000000
30
0.000000
0
VERTEX
8
BUILDING
10
141.980000
20
90.900000
30
0.000000
0
VERTEX
8
BUILDING
10
149.020000
20
90.900000
30
0.000000
0
VERTEX
8
BUILDING
10
149.020000
20
105.100000
30
0.000000
0
VERTEX
8
BUILDING
10
141.980000
20
105.100000
30
0.000000
0
SEQEND
8
BUILDING
999
URBANOS_PATH deco.building-0076
0
POLYLINE
8
BUILDING
66
1
70
1
10
0.000000
20
0.000000
30
0.000000
0
VERTEX
8
BUILDING
10
149.980000
20
90.900000
30
0.000000
0
VERTEX
8
BUILDING
10
157.020000
20
90.900000
30
0.000000
0
VERTEX
8
BUILDING
10
157.020000
20
105.100000
30
0.000000
0
VERTEX
8
BUILDING
10
149.980000
20
105.100000
30
0.000000
0
SEQEND
8
BUILDING
999
URBANOS_PATH deco.building-0079
0
POLYLINE
8
BUILDING
66
1
70
1
10
0.000000
20
0.000000
30
0.000000
0
VERTEX
8
BUILDING
10
157.980000
20
90.900000
30
0.000000
0
VERTEX
8
BUILDING
10
165.020000
20
90.900000
30
0.000000
0
VERTEX
8
BUILDING
10
165.020000
20
105.100000
30
0.000000
0
VERTEX
8
BUILDING
10
157.980000
20
105.100000
30
0.000000
0
SEQEND
8
BUILDING
999
URBANOS_PATH deco.building-0082
0
POLYLINE
8
BUILDING
66
1
70
1
10
0.000000
20
0.000000
30
0.000000
0
VERTEX
8
BUILDING
10
165.980000
20
90.900000
30
0.000000
0
VERTEX
8
BUILDING
10
173.020000
20
90.900000
30
0.000000
0
VERTEX
8
BUILDING
10
173.020000
20
105.100000
30
0.000000
0
VERTEX
8
BUILDING
10
165.980000
20
105.100000
30
0.000000
0
SEQEND
8
BUILDING
999
URBANOS_PATH deco.building-0085
0
POLYLINE
8
BUILDING
66
1
70
1
10
0.000000
20
0.000000
30
0.000000
0
VERTEX
8
BUILDING
10
37.980000
20
72.900000
30
0.000000
0
VERTEX
8
BUILDING
10
45.020000
20
72.900000
30
0.000000
0
VERTEX
8
BUILDING
10
45.020000
20
87.100000
30
0.000000
0
VERTEX
8
BUILDING
10
37.980000
20
87.100000
30
0.000000
0
SEQEND
8
BUILDING
999
URBANOS_PATH deco.building-0088
0
POLYLINE
8
BUILDING
66
1
70
1
10
0.000000
20
0.000000
30
0.000000
0
VERTEX
8
BUILDING
10
45.980000
20
72.900000
30
0.000000
0
VERTEX
8
BUILDING
10
53.020000
20
72.900000
30
0.000000
0
VERTEX
8
BUILDING
10
53.020000
20
87.100000
30
0.000000
0
VERTEX
8
BUILDING
10
45.980000
20
87.100000
30
0.000000
0
SEQEND
8
BUILDING
999
URBANOS_PATH deco.building-0091
0
POLYLINE
8
BUILDING
66
1
70
1
10
0.000000
20
0.000000
30
0.000000
0
VERTEX
8
BUILDING
10
53.980000
20
72.900000
30
0.000000
0
VERTEX
8
BUILDING
10
61.020000
20
72.900000
30
0.000000
0
VERTEX
8
BUILDING
10
61.020000
20
87.100000
30
0.000000
0
VERTEX
8
BUILDING
10
53.980000
20
87.100000
30
0.000000
0
SEQEND
8
BUILDING
999
URBANOS_PATH deco.building-0094
0
POLYLINE
8
BUILDING
66
1
70
1
10
0.000000
20
0.000000
30
0.000000
0
VERTEX
8
BUILDING
10
61.980000
20
72.900000
30
0.000000
0
VERTEX
8
BUILDING
10
69.020000
20
72.900000
30
0.000000
0
VERTEX
8
BUILDING
10
69.020000
20
87.100000
30
0.000000
0
VERTEX
8
BUILDING
10
61.980000
20
87.100000
30
0.000000
0
SEQEND
8
BUILDING
999
URBANOS_PATH deco.building-0097
0
POLYLINE
8
BUILDING
66
1
70
1
10
0.000000
20
0.000000
30
0.000000
0
VERTEX
8
BUILDING
10
69.980000
20
72.900000
30
0.000000
0
VERTEX
8
BUILDING
10
77.020000
20
72.900000
30
0.000000
0
VERTEX
8
BUILDING
10
77.020000
20
87.100000
30
0.000000
0
VERTEX
8
BUILDING
10
69.980000
20
87.100000
30
0.000000
0
SEQEND
8
BUILDING
999
URBANOS_PATH deco.building-0100
0
POLYLINE
8
BUILDING
66
1
70
1
10
0.000000
20
0.000000
30
0.000000
0
VERTEX
8
BUILDING
10
77.980000
20
72.900000
30
0.000000
0
VERTEX
8
BUILDING
10
85.020000
20
72.900000
30
0.000000
0
VERTEX
8
BUILDING
10
85.020000
20
87.100000
30
0.000000
0
VERTEX
8
BUILDING
10
77.980000
20
87.100000
30
0.000000
0
SEQEND
8
BUILDING
999
URBANOS_PATH deco.building-0103
0
POLYLINE
8
BUILDING
66
1
70
1
10
0.000000
20
0.000000
30
0.000000
0
VERTEX
8
BUILDING
10
97.980000
20
72.900000
30
0.000000
0
VERTEX
8
BUILDING
10
105.020000
20
72.900000
30
0.000000
0
VERTEX
8
BUILDING
10
105.020000
20
87.100000
30
0.000000
0
VERTEX
8
BUILDING
10
97.980000
20
87.100000
30
0.000000
0
SEQEND
8
BUILDING
999
URBANOS_PATH deco.building-0106
0
POLYLINE
8
BUILDING
66
1
70
1
10
0.000000
20
0.000000
30
0.000000
0
VERTEX
8
BUILDING
10
105.980000
20
72.900000
30
0.000000
0
VERTEX
8
BUILDING
10
113.020000
20
72.900000
30
0.000000
0
VERTEX
8
BUILDING
10
113.020000
20
87.100000
30
0.000000
0
VERTEX
8
BUILDING
10
105.980000
20
87.100000
30
0.000000
0
SEQEND
8
BUILDING
999
URBANOS_PATH deco.building-0109
0
POLYLINE
8
BUILDING
66
1
70
1
10
0.000000
20
0.000000
30
0.000000
0
VERTEX
8
BUILDING
10
113.980000
20
72.900000
30
0.000000
0
VERTEX
8
BUILDING
10
121.020000
20
72.900000
30
0.000000
0
VERTEX
8
BUILDING
10
121.020000
20
87.100000
30
0.000000
0
VERTEX
8
BUILDING
10
113.980000
20
87.100000
30
0.000000
0
SEQEND
8
BUILDING
999
URBANOS_PATH deco.building-0112
0
POLYLINE
8
BUILDING
66
1
70
1
10
0.000000
20
0.000000
30
0.000000
0
VERTEX
8
BUILDING
10
121.980000
20
72.900000
30
0.000000
0
VERTEX
8
BUILDING
10
129.020000
20
72.900000
30
0.000000
0
VERTEX
8
BUILDING
10
129.020000
20
87.100000
30
0.000000
0
VERTEX
8
BUILDING
10
121.980000
20
87.100000
30
0.000000
0
SEQEND
8
BUILDING
999
URBANOS_PATH deco.building-0115
0
POLYLINE
8
BUILDING
66
1
70
1
10
0.000000
20
0.000000
30
0.000000
0
VERTEX
8
BUILDING
10
129.980000
20
72.900000
30
0.000000
0
VERTEX
8
BUILDING
10
137.020000
20
72.900000
30
0.000000
0
VERTEX
8
BUILDING
10
137.020000
20
87.100000
30
0.000000
0
VERTEX
8
BUILDING
10
129.980000
20
87.100000
30
0.000000
0
SEQEND
8
BUILDING
999
URBANOS_PATH deco.building-0118
0
POLYLINE
8
BUILDING
66
1
70
1
10
0.000000
20
0.000000
30
0.000000
0
VERTEX
8
BUILDING
10
137.980000
20
72.900000
30
0.000000
0
VERTEX
8
BUILDING
10
145.020000
20
72.900000
30
0.000000
0
VERTEX
8
BUILDING
10
145.020000
20
87.100000
30
0.000000
0
VERTEX
8
BUILDING
10
137.980000
20
87.100000
30
0.000000
0
SEQEND
8
BUILDING
999
URBANOS_PATH deco.building-0121
0
POLYLINE
8
BUILDING
66
1
70
1
10
0.000000
20
0.000000
30
0.000000
0
VERTEX
8
BUILDING
10
157.980000
20
72.900000
30
0.000000
0
VERTEX
8
BUILDING
10
165.020000
20
72.900000
30
0.000000
0
VERTEX
8
BUILDING
10
165.020000
20
87.100000
30
0.000000
0
VERTEX
8
BUILDING
10
157.980000
20
87.100000
30
0.000000
0
SEQEND
8
BUILDING
999
URBANOS_PATH deco.building-0124
0
POLYLINE
8
BUILDING
66
1
70
1
10
0.000000
20
0.000000
30
0.000000
0
VERTEX
8
BUILDING
10
165.980000
20
72.900000
30
0.000000
0
VERTEX
8
BUILDING
10
173.020000
20
72.900000
30
0.000000
0
VERTEX
8
BUILDING
10
173.020000
20
87.100000
30
0.000000
0
VERTEX
8
BUILDING
10
165.980000
20
87.100000
30
0.000000
0
SEQEND
8
BUILDING
999
URBANOS_PATH deco.building-0127
0
POLYLINE
8
BUILDING
66
1
70
1
10
0.000000
20
0.000000
30
0.000000
0
VERTEX
8
BUILDING
10
37.980000
20
42.900000
30
0.000000
0
VERTEX
8
BUILDING
10
45.020000
20
42.900000
30
0.000000
0
VERTEX
8
BUILDING
10
45.020000
20
57.100000
30
0.000000
0
VERTEX
8
BUILDING
10
37.980000
20
57.100000
30
0.000000
0
SEQEND
8
BUILDING
999
URBANOS_PATH deco.building-0130
0
POLYLINE
8
BUILDING
66
1
70
1
10
0.000000
20
0.000000
30
0.000000
0
VERTEX
8
BUILDING
10
45.980000
20
42.900000
30
0.000000
0
VERTEX
8
BUILDING
10
53.020000
20
42.900000
30
0.000000
0
VERTEX
8
BUILDING
10
53.020000
20
57.100000
30
0.000000
0
VERTEX
8
BUILDING
10
45.980000
20
57.100000
30
0.000000
0
SEQEND
8
BUILDING
999
URBANOS_PATH deco.building-0133
0
POLYLINE
8
BUILDING
66
1
70
1
10
0.000000
20
0.000000
30
0.000000
0
VERTEX
8
BUILDING
10
53.980000
20
42.900000
30
0.000000
0
VERTEX
8
BUILDING
10
61.020000
20
42.900000
30
0.000000
0
VERTEX
8
BUILDING
10
61.020000
20
57.100000
30
0.000000
0
VERTEX
8
BUILDING
10
53.980000
20
57.100000
30
0.000000
0
SEQEND
8
BUILDING
999
URBANOS_PATH deco.building-0136
0
POLYLINE
8
BUILDING
66
1
70
1
10
0.000000
20
0.000000
30
0.000000
0
VERTEX
8
BUILDING
10
73.980000
20
42.900000
30
0.000000
0
VERTEX
8
BUILDING
10
81.020000
20
42.900000
30
0.000000
0
VERTEX
8
BUILDING
10
81.020000
20
57.100000
30
0.000000
0
VERTEX
8
BUILDING
10
73.980000
20
57.100000
30
0.000000
0
SEQEND
8
BUILDING
999
URBANOS_PATH deco.building-0139
0
POLYLINE
8
BUILDING
66
1
70
1
10
0.000000
20
0.000000
30
0.000000
0
VERTEX
8
BUILDING
10
81.980000
20
42.900000
30
0.000000
0
VERTEX
8
BUILDING
10
89.020000
20
42.900000
30
0.000000
0
VERTEX
8
BUILDING
10
89.020000
20
57.100000
30
0.000000
0
VERTEX
8
BUILDING
10
81.980000
20
57.100000
30
0.000000
0
SEQEND
8
BUILDING
999
URBANOS_PATH deco.building-0142
0
POLYLINE
8
BUILDING
66
1
70
1
10
0.000000
20
0.000000
30
0.000000
0
VERTEX
8
BUILDING
10
89.980000
20
42.900000
30
0.000000
0
VERTEX
8
BUILDING
10
97.020000
20
42.900000
30
0.000000
0
VERTEX
8
BUILDING
10
97.020000
20
57.100000
30
0.000000
0
VERTEX
8
BUILDING
10
89.980000
20
57.100000
30
0.000000
0
SEQEND
8
BUILDING
999
URBANOS_PATH deco.building-0145
0
POLYLINE
8
BUILDING
66
1
70
1
10
0.000000
20
0.000000
30
0.000000
0
VERTEX
8
BUILDING
10
97.980000
20
42.900000
30
0.000000
0
VERTEX
8
BUILDING
10
105.020000
20
42.900000
30
0.000000
0
VERTEX
8
BUILDING
10
105.020000
20
57.100000
30
0.000000
0
VERTEX
8
BUILDING
10
97.980000
20
57.100000
30
0.000000
0
SEQEND
8
BUILDING
999
URBANOS_PATH deco.building-0148
0
POLYLINE
8
BUILDING
66
1
70
1
10
0.000000
20
0.000000
30
0.000000
0
VERTEX
8
BUILDING
10
105.980000
20
42.900000
30
0.000000
0
VERTEX
8
BUILDING
10
113.020000
20
42.900000
30
0.000000
0
VERTEX
8
BUILDING
10
113.020000
20
57.100000
30
0.000000
0
VERTEX
8
BUILDING
10
105.980000
20
57.100000
30
0.000000
0
SEQEND
8
BUILDING
999
URBANOS_PATH deco.building-0151
0
POLYLINE
8
BUILDING
66
1
70
1
10
0.000000
20
0.000000
30
0.000000
0
VERTEX
8
BUILDING
10
113.980000
20
42.900000
30
0.000000
0
VERTEX
8
BUILDING
10
121.020000
20
42.900000
30
0.000000
0
VERTEX
8
BUILDING
10
121.020000
20
57.100000
30
0.000000
0
VERTEX
8
BUILDING
10
113.980000
20
57.100000
30
0.000000
0
SEQEND
8
BUILDING
999
URBANOS_PATH deco.building-0154
0
POLYLINE
8
BUILDING
66
1
70
1
10
0.000000
20
0.000000
30
0.000000
0
VERTEX
8
BUILDING
10
133.980000
20
42.900000
30
0.000000
0
VERTEX
8
BUILDING
10
141.020000
20
42.900000
30
0.000000
0
VERTEX
8
BUILDING
10
141.020000
20
57.100000
30
0.000000
0
VERTEX
8
BUILDING
10
133.980000
20
57.100000
30
0.000000
0
SEQEND
8
BUILDING
999
URBANOS_PATH deco.building-0157
0
POLYLINE
8
BUILDING
66
1
70
1
10
0.000000
20
0.000000
30
0.000000
0
VERTEX
8
BUILDING
10
141.980000
20
42.900000
30
0.000000
0
VERTEX
8
BUILDING
10
149.020000
20
42.900000
30
0.000000
0
VERTEX
8
BUILDING
10
149.020000
20
57.100000
30
0.000000
0
VERTEX
8
BUILDING
10
141.980000
20
57.100000
30
0.000000
0
SEQEND
8
BUILDING
999
URBANOS_PATH deco.building-0160
0
POLYLINE
8
BUILDING
66
1
70
1
10
0.000000
20
0.000000
30
0.000000
0
VERTEX
8
BUILDING
10
149.980000
20
42.900000
30
0.000000
0
VERTEX
8
BUILDING
10
157.020000
20
42.900000
30
0.000000
0
VERTEX
8
BUILDING
10
157.020000
20
57.100000
30
0.000000
0
VERTEX
8
BUILDING
10
149.980000
20
57.100000
30
0.000000
0
SEQEND
8
BUILDING
999
URBANOS_PATH deco.building-0163
0
POLYLINE
8
BUILDING
66
1
70
1
10
0.000000
20
0.000000
30
0.000000
0
VERTEX
8
BUILDING
10
157.980000
20
42.900000
30
0.000000
0
VERTEX
8
BUILDING
10
165.020000
20
42.900000
30
0.000000
0
VERTEX
8
BUILDING
10
165.020000
20
57.100000
30
0.000000
0
VERTEX
8
BUILDING
10
157.980000
20
57.100000
30
0.000000
0
SEQEND
8
BUILDING
999
URBANOS_PATH deco.building-0166
0
POLYLINE
8
BUILDING
66
1
70
1
10
0.000000
20
0.000000
30
0.000000
0
VERTEX
8
BUILDING
10
165.980000
20
42.900000
30
0.000000
0
VERTEX
8
BUILDING
10
173.020000
20
42.900000
30
0.000000
0
VERTEX
8
BUILDING
10
173.020000
20
57.100000
30
0.000000
0
VERTEX
8
BUILDING
10
165.980000
20
57.100000
30
0.000000
0
SEQEND
8
BUILDING
999
URBANOS_PATH deco.building-0169
0
POLYLINE
8
BUILDING
66
1
70
1
10
0.000000
20
0.000000
30
0.000000
0
VERTEX
8
BUILDING
10
265.400000
20
40.980000
30
0.000000
0
VERTEX
8
BUILDING
10
279.600000
20
40.980000
30
0.000000
0
VERTEX
8
BUILDING
10
279.600000
20
48.020000
30
0.000000
0
VERTEX
8
BUILDING
10
265.400000
20
48.020000
30
0.000000
0
SEQEND
8
BUILDING
999
URBANOS_PATH deco.building-0172
0
POLYLINE
8
BUILDING
66
1
70
1
10
0.000000
20
0.000000
30
0.000000
0
VERTEX
8
BUILDING
10
265.400000
20
48.980000
30
0.000000
0
VERTEX
8
BUILDING
10
279.600000
20
48.980000
30
0.000000
0
VERTEX
8
BUILDING
10
279.600000
20
56.020000
30
0.000000
0
VERTEX
8
BUILDING
10
265.400000
20
56.020000
30
0.000000
0
SEQEND
8
BUILDING
999
URBANOS_PATH deco.building-0175
0
POLYLINE
8
BUILDING
66
1
70
1
10
0.000000
20
0.000000
30
0.000000
0
VERTEX
8
BUILDING
10
265.400000
20
56.980000
30
0.000000
0
VERTEX
8
BUILDING
10
279.600000
20
56.980000
30
0.000000
0
VERTEX
8
BUILDING
10
279.600000
20
64.020000
30
0.000000
0
VERTEX
8
BUILDING
10
265.400000
20
64.020000
30
0.000000
0
SEQEND
8
BUILDING
999
URBANOS_PATH deco.building-0178
0
POLYLINE
8
BUILDING
66
1
70
1
10
0.000000
20
0.000000
30
0.000000
0
VERTEX
8
BUILDING
10
265.400000
20
64.980000
30
0.000000
0
VERTEX
8
BUILDING
10
279.600000
20
64.980000
30
0.000000
0
VERTEX
8
BUILDING
10
279.600000
20
72.020000
30
0.000000
0
VERTEX
8
BUILDING
10
265.400000
20
72.020000
30
0.000000
0
SEQEND
8
BUILDING
999
URBANOS_PATH deco.building-0181
0
POLYLINE
8
BUILDING
66
1
70
1
10
0.000000
20
0.000000
30
0.000000
0
VERTEX
8
BUILDING
10
265.400000
20
72.980000
30
0.000000
0
VERTEX
8
BUILDING
10
279.600000
20
72.980000
30
0.000000
0
VERTEX
8
BUILDING
10
279.600000
20
80.020000
30
0.000000
0
VERTEX
8
BUILDING
10
265.400000
20
80.020000
30
0.000000
0
SEQEND
8
BUILDING
999
URBANOS_PATH deco.building-0184
0
POLYLINE
8
BUILDING
66
1
70
1
10
0.000000
20
0.000000
30
0.000000
0
VERTEX
8
BUILDING
10
265.400000
20
80.980000
30
0.000000
0
VERTEX
8
BUILDING
10
279.600000
20
80.980000
30
0.000000
0
VERTEX
8
BUILDING
10
279.600000
20
88.020000
30
0.000000
0
VERTEX
8
BUILDING
10
265.400000
20
88.020000
30
0.000000
0
SEQEND
8
BUILDING
999
URBANOS_PATH deco.building-0187
0
POLYLINE
8
BUILDING
66
1
70
1
10
0.000000
20
0.000000
30
0.000000
0
VERTEX
8
BUILDING
10
265.400000
20
100.980000
30
0.000000
0
VERTEX
8
BUILDING
10
279.600000
20
100.980000
30
0.000000
0
VERTEX
8
BUILDING
10
279.600000
20
108.020000
30
0.000000
0
VERTEX
8
BUILDING
10
265.400000
20
108.020000
30
0.000000
0
SEQEND
8
BUILDING
999
URBANOS_PATH deco.building-0190
0
POLYLINE
8
BUILDING
66
1
70
1
10
0.000000
20
0.000000
30
0.000000
0
VERTEX
8
BUILDING
10
265.400000
20
108.980000
30
0.000000
0
VERTEX
8
BUILDING
10
279.600000
20
108.980000
30
0.000000
0
VERTEX
8
BUILDING
10
279.600000
20
116.020000
30
0.000000
0
VERTEX
8
BUILDING
10
265.400000
20
116.020000
30
0.000000
0
SEQEND
8
BUILDING
999
URBANOS_PATH deco.building-0193
0
POLYLINE
8
BUILDING
66
1
70
1
10
0.000000
20
0.000000
30
0.000000
0
VERTEX
8
BUILDING
10
265.400000
20
116.980000
30
0.000000
0
VERTEX
8
BUILDING
10
279.600000
20
116.980000
30
0.000000
0
VERTEX
8
BUILDING
10
279.600000
20
124.020000
30
0.000000
0
VERTEX
8
BUILDING
10
265.400000
20
124.020000
30
0.000000
0
SEQEND
8
BUILDING
999
URBANOS_PATH deco.building-0196
0
POLYLINE
8
BUILDING
66
1
70
1
10
0.000000
20
0.000000
30
0.000000
0
VERTEX
8
BUILDING
10
265.400000
20
124.980000
30
0.000000
0
VERTEX
8
BUILDING
10
279.600000
20
124.980000
30
0.000000
0
VERTEX
8
BUILDING
10
279.600000
20
132.020000
30
0.000000
0
VERTEX
8
BUILDING
10
265.400000
20
132.020000
30
0.000000
0
SEQEND
8
BUILDING
999
URBANOS_PATH deco.building-0199
0
POLYLINE
8
BUILDING
66
1
70
1
10
0.000000
20
0.000000
30
0.000000
0
VERTEX
8
BUILDING
10
295.400000
20
40.980000
30
0.000000
0
VERTEX
8
BUILDING
10
309.600000
20
40.980000
30
0.000000
0
VERTEX
8
BUILDING
10
309.600000
20
48.020000
30
0.000000
0
VERTEX
8
BUILDING
10
295.400000
20
48.020000
30
0.000000
0
SEQEND
8
BUILDING
999
URBANOS_PATH deco.building-0202
0
POLYLINE
8
BUILDING
66
1
70
1
10
0.000000
20
0.000000
30
0.000000
0
VERTEX
8
BUILDING
10
295.400000
20
48.980000
30
0.000000
0
VERTEX
8
BUILDING
10
309.600000
20
48.980000
30
0.000000
0
VERTEX
8
BUILDING
10
309.600000
20
56.020000
30
0.000000
0
VERTEX
8
BUILDING
10
295.400000
20
56.020000
30
0.000000
0
SEQEND
8
BUILDING
999
URBANOS_PATH deco.building-0205
0
POLYLINE
8
BUILDING
66
1
70
1
10
0.000000
20
0.000000
30
0.000000
0
VERTEX
8
BUILDING
10
295.400000
20
56.980000
30
0.000000
0
VERTEX
8
BUILDING
10
309.600000
20
56.980000
30
0.000000
0
VERTEX
8
BUILDING
10
309.600000
20
64.020000
30
0.000000
0
VERTEX
8
BUILDING
10
295.400000
20
64.020000
30
0.000000
0
SEQEND
8
BUILDING
999
URBANOS_PATH deco.building-0208
0
POLYLINE
8
BUILDING
66
1
70
1
10
0.000000
20
0.000000
30
0.000000
0
VERTEX
8
BUILDING
10
295.400000
20
76.980000
30
0.000000
0
VERTEX
8
BUILDING
10
309.600000
20
76.980000
30
0.000000
0
VERTEX
8
BUILDING
10
309.600000
20
84.020000
30
0.000000
0
VERTEX
8
BUILDING
10
295.400000
20
84.020000
30
0.000000
0
SEQEND
8
BUILDING
999
URBANOS_PATH deco.building-0211
0
POLYLINE
8
BUILDING
66
1
70
1
10
0.000000
20
0.000000
30
0.000000
0
VERTEX
8
BUILDING
10
295.400000
20
84.980000
30
0.000000
0
VERTEX
8
BUILDING
10
309.600000
20
84.980000
30
0.000000
0
VERTEX
8
BUILDING
10
309.600000
20
92.020000
30
0.000000
0
VERTEX
8
BUILDING
10
295.400000
20
92.020000
30
0.000000
0
SEQEND
8
BUILDING
999
URBANOS_PATH deco.building-0214
0
POLYLINE
8
BUILDING
66
1
70
1
10
0.000000
20
0.000000
30
0.000000
0
VERTEX
8
BUILDING
10
295.400000
20
92.980000
30
0.000000
0
VERTEX
8
BUILDING
10
309.600000
20
92.980000
30
0.000000
0
VERTEX
8
BUILDING
10
309.600000
20
100.020000
30
0.000000
0
VERTEX
8
BUILDING
10
295.400000
20
100.020000
30
0.000000
0
SEQEND
8
BUILDING
999
URBANOS_PATH deco.building-0217
0
POLYLINE
8
BUILDING
66
1
70
1
10
0.000000
20
0.000000
30
0.000000
0
VERTEX
8
BUILDING
10
295.400000
20
100.980000
30
0.000000
0
VERTEX
8
BUILDING
10
309.600000
20
100.980000
30
0.000000
0
VERTEX
8
BUILDING
10
309.600000
20
108.020000
30
0.000000
0
VERTEX
8
BUILDING
10
295.400000
20
108.020000
30
0.000000
0
SEQEND
8
BUILDING
999
URBANOS_PATH deco.building-0220
0
POLYLINE
8
BUILDING
66
1
70
1
10
0.000000
20
0.000000
30
0.000000
0
VERTEX
8
BUILDING
10
295.400000
20
108.980000
30
0.000000
0
VERTEX
8
BUILDING
10
309.600000
20
108.980000
30
0.000000
0
VERTEX
8
BUILDING
10
309.600000
20
116.020000
30
0.000000
0
VERTEX
8
BUILDING
10
295.400000
20
116.020000
30
0.000000
0
SEQEND
8
BUILDING
999
URBANOS_PATH deco.building-0223
0
POLYLINE
8
BUILDING
66
1
70
1
10
0.000000
20
0.000000
30
0.000000
0
VERTEX
8
BUILDING
10
295.400000
20
116.980000
30
0.000000
0
VERTEX
8
BUILDING
10
309.600000
20
116.980000
30
0.000000
0
VERTEX
8
BUILDING
10
309.600000
20
124.020000
30
0.000000
0
VERTEX
8
BUILDING
10
295.400000
20
124.020000
30
0.000000
0
SEQEND
8
BUILDING
999
URBANOS_PATH deco.building-0226
0
POLYLINE
8
BUILDING
66
1
70
1
10
0.000000
20
0.000000
30
0.000000
0
VERTEX
8
BUILDING
10
312.400000
20
40.980000
30
0.000000
0
VERTEX
8
BUILDING
10
326.600000
20
40.980000
30
0.000000
0
VERTEX
8
BUILDING
10
326.600000
20
48.020000
30
0.000000
0
VERTEX
8
BUILDING
10
312.400000
20
48.020000
30
0.000000
0
SEQEND
8
BUILDING
999
URBANOS_PATH deco.building-0229
0
POLYLINE
8
BUILDING
66
1
70
1
10
0.000000
20
0.000000
30
0.000000
0
VERTEX
8
BUILDING
10
312.400000
20
48.980000
30
0.000000
0
VERTEX
8
BUILDING
10
326.600000
20
48.980000
30
0.000000
0
VERTEX
8
BUILDING
10
326.600000
20
56.020000
30
0.000000
0
VERTEX
8
BUILDING
10
312.400000
20
56.020000
30
0.000000
0
SEQEND
8
BUILDING
999
URBANOS_PATH deco.building-0232
0
POLYLINE
8
BUILDING
66
1
70
1
10
0.000000
20
0.000000
30
0.000000
0
VERTEX
8
BUILDING
10
312.400000
20
56.980000
30
0.000000
0
VERTEX
8
BUILDING
10
326.600000
20
56.980000
30
0.000000
0
VERTEX
8
BUILDING
10
326.600000
20
64.020000
30
0.000000
0
VERTEX
8
BUILDING
10
312.400000
20
64.020000
30
0.000000
0
SEQEND
8
BUILDING
999
URBANOS_PATH deco.building-0235
0
POLYLINE
8
BUILDING
66
1
70
1
10
0.000000
20
0.000000
30
0.000000
0
VERTEX
8
BUILDING
10
312.400000
20
64.980000
30
0.000000
0
VERTEX
8
BUILDING
10
326.600000
20
64.980000
30
0.000000
0
VERTEX
8
BUILDING
10
326.600000
20
72.020000
30
0.000000
0
VERTEX
8
BUILDING
10
312.400000
20
72.020000
30
0.000000
0
SEQEND
8
BUILDING
999
URBANOS_PATH deco.building-0238
0
POLYLINE
8
BUILDING
66
1
70
1
10
0.000000
20
0.000000
30
0.000000
0
VERTEX
8
BUILDING
10
312.400000
20
72.980000
30
0.000000
0
VERTEX
8
BUILDING
10
326.600000
20
72.980000
30
0.000000
0
VERTEX
8
BUILDING
10
326.600000
20
80.020000
30
0.000000
0
VERTEX
8
BUILDING
10
312.400000
20
80.020000
30
0.000000
0
SEQEND
8
BUILDING
999
URBANOS_PATH deco.building-0241
0
POLYLINE
8
BUILDING
66
1
70
1
10
0.000000
20
0.000000
30
0.000000
0
VERTEX
8
BUILDING
10
312.400000
20
80.980000
30
0.000000
0
VERTEX
8
BUILDING
10
326.600000
20
80.980000
30
0.000000
0
VERTEX
8
BUILDING
10
326.600000
20
88.020000
30
0.000000
0
VERTEX
8
BUILDING
10
312.400000
20
88.020000
30
0.000000
0
SEQEND
8
BUILDING
999
URBANOS_PATH deco.building-0244
0
POLYLINE
8
BUILDING
66
1
70
1
10
0.000000
20
0.000000
30
0.000000
0
VERTEX
8
BUILDING
10
312.400000
20
100.980000
30
0.000000
0
VERTEX
8
BUILDING
10
326.600000
20
100.980000
30
0.000000
0
VERTEX
8
BUILDING
10
326.600000
20
108.020000
30
0.000000
0
VERTEX
8
BUILDING
10
312.400000
20
108.020000
30
0.000000
0
SEQEND
8
BUILDING
999
URBANOS_PATH deco.building-0247
0
POLYLINE
8
BUILDING
66
1
70
1
10
0.000000
20
0.000000
30
0.000000
0
VERTEX
8
BUILDING
10
312.400000
20
108.980000
30
0.000000
0
VERTEX
8
BUILDING
10
326.600000
20
108.980000
30
0.000000
0
VERTEX
8
BUILDING
10
326.600000
20
116.020000
30
0.000000
0
VERTEX
8
BUILDING
10
312.400000
20
116.020000
30
0.000000
0
SEQEND
8
BUILDING
999
URBANOS_PATH deco.building-0250
0
POLYLINE
8
BUILDING
66
1
70
1
10
0.000000
20
0.000000
30
0.000000
0
VERTEX
8
BUILDING
10
312.400000
20
116.980000
30
0.000000
0
VERTEX
8
BUILDING
10
326.600000
20
116.980000
30
0.000000
0
VERTEX
8
BUILDING
10
326.600000
20
124.020000
30
0.000000
0
VERTEX
8
BUILDING
10
312.400000
20
124.020000
30
0.000000
0
SEQEND
8
BUILDING
999
URBANOS_PATH deco.building-0253
0
POLYLINE
8
BUILDING
66
1
70
1
10
0.000000
20
0.000000
30
0.000000
0
VERTEX
8
BUILDING
10
312.400000
20
124.980000
30
0.000000
0
VERTEX
8
BUILDING
10
326.600000
20
124.980000
30
0.000000
0
VERTEX
8
BUILDING
10
326.600000
20
132.020000
30
0.000000
0
VERTEX
8
BUILDING
10
312.400000
20
132.020000
30
0.000000
0
SEQEND
8
BUILDING
999
URBANOS_PATH deco.building-0256
0
POLYLINE
8
BUILDING
66
1
70
1
10
0.000000
20
0.000000
30
0.000000
0
VERTEX
8
BUILDING
10
343.400000
20
40.980000
30
0.000000
0
VERTEX
8
BUILDING
10
357.600000
20
40.980000
30
0.000000
0
VERTEX
8
BUILDING
10
357.600000
20
48.020000
30
0.000000
0
VERTEX
8
BUILDING
10
343.400000
20
48.020000
30
0.000000
0
SEQEND
8
BUILDING
999
URBANOS_PATH deco.building-0259
0
POLYLINE
8
BUILDING
66
1
70
1
10
0.000000
20
0.000000
30
0.000000
0
VERTEX
8
BUILDING
10
343.400000
20
48.980000
30
0.000000
0
VERTEX
8
BUILDING
10
357.600000
20
48.980000
30
0.000000
0
VERTEX
8
BUILDING
10
357.600000
20
56.020000
30
0.000000
0
VERTEX
8
BUILDING
10
343.400000
20
56.020000
30
0.000000
0
SEQEND
8
BUILDING
999
URBANOS_PATH deco.building-0262
0
POLYLINE
8
BUILDING
66
1
70
1
10
0.000000
20
0.000000
30
0.000000
0
VERTEX
8
BUILDING
10
343.400000
20
56.980000
30
0.000000
0
VERTEX
8
BUILDING
10
357.600000
20
56.980000
30
0.000000
0
VERTEX
8
BUILDING
10
357.600000
20
64.020000
30
0.000000
0
VERTEX
8
BUILDING
10
343.400000
20
64.020000
30
0.000000
0
SEQEND
8
BUILDING
999
URBANOS_PATH deco.building-0265
0
POLYLINE
8
BUILDING
66
1
70
1
10
0.000000
20
0.000000
30
0.000000
0
VERTEX
8
BUILDING
10
343.400000
20
76.980000
30
0.000000
0
VERTEX
8
BUILDING
10
357.600000
20
76.980000
30
0.000000
0
VERTEX
8
BUILDING
10
357.600000
20
84.020000
30
0.000000
0
VERTEX
8
BUILDING
10
343.400000
20
84.020000
30
0.000000
0
SEQEND
8
BUILDING
999
URBANOS_PATH deco.building-0268
0
POLYLINE
8
BUILDING
66
1
70
1
10
0.000000
20
0.000000
30
0.000000
0
VERTEX
8
BUILDING
10
343.400000
20
84.980000
30
0.000000
0
VERTEX
8
BUILDING
10
357.600000
20
84.980000
30
0.000000
0
VERTEX
8
BUILDING
10
357.600000
20
92.020000
30
0.000000
0
VERTEX
8
BUILDING
10
343.400000
20
92.020000
30
0.000000
0
SEQEND
8
BUILDING
999
URBANOS_PATH deco.building-0271
0
POLYLINE
8
BUILDING
66
1
70
1
10
0.000000
20
0.000000
30
0.000000
0
VERTEX
8
BUILDING
10
343.400000
20
92.980000
30
0.000000
0
VERTEX
8
BUILDING
10
357.600000
20
92.980000
30
0.000000
0
VERTEX
8
BUILDING
10
357.600000
20
100.020000
30
0.000000
0
VERTEX
8
BUILDING
10
343.400000
20
100.020000
30
0.000000
0
SEQEND
8
BUILDING
999
URBANOS_PATH deco.building-0274
0
POLYLINE
8
BUILDING
66
1
70
1
10
0.000000
20
0.000000
30
0.000000
0
VERTEX
8
BUILDING
10
343.400000
20
100.980000
30
0.000000
0
VERTEX
8
BUILDING
10
357.600000
20
100.980000
30
0.000000
0
VERTEX
8
BUILDING
10
357.600000
20
108.020000
30
0.000000
0
VERTEX
8
BUILDING
10
343.400000
20
108.020000
30
0.000000
0
SEQEND
8
BUILDING
999
URBANOS_PATH deco.building-0277
0
POLYLINE
8
BUILDING
66
1
70
1
10
0.000000
20
0.000000
30
0.000000
0
VERTEX
8
BUILDING
10
343.400000
20
108.980000
30
0.000000
0
VERTEX
8
BUILDING
10
357.600000
20
108.980000
30
0.000000
0
VERTEX
8
BUILDING
10
357.600000
20
116.020000
30
0.000000
0
VERTEX
8
BUILDING
10
343.400000
20
116.020000
30
0.000000
0
SEQEND
8
BUILDING
999
URBANOS_PATH deco.building-0280
0
POLYLINE
8
BUILDING
66
1
70
1
10
0.000000
20
0.000000
30
0.000000
0
VERTEX
8
BUILDING
10
343.400000
20
116.980000
30
0.000000
0
VERTEX
8
BUILDING
10
357.600000
20
116.980000
30
0.000000
0
VERTEX
8
BUILDING
10
357.600000
20
124.020000
30
0.000000
0
VERTEX
8
BUILDING
10
343.400000
20
124.020000
30
0.000000
0
SEQEND
8
BUILDING
999
URBANOS_PATH deco.building-0283
0
POLYLINE
8
BUILDING
66
1
70
1
10
0.000000
20
0.000000
30
0.000000
0
VERTEX
8
BUILDING
10
360.400000
20
40.980000
30
0.000000
0
VERTEX
8
BUILDING
10
374.600000
20
40.980000
30
0.000000
0
VERTEX
8
BUILDING
10
374.600000
20
48.020000
30
0.000000
0
VERTEX
8
BUILDING
10
360.400000
20
48.020000
30
0.000000
0
SEQEND
8
BUILDING
999
URBANOS_PATH deco.building-0286
0
POLYLINE
8
BUILDING
66
1
70
1
10
0.000000
20
0.000000
30
0.000000
0
VERTEX
8
BUILDING
10
360.400000
20
48.980000
30
0.000000
0
VERTEX
8
BUILDING
10
374.600000
20
48.980000
30
0.000000
0
VERTEX
8
BUILDING
10
374.600000
20
56.020000
30
0.000000
0
VERTEX
8
BUILDING
10
360.400000
20
56.020000
30
0.000000
0
SEQEND
8
BUILDING
999
URBANOS_PATH deco.building-0289
0
POLYLINE
8
BUILDING
66
1
70
1
10
0.000000
20
0.000000
30
0.000000
0
VERTEX
8
BUILDING
10
360.400000
20
56.980000
30
0.000000
0
VERTEX
8
BUILDING
10
374.600000
20
56.980000
30
0.000000
0
VERTEX
8
BUILDING
10
374.600000
20
64.020000
30
0.000000
0
VERTEX
8
BUILDING
10
360.400000
20
64.020000
30
0.000000
0
SEQEND
8
BUILDING
999
URBANOS_PATH deco.building-0292
0
POLYLINE
8
BUILDING
66
1
70
1
10
0.000000
20
0.000000
30
0.000000
0
VERTEX
8
BUILDING
10
360.400000
20
64.980000
30
0.000000
0
VERTEX
8
BUILDING
10
374.600000
20
64.980000
30
0.000000
0
VERTEX
8
BUILDING
10
374.600000
20
72.020000
30
0.000000
0
VERTEX
8
BUILDING
10
360.400000
20
72.020000
30
0.000000
0
SEQEND
8
BUILDING
999
URBANOS_PATH deco.building-0295
0
POLYLINE
8
BUILDING
66
1
70
1
10
0.000000
20
0.000000
30
0.000000
0
VERTEX
8
BUILDING
10
360.400000
20
72.980000
30
0.000000
0
VERTEX
8
BUILDING
10
374.600000
20
72.980000
30
0.000000
0
VERTEX
8
BUILDING
10
374.600000
20
80.020000
30
0.000000
0
VERTEX
8
BUILDING
10
360.400000
20
80.020000
30
0.000000
0
SEQEND
8
BUILDING
999
URBANOS_PATH deco.building-0298
0
POLYLINE
8
BUILDING
66
1
70
1
10
0.000000
20
0.000000
30
0.000000
0
VERTEX
8
BUILDING
10
360.400000
20
80.980000
30
0.000000
0
VERTEX
8
BUILDING
10
374.600000
20
80.980000
30
0.000000
0
VERTEX
8
BUILDING
10
374.600000
20
88.020000
30
0.000000
0
VERTEX
8
BUILDING
10
360.400000
20
88.020000
30
0.000000
0
SEQEND
8
BUILDING
999
URBANOS_PATH deco.building-0301
0
POLYLINE
8
BUILDING
66
1
70
1
10
0.000000
20
0.000000
30
0.000000
0
VERTEX
8
BUILDING
10
360.400000
20
100.980000
30
0.000000
0
VERTEX
8
BUILDING
10
374.600000
20
100.980000
30
0.000000
0
VERTEX
8
BUILDING
10
374.600000
20
108.020000
30
0.000000
0
VERTEX
8
BUILDING
10
360.400000
20
108.020000
30
0.000000
0
SEQEND
8
BUILDING
999
URBANOS_PATH deco.building-0304
0
POLYLINE
8
BUILDING
66
1
70
1
10
0.000000
20
0.000000
30
0.000000
0
VERTEX
8
BUILDING
10
360.400000
20
108.980000
30
0.000000
0
VERTEX
8
BUILDING
10
374.600000
20
108.980000
30
0.000000
0
VERTEX
8
BUILDING
10
374.600000
20
116.020000
30
0.000000
0
VERTEX
8
BUILDING
10
360.400000
20
116.020000
30
0.000000
0
SEQEND
8
BUILDING
999
URBANOS_PATH deco.building-0307
0
POLYLINE
8
BUILDING
66
1
70
1
10
0.000000
20
0.000000
30
0.000000
0
VERTEX
8
BUILDING
10
360.400000
20
116.980000
30
0.000000
0
VERTEX
8
BUILDING
10
374.600000
20
116.980000
30
0.000000
0
VERTEX
8
BUILDING
10
374.600000
20
124.020000
30
0.000000
0
VERTEX
8
BUILDING
10
360.400000
20
124.020000
30
0.000000
0
SEQEND
8
BUILDING
999
URBANOS_PATH deco.building-0310
0
POLYLINE
8
BUILDING
66
1
70
1
10
0.000000
20
0.000000
30
0.000000
0
VERTEX
8
BUILDING
10
360.400000
20
124.980000
30
0.000000
0
VERTEX
8
BUILDING
10
374.600000
20
124.980000
30
0.000000
0
VERTEX
8
BUILDING
10
374.600000
20
132.020000
30
0.000000
0
VERTEX
8
BUILDING
10
360.400000
20
132.020000
30
0.000000
0
SEQEND
8
BUILDING
999
URBANOS_PATH deco.building-0313
0
POLYLINE
8
BUILDING
66
1
70
1
10
0.000000
20
0.000000
30
0.000000
0
VERTEX
8
BUILDING
10
391.400000
20
40.980000
30
0.000000
0
VERTEX
8
BUILDING
10
405.600000
20
40.980000
30
0.000000
0
VERTEX
8
BUILDING
10
405.600000
20
48.020000
30
0.000000
0
VERTEX
8
BUILDING
10
391.400000
20
48.020000
30
0.000000
0
SEQEND
8
BUILDING
999
URBANOS_PATH deco.building-0316
0
POLYLINE
8
BUILDING
66
1
70
1
10
0.000000
20
0.000000
30
0.000000
0
VERTEX
8
BUILDING
10
391.400000
20
48.980000
30
0.000000
0
VERTEX
8
BUILDING
10
405.600000
20
48.980000
30
0.000000
0
VERTEX
8
BUILDING
10
405.600000
20
56.020000
30
0.000000
0
VERTEX
8
BUILDING
10
391.400000
20
56.020000
30
0.000000
0
SEQEND
8
BUILDING
999
URBANOS_PATH deco.building-0319
0
POLYLINE
8
BUILDING
66
1
70
1
10
0.000000
20
0.000000
30
0.000000
0
VERTEX
8
BUILDING
10
391.400000
20
56.980000
30
0.000000
0
VERTEX
8
BUILDING
10
405.600000
20
56.980000
30
0.000000
0
VERTEX
8
BUILDING
10
405.600000
20
64.020000
30
0.000000
0
VERTEX
8
BUILDING
10
391.400000
20
64.020000
30
0.000000
0
SEQEND
8
BUILDING
999
URBANOS_PATH deco.building-0322
0
POLYLINE
8
BUILDING
66
1
70
1
10
0.000000
20
0.000000
30
0.000000
0
VERTEX
8
BUILDING
10
391.400000
20
76.980000
30
0.000000
0
VERTEX
8
BUILDING
10
405.600000
20
76.980000
30
0.000000
0
VERTEX
8
BUILDING
10
405.600000
20
84.020000
30
0.000000
0
VERTEX
8
BUILDING
10
391.400000
20
84.020000
30
0.000000
0
SEQEND
8
BUILDING
999
URBANOS_PATH deco.building-0325
0
POLYLINE
8
BUILDING
66
1
70
1
10
0.000000
20
0.000000
30
0.000000
0
VERTEX
8
BUILDING
10
391.400000
20
84.980000
30
0.000000
0
VERTEX
8
BUILDING
10
405.600000
20
84.980000
30
0.000000
0
VERTEX
8
BUILDING
10
405.600000
20
92.020000
30
0.000000
0
VERTEX
8
BUILDING
10
391.400000
20
92.020000
30
0.000000
0
SEQEND
8
BUILDING
999
URBANOS_PATH deco.building-0328
0
POLYLINE
8
BUILDING
66
1
70
1
10
0.000000
20
0.000000
30
0.000000
0
VERTEX
8
BUILDING
10
391.400000
20
92.980000
30
0.000000
0
VERTEX
8
BUILDING
10
405.600000
20
92.980000
30
0.000000
0
VERTEX
8
BUILDING
10
405.600000
20
100.020000
30
0.000000
0
VERTEX
8
BUILDING
10
391.400000
20
100.020000
30
0.000000
0
SEQEND
8
BUILDING
999
URBANOS_PATH deco.building-0331
0
POLYLINE
8
BUILDING
66
1
70
1
10
0.000000
20
0.000000
30
0.000000
0
VERTEX
8
BUILDING
10
391.400000
20
100.980000
30
0.000000
0
VERTEX
8
BUILDING
10
405.600000
20
100.980000
30
0.000000
0
VERTEX
8
BUILDING
10
405.600000
20
108.020000
30
0.000000
0
VERTEX
8
BUILDING
10
391.400000
20
108.020000
30
0.000000
0
SEQEND
8
BUILDING
999
URBANOS_PATH deco.building-0334
0
POLYLINE
8
BUILDING
66
1
70
1
10
0.000000
20
0.000000
30
0.000000
0
VERTEX
8
BUILDING
10
391.400000
20
108.980000
30
0.000000
0
VERTEX
8
BUILDING
10
405.600000
20
108.980000
30
0.000000
0
VERTEX
8
BUILDING
10
405.600000
20
116.020000
30
0.000000
0
VERTEX
8
BUILDING
10
391.400000
20
116.020000
30
0.000000
0
SEQEND
8
BUILDING
999
URBANOS_PATH deco.building-0337
0
POLYLINE
8
BUILDING
66
1
70
1
10
0.000000
20
0.000000
30
0.000000
0
VERTEX
8
BUILDING
10
391.400000
20
116.980000
30
0.000000
0
VERTEX
8
BUILDING
10
405.600000
20
116.980000
30
0.000000
0
VERTEX
8
BUILDING
10
405.600000
20
124.020000
30
0.000000
0
VERTEX
8
BUILDING
10
391.400000
20
124.020000
30
0.000000
0
SEQEND
8
BUILDING
999
URBANOS_PATH deco.building-0340
0
POLYLINE
8
BUILDING
66
1
70
1
10
0.000000
20
0.000000
30
0.000000
0
VERTEX
8
BUILDING
10
165.900000
20
289.130000
30
0.000000
0
VERTEX
8
BUILDING
10
180.100000
20
289.130000
30
0.000000
0
VERTEX
8
BUILDING
10
180.100000
20
296.170000
30
0.000000
0
VERTEX
8
BUILDING
10
165.900000
20
296.170000
30
0.000000
0
SEQEND
8
BUILDING
999
URBANOS_PATH deco.building-0343
0
POLYLINE
8
BUILDING
66
1
70
1
10
0.000000
20
0.000000
30
0.000000
0
VERTEX
8
BUILDING
10
165.900000
20
297.130000
30
0.000000
0
VERTEX
8
BUILDING
10
180.100000
20
297.130000
30
0.000000
0
VERTEX
8
BUILDING
10
180.100000
20
304.170000
30
0.000000
0
VERTEX
8
BUILDING
10
165.900000
20
304.170000
30
0.000000
0
SEQEND
8
BUILDING
999
URBANOS_PATH deco.building-0346
0
POLYLINE
8
BUILDING
66
1
70
1
10
0.000000
20
0.000000
30
0.000000
0
VERTEX
8
BUILDING
10
165.900000
20
305.130000
30
0.000000
0
VERTEX
8
BUILDING
10
180.100000
20
305.130000
30
0.000000
0
VERTEX
8
BUILDING
10
180.100000
20
312.170000
30
0.000000
0
VERTEX
8
BUILDING
10
165.900000
20
312.170000
30
0.000000
0
SEQEND
8
BUILDING
999
URBANOS_PATH deco.building-0349
0
POLYLINE
8
BUILDING
66
1
70
1
10
0.000000
20
0.000000
30
0.000000
0
VERTEX
8
BUILDING
10
165.900000
20
313.130000
30
0.000000
0
VERTEX
8
BUILDING
10
180.100000
20
313.130000
30
0.000000
0
VERTEX
8
BUILDING
10
180.100000
20
320.170000
30
0.000000
0
VERTEX
8
BUILDING
10
165.900000
20
320.170000
30
0.000000
0
SEQEND
8
BUILDING
999
URBANOS_PATH deco.building-0352
0
POLYLINE
8
BUILDING
66
1
70
1
10
0.000000
20
0.000000
30
0.000000
0
VERTEX
8
BUILDING
10
165.900000
20
321.130000
30
0.000000
0
VERTEX
8
BUILDING
10
180.100000
20
321.130000
30
0.000000
0
VERTEX
8
BUILDING
10
180.100000
20
328.170000
30
0.000000
0
VERTEX
8
BUILDING
10
165.900000
20
328.170000
30
0.000000
0
SEQEND
8
BUILDING
999
URBANOS_PATH deco.building-0355
0
POLYLINE
8
BUILDING
66
1
70
1
10
0.000000
20
0.000000
30
0.000000
0
VERTEX
8
BUILDING
10
165.900000
20
329.130000
30
0.000000
0
VERTEX
8
BUILDING
10
180.100000
20
329.130000
30
0.000000
0
VERTEX
8
BUILDING
10
180.100000
20
336.170000
30
0.000000
0
VERTEX
8
BUILDING
10
165.900000
20
336.170000
30
0.000000
0
SEQEND
8
BUILDING
999
URBANOS_PATH deco.building-0358
0
POLYLINE
8
BUILDING
66
1
70
1
10
0.000000
20
0.000000
30
0.000000
0
VERTEX
8
BUILDING
10
165.900000
20
349.130000
30
0.000000
0
VERTEX
8
BUILDING
10
180.100000
20
349.130000
30
0.000000
0
VERTEX
8
BUILDING
10
180.100000
20
356.170000
30
0.000000
0
VERTEX
8
BUILDING
10
165.900000
20
356.170000
30
0.000000
0
SEQEND
8
BUILDING
999
URBANOS_PATH deco.building-0361
0
POLYLINE
8
BUILDING
66
1
70
1
10
0.000000
20
0.000000
30
0.000000
0
VERTEX
8
BUILDING
10
165.900000
20
357.130000
30
0.000000
0
VERTEX
8
BUILDING
10
180.100000
20
357.130000
30
0.000000
0
VERTEX
8
BUILDING
10
180.100000
20
364.170000
30
0.000000
0
VERTEX
8
BUILDING
10
165.900000
20
364.170000
30
0.000000
0
SEQEND
8
BUILDING
999
URBANOS_PATH deco.building-0364
0
POLYLINE
8
BUILDING
66
1
70
1
10
0.000000
20
0.000000
30
0.000000
0
VERTEX
8
BUILDING
10
165.900000
20
365.130000
30
0.000000
0
VERTEX
8
BUILDING
10
180.100000
20
365.130000
30
0.000000
0
VERTEX
8
BUILDING
10
180.100000
20
372.170000
30
0.000000
0
VERTEX
8
BUILDING
10
165.900000
20
372.170000
30
0.000000
0
SEQEND
8
BUILDING
999
URBANOS_PATH deco.building-0367
0
POLYLINE
8
BUILDING
66
1
70
1
10
0.000000
20
0.000000
30
0.000000
0
VERTEX
8
BUILDING
10
165.900000
20
373.130000
30
0.000000
0
VERTEX
8
BUILDING
10
180.100000
20
373.130000
30
0.000000
0
VERTEX
8
BUILDING
10
180.100000
20
380.170000
30
0.000000
0
VERTEX
8
BUILDING
10
165.900000
20
380.170000
30
0.000000
0
SEQEND
8
BUILDING
999
URBANOS_PATH deco.building-0370
0
POLYLINE
8
BUILDING
66
1
70
1
10
0.000000
20
0.000000
30
0.000000
0
VERTEX
8
BUILDING
10
134.900000
20
289.130000
30
0.000000
0
VERTEX
8
BUILDING
10
149.100000
20
289.130000
30
0.000000
0
VERTEX
8
BUILDING
10
149.100000
20
296.170000
30
0.000000
0
VERTEX
8
BUILDING
10
134.900000
20
296.170000
30
0.000000
0
SEQEND
8
BUILDING
999
URBANOS_PATH deco.building-0373
0
POLYLINE
8
BUILDING
66
1
70
1
10
0.000000
20
0.000000
30
0.000000
0
VERTEX
8
BUILDING
10
134.900000
20
297.130000
30
0.000000
0
VERTEX
8
BUILDING
10
149.100000
20
297.130000
30
0.000000
0
VERTEX
8
BUILDING
10
149.100000
20
304.170000
30
0.000000
0
VERTEX
8
BUILDING
10
134.900000
20
304.170000
30
0.000000
0
SEQEND
8
BUILDING
999
URBANOS_PATH deco.building-0376
0
POLYLINE
8
BUILDING
66
1
70
1
10
0.000000
20
0.000000
30
0.000000
0
VERTEX
8
BUILDING
10
134.900000
20
305.130000
30
0.000000
0
VERTEX
8
BUILDING
10
149.100000
20
305.130000
30
0.000000
0
VERTEX
8
BUILDING
10
149.100000
20
312.170000
30
0.000000
0
VERTEX
8
BUILDING
10
134.900000
20
312.170000
30
0.000000
0
SEQEND
8
BUILDING
999
URBANOS_PATH deco.building-0379
0
POLYLINE
8
BUILDING
66
1
70
1
10
0.000000
20
0.000000
30
0.000000
0
VERTEX
8
BUILDING
10
134.900000
20
325.130000
30
0.000000
0
VERTEX
8
BUILDING
10
149.100000
20
325.130000
30
0.000000
0
VERTEX
8
BUILDING
10
149.100000
20
332.170000
30
0.000000
0
VERTEX
8
BUILDING
10
134.900000
20
332.170000
30
0.000000
0
SEQEND
8
BUILDING
999
URBANOS_PATH deco.building-0382
0
POLYLINE
8
BUILDING
66
1
70
1
10
0.000000
20
0.000000
30
0.000000
0
VERTEX
8
BUILDING
10
134.900000
20
333.130000
30
0.000000
0
VERTEX
8
BUILDING
10
149.100000
20
333.130000
30
0.000000
0
VERTEX
8
BUILDING
10
149.100000
20
340.170000
30
0.000000
0
VERTEX
8
BUILDING
10
134.900000
20
340.170000
30
0.000000
0
SEQEND
8
BUILDING
999
URBANOS_PATH deco.building-0385
0
POLYLINE
8
BUILDING
66
1
70
1
10
0.000000
20
0.000000
30
0.000000
0
VERTEX
8
BUILDING
10
134.900000
20
341.130000
30
0.000000
0
VERTEX
8
BUILDING
10
149.100000
20
341.130000
30
0.000000
0
VERTEX
8
BUILDING
10
149.100000
20
348.170000
30
0.000000
0
VERTEX
8
BUILDING
10
134.900000
20
348.170000
30
0.000000
0
SEQEND
8
BUILDING
999
URBANOS_PATH deco.building-0388
0
POLYLINE
8
BUILDING
66
1
70
1
10
0.000000
20
0.000000
30
0.000000
0
VERTEX
8
BUILDING
10
134.900000
20
349.130000
30
0.000000
0
VERTEX
8
BUILDING
10
149.100000
20
349.130000
30
0.000000
0
VERTEX
8
BUILDING
10
149.100000
20
356.170000
30
0.000000
0
VERTEX
8
BUILDING
10
134.900000
20
356.170000
30
0.000000
0
SEQEND
8
BUILDING
999
URBANOS_PATH deco.building-0391
0
POLYLINE
8
BUILDING
66
1
70
1
10
0.000000
20
0.000000
30
0.000000
0
VERTEX
8
BUILDING
10
134.900000
20
357.130000
30
0.000000
0
VERTEX
8
BUILDING
10
149.100000
20
357.130000
30
0.000000
0
VERTEX
8
BUILDING
10
149.100000
20
364.170000
30
0.000000
0
VERTEX
8
BUILDING
10
134.900000
20
364.170000
30
0.000000
0
SEQEND
8
BUILDING
999
URBANOS_PATH deco.building-0394
0
POLYLINE
8
BUILDING
66
1
70
1
10
0.000000
20
0.000000
30
0.000000
0
VERTEX
8
BUILDING
10
134.900000
20
365.130000
30
0.000000
0
VERTEX
8
BUILDING
10
149.100000
20
365.130000
30
0.000000
0
VERTEX
8
BUILDING
10
149.100000
20
372.170000
30
0.000000
0
VERTEX
8
BUILDING
10
134.900000
20
372.170000
30
0.000000
0
SEQEND
8
BUILDING
999
URBANOS_PATH deco.building-0397
0
POLYLINE
8
BUILDING
66
1
70
1
10
0.000000
20
0.000000
30
0.000000
0
VERTEX
8
BUILDING
10
117.900000
20
289.130000
30
0.000000
0
VERTEX
8
BUILDING
10
132.100000
20
289.130000
30
0.000000
0
VERTEX
8
BUILDING
10
132.100000
20
296.170000
30
0.000000
0
VERTEX
8
BUILDING
10
117.900000
20
296.170000
30
0.000000
0
SEQEND
8
BUILDING
999
URBANOS_PATH deco.building-0400
0
POLYLINE
8
BUILDING
66
1
70
1
10
0.000000
20
0.000000
30
0.000000
0
VERTEX
8
BUILDING
10
117.900000
20
297.130000
30
0.000000
0
VERTEX
8
BUILDING
10
132.100000
20
297.130000
30
0.000000
0
VERTEX
8
BUILDING
10
132.100000
20
304.170000
30
0.000000
0
VERTEX
8
BUILDING
10
117.900000
20
304.170000
30
0.000000
0
SEQEND
8
BUILDING
999
URBANOS_PATH deco.building-0403
0
POLYLINE
8
BUILDING
66
1
70
1
10
0.000000
20
0.000000
30
0.000000
0
VERTEX
8
BUILDING
10
117.900000
20
305.130000
30
0.000000
0
VERTEX
8
BUILDING
10
132.100000
20
305.130000
30
0.000000
0
VERTEX
8
BUILDING
10
132.100000
20
312.170000
30
0.000000
0
VERTEX
8
BUILDING
10
117.900000
20
312.170000
30
0.000000
0
SEQEND
8
BUILDING
999
URBANOS_PATH deco.building-0406
0
POLYLINE
8
BUILDING
66
1
70
1
10
0.000000
20
0.000000
30
0.000000
0
VERTEX
8
BUILDING
10
117.900000
20
313.130000
30
0.000000
0
VERTEX
8
BUILDING
10
132.100000
20
313.130000
30
0.000000
0
VERTEX
8
BUILDING
10
132.100000
20
320.170000
30
0.000000
0
VERTEX
8
BUILDING
10
117.900000
20
320.170000
30
0.000000
0
SEQEND
8
BUILDING
999
URBANOS_PATH deco.building-0409
0
POLYLINE
8
BUILDING
66
1
70
1
10
0.000000
20
0.000000
30
0.000000
0
VERTEX
8
BUILDING
10
117.900000
20
321.130000
30
0.000000
0
VERTEX
8
BUILDING
10
132.100000
20
321.130000
30
0.000000
0
VERTEX
8
BUILDING
10
132.100000
20
328.170000
30
0.000000
0
VERTEX
8
BUILDING
10
117.900000
20
328.170000
30
0.000000
0
SEQEND
8
BUILDING
999
URBANOS_PATH deco.building-0412
0
POLYLINE
8
BUILDING
66
1
70
1
10
0.000000
20
0.000000
30
0.000000
0
VERTEX
8
BUILDING
10
117.900000
20
329.130000
30
0.000000
0
VERTEX
8
BUILDING
10
132.100000
20
329.130000
30
0.000000
0
VERTEX
8
BUILDING
10
132.100000
20
336.170000
30
0.000000
0
VERTEX
8
BUILDING
10
117.900000
20
336.170000
30
0.000000
0
SEQEND
8
BUILDING
999
URBANOS_PATH deco.building-0415
0
POLYLINE
8
BUILDING
66
1
70
1
10
0.000000
20
0.000000
30
0.000000
0
VERTEX
8
BUILDING
10
117.900000
20
349.130000
30
0.000000
0
VERTEX
8
BUILDING
10
132.100000
20
349.130000
30
0.000000
0
VERTEX
8
BUILDING
10
132.100000
20
356.170000
30
0.000000
0
VERTEX
8
BUILDING
10
117.900000
20
356.170000
30
0.000000
0
SEQEND
8
BUILDING
999
URBANOS_PATH deco.building-0418
0
POLYLINE
8
BUILDING
66
1
70
1
10
0.000000
20
0.000000
30
0.000000
0
VERTEX
8
BUILDING
10
117.900000
20
357.130000
30
0.000000
0
VERTEX
8
BUILDING
10
132.100000
20
357.130000
30
0.000000
0
VERTEX
8
BUILDING
10
132.100000
20
364.170000
30
0.000000
0
VERTEX
8
BUILDING
10
117.900000
20
364.170000
30
0.000000
0
SEQEND
8
BUILDING
999
URBANOS_PATH deco.building-0421
0
POLYLINE
8
BUILDING
66
1
70
1
10
0.000000
20
0.000000
30
0.000000
0
VERTEX
8
BUILDING
10
117.900000
20
365.130000
30
0.000000
0
VERTEX
8
BUILDING
10
132.100000
20
365.130000
30
0.000000
0
VERTEX
8
BUILDING
10
132.100000
20
372.170000
30
0.000000
0
VERTEX
8
BUILDING
10
117.900000
20
372.170000
30
0.000000
0
SEQEND
8
BUILDING
999
URBANOS_PATH deco.building-0424
0
POLYLINE
8
BUILDING
66
1
70
1
10
0.000000
20
0.000000
30
0.000000
0
VERTEX
8
BUILDING
10
117.900000
20
373.130000
30
0.000000
0
VERTEX
8
BUILDING
10
132.100000
20
373.130000
30
0.000000
0
VERTEX
8
BUILDING
10
132.100000
20
380.170000
30
0.000000
0
VERTEX
8
BUILDING
10
117.900000
20
380.170000
30
0.000000
0
SEQEND
8
BUILDING
999
URBANOS_PATH deco.building-0427
0
POLYLINE
8
BUILDING
66
1
70
1
10
0.000000
20
0.000000
30
0.000000
0
VERTEX
8
BUILDING
10
86.900000
20
289.130000
30
0.000000
0
VERTEX
8
BUILDING
10
101.100000
20
289.130000
30
0.000000
0
VERTEX
8
BUILDING
10
101.100000
20
296.170000
30
0.000000
0
VERTEX
8
BUILDING
10
86.900000
20
296.170000
30
0.000000
0
SEQEND
8
BUILDING
999
URBANOS_PATH deco.building-0430
0
POLYLINE
8
BUILDING
66
1
70
1
10
0.000000
20
0.000000
30
0.000000
0
VERTEX
8
BUILDING
10
86.900000
20
297.130000
30
0.000000
0
VERTEX
8
BUILDING
10
101.100000
20
297.130000
30
0.000000
0
VERTEX
8
BUILDING
10
101.100000
20
304.170000
30
0.000000
0
VERTEX
8
BUILDING
10
86.900000
20
304.170000
30
0.000000
0
SEQEND
8
BUILDING
999
URBANOS_PATH deco.building-0433
0
POLYLINE
8
BUILDING
66
1
70
1
10
0.000000
20
0.000000
30
0.000000
0
VERTEX
8
BUILDING
10
86.900000
20
305.130000
30
0.000000
0
VERTEX
8
BUILDING
10
101.100000
20
305.130000
30
0.000000
0
VERTEX
8
BUILDING
10
101.100000
20
312.170000
30
0.000000
0
VERTEX
8
BUILDING
10
86.900000
20
312.170000
30
0.000000
0
SEQEND
8
BUILDING
999
URBANOS_PATH deco.building-0436
0
POLYLINE
8
BUILDING
66
1
70
1
10
0.000000
20
0.000000
30
0.000000
0
VERTEX
8
BUILDING
10
86.900000
20
325.130000
30
0.000000
0
VERTEX
8
BUILDING
10
101.100000
20
325.130000
30
0.000000
0
VERTEX
8
BUILDING
10
101.100000
20
332.170000
30
0.000000
0
VERTEX
8
BUILDING
10
86.900000
20
332.170000
30
0.000000
0
SEQEND
8
BUILDING
999
URBANOS_PATH deco.building-0439
0
POLYLINE
8
BUILDING
66
1
70
1
10
0.000000
20
0.000000
30
0.000000
0
VERTEX
8
BUILDING
10
86.900000
20
333.130000
30
0.000000
0
VERTEX
8
BUILDING
10
101.100000
20
333.130000
30
0.000000
0
VERTEX
8
BUILDING
10
101.100000
20
340.170000
30
0.000000
0
VERTEX
8
BUILDING
10
86.900000
20
340.170000
30
0.000000
0
SEQEND
8
BUILDING
999
URBANOS_PATH deco.building-0442
0
POLYLINE
8
BUILDING
66
1
70
1
10
0.000000
20
0.000000
30
0.000000
0
VERTEX
8
BUILDING
10
86.900000
20
341.130000
30
0.000000
0
VERTEX
8
BUILDING
10
101.100000
20
341.130000
30
0.000000
0
VERTEX
8
BUILDING
10
101.100000
20
348.170000
30
0.000000
0
VERTEX
8
BUILDING
10
86.900000
20
348.170000
30
0.000000
0
SEQEND
8
BUILDING
999
URBANOS_PATH deco.building-0445
0
POLYLINE
8
BUILDING
66
1
70
1
10
0.000000
20
0.000000
30
0.000000
0
VERTEX
8
BUILDING
10
86.900000
20
349.130000
30
0.000000
0
VERTEX
8
BUILDING
10
101.100000
20
349.130000
30
0.000000
0
VERTEX
8
BUILDING
10
101.100000
20
356.170000
30
0.000000
0
VERTEX
8
BUILDING
10
86.900000
20
356.170000
30
0.000000
0
SEQEND
8
BUILDING
999
URBANOS_PATH deco.building-0448
0
POLYLINE
8
BUILDING
66
1
70
1
10
0.000000
20
0.000000
30
0.000000
0
VERTEX
8
BUILDING
10
86.900000
20
357.130000
30
0.000000
0
VERTEX
8
BUILDING
10
101.100000
20
357.130000
30
0.000000
0
VERTEX
8
BUILDING
10
101.100000
20
364.170000
30
0.000000
0
VERTEX
8
BUILDING
10
86.900000
20
364.170000
30
0.000000
0
SEQEND
8
BUILDING
999
URBANOS_PATH deco.building-0451
0
POLYLINE
8
BUILDING
66
1
70
1
10
0.000000
20
0.000000
30
0.000000
0
VERTEX
8
BUILDING
10
86.900000
20
365.130000
30
0.000000
0
VERTEX
8
BUILDING
10
101.100000
20
365.130000
30
0.000000
0
VERTEX
8
BUILDING
10
101.100000
20
372.170000
30
0.000000
0
VERTEX
8
BUILDING
10
86.900000
20
372.170000
30
0.000000
0
SEQEND
8
BUILDING
999
URBANOS_PATH deco.building-0454
0
POLYLINE
8
BUILDING
66
1
70
1
10
0.000000
20
0.000000
30
0.000000
0
VERTEX
8
BUILDING
10
69.900000
20
289.130000
30
0.000000
0
VERTEX
8
BUILDING
10
84.100000
20
289.130000
30
0.000000
0
VERTEX
8
BUILDING
10
84.100000
20
296.170000
30
0.000000
0
VERTEX
8
BUILDING
10
69.900000
20
296.170000
30
0.000000
0
SEQEND
8
BUILDING
999
URBANOS_PATH deco.building-0457
0
POLYLINE
8
BUILDING
66
1
70
1
10
0.000000
20
0.000000
30
0.000000
0
VERTEX
8
BUILDING
10
69.900000
20
297.130000
30
0.000000
0
VERTEX
8
BUILDING
10
84.100000
20
297.130000
30
0.000000
0
VERTEX
8
BUILDING
10
84.100000
20
304.170000
30
0.000000
0
VERTEX
8
BUILDING
10
69.900000
20
304.170000
30
0.000000
0
SEQEND
8
BUILDING
999
URBANOS_PATH deco.building-0460
0
POLYLINE
8
BUILDING
66
1
70
1
10
0.000000
20
0.000000
30
0.000000
0
VERTEX
8
BUILDING
10
69.900000
20
305.130000
30
0.000000
0
VERTEX
8
BUILDING
10
84.100000
20
305.130000
30
0.000000
0
VERTEX
8
BUILDING
10
84.100000
20
312.170000
30
0.000000
0
VERTEX
8
BUILDING
10
69.900000
20
312.170000
30
0.000000
0
SEQEND
8
BUILDING
999
URBANOS_PATH deco.building-0463
0
POLYLINE
8
BUILDING
66
1
70
1
10
0.000000
20
0.000000
30
0.000000
0
VERTEX
8
BUILDING
10
69.900000
20
313.130000
30
0.000000
0
VERTEX
8
BUILDING
10
84.100000
20
313.130000
30
0.000000
0
VERTEX
8
BUILDING
10
84.100000
20
320.170000
30
0.000000
0
VERTEX
8
BUILDING
10
69.900000
20
320.170000
30
0.000000
0
SEQEND
8
BUILDING
999
URBANOS_PATH deco.building-0466
0
POLYLINE
8
BUILDING
66
1
70
1
10
0.000000
20
0.000000
30
0.000000
0
VERTEX
8
BUILDING
10
69.900000
20
321.130000
30
0.000000
0
VERTEX
8
BUILDING
10
84.100000
20
321.130000
30
0.000000
0
VERTEX
8
BUILDING
10
84.100000
20
328.170000
30
0.000000
0
VERTEX
8
BUILDING
10
69.900000
20
328.170000
30
0.000000
0
SEQEND
8
BUILDING
999
URBANOS_PATH deco.building-0469
0
POLYLINE
8
BUILDING
66
1
70
1
10
0.000000
20
0.000000
30
0.000000
0
VERTEX
8
BUILDING
10
69.900000
20
329.130000
30
0.000000
0
VERTEX
8
BUILDING
10
84.100000
20
329.130000
30
0.000000
0
VERTEX
8
BUILDING
10
84.100000
20
336.170000
30
0.000000
0
VERTEX
8
BUILDING
10
69.900000
20
336.170000
30
0.000000
0
SEQEND
8
BUILDING
999
URBANOS_PATH deco.building-0472
0
POLYLINE
8
BUILDING
66
1
70
1
10
0.000000
20
0.000000
30
0.000000
0
VERTEX
8
BUILDING
10
69.900000
20
349.130000
30
0.000000
0
VERTEX
8
BUILDING
10
84.100000
20
349.130000
30
0.000000
0
VERTEX
8
BUILDING
10
84.100000
20
356.170000
30
0.000000
0
VERTEX
8
BUILDING
10
69.900000
20
356.170000
30
0.000000
0
SEQEND
8
BUILDING
999
URBANOS_PATH deco.building-0475
0
POLYLINE
8
BUILDING
66
1
70
1
10
0.000000
20
0.000000
30
0.000000
0
VERTEX
8
BUILDING
10
69.900000
20
357.130000
30
0.000000
0
VERTEX
8
BUILDING
10
84.100000
20
357.130000
30
0.000000
0
VERTEX
8
BUILDING
10
84.100000
20
364.170000
30
0.000000
0
VERTEX
8
BUILDING
10
69.900000
20
364.170000
30
0.000000
0
SEQEND
8
BUILDING
999
URBANOS_PATH deco.building-0478
0
POLYLINE
8
BUILDING
66
1
70
1
10
0.000000
20
0.000000
30
0.000000
0
VERTEX
8
BUILDING
10
69.900000
20
365.130000
30
0.000000
0
VERTEX
8
BUILDING
10
84.100000
20
365.130000
30
0.000000
0
VERTEX
8
BUILDING
10
84.100000
20
372.170000
30
0.000000
0
VERTEX
8
BUILDING
10
69.900000
20
372.170000
30
0.000000
0
SEQEND
8
BUILDING
999
URBANOS_PATH deco.building-0481
0
POLYLINE
8
BUILDING
66
1
70
1
10
0.000000
20
0.000000
30
0.000000
0
VERTEX
8
BUILDING
10
69.900000
20
373.130000
30
0.000000
0
VERTEX
8
BUILDING
10
84.100000
20
373.130000
30
0.000000
0
VERTEX
8
BUILDING
10
84.100000
20
380.170000
30
0.000000
0
VERTEX
8
BUILDING
10
69.900000
20
380.170000
30
0.000000
0
SEQEND
8
BUILDING
999
URBANOS_PATH deco.building-0484
0
POLYLINE
8
BUILDING
66
1
70
1
10
0.000000
20
0.000000
30
0.000000
0
VERTEX
8
BUILDING
10
39.900000
20
289.130000
30
0.000000
0
VERTEX
8
BUILDING
10
54.100000
20
289.130000
30
0.000000
0
VERTEX
8
BUILDING
10
54.100000
20
296.170000
30
0.000000
0
VERTEX
8
BUILDING
10
39.900000
20
296.170000
30
0.000000
0
SEQEND
8
BUILDING
999
URBANOS_PATH deco.building-0487
0
POLYLINE
8
BUILDING
66
1
70
1
10
0.000000
20
0.000000
30
0.000000
0
VERTEX
8
BUILDING
10
39.900000
20
297.130000
30
0.000000
0
VERTEX
8
BUILDING
10
54.100000
20
297.130000
30
0.000000
0
VERTEX
8
BUILDING
10
54.100000
20
304.170000
30
0.000000
0
VERTEX
8
BUILDING
10
39.900000
20
304.170000
30
0.000000
0
SEQEND
8
BUILDING
999
URBANOS_PATH deco.building-0490
0
POLYLINE
8
BUILDING
66
1
70
1
10
0.000000
20
0.000000
30
0.000000
0
VERTEX
8
BUILDING
10
39.900000
20
305.130000
30
0.000000
0
VERTEX
8
BUILDING
10
54.100000
20
305.130000
30
0.000000
0
VERTEX
8
BUILDING
10
54.100000
20
312.170000
30
0.000000
0
VERTEX
8
BUILDING
10
39.900000
20
312.170000
30
0.000000
0
SEQEND
8
BUILDING
999
URBANOS_PATH deco.building-0493
0
POLYLINE
8
BUILDING
66
1
70
1
10
0.000000
20
0.000000
30
0.000000
0
VERTEX
8
BUILDING
10
39.900000
20
325.130000
30
0.000000
0
VERTEX
8
BUILDING
10
54.100000
20
325.130000
30
0.000000
0
VERTEX
8
BUILDING
10
54.100000
20
332.170000
30
0.000000
0
VERTEX
8
BUILDING
10
39.900000
20
332.170000
30
0.000000
0
SEQEND
8
BUILDING
999
URBANOS_PATH deco.building-0496
0
POLYLINE
8
BUILDING
66
1
70
1
10
0.000000
20
0.000000
30
0.000000
0
VERTEX
8
BUILDING
10
39.900000
20
333.130000
30
0.000000
0
VERTEX
8
BUILDING
10
54.100000
20
333.130000
30
0.000000
0
VERTEX
8
BUILDING
10
54.100000
20
340.170000
30
0.000000
0
VERTEX
8
BUILDING
10
39.900000
20
340.170000
30
0.000000
0
SEQEND
8
BUILDING
999
URBANOS_PATH deco.building-0499
0
POLYLINE
8
BUILDING
66
1
70
1
10
0.000000
20
0.000000
30
0.000000
0
VERTEX
8
BUILDING
10
39.900000
20
341.130000
30
0.000000
0
VERTEX
8
BUILDING
10
54.100000
20
341.130000
30
0.000000
0
VERTEX
8
BUILDING
10
54.100000
20
348.170000
30
0.000000
0
VERTEX
8
BUILDING
10
39.900000
20
348.170000
30
0.000000
0
SEQEND
8
BUILDING
999
URBANOS_PATH deco.building-0502
0
POLYLINE
8
BUILDING
66
1
70
1
10
0.000000
20
0.000000
30
0.000000
0
VERTEX
8
BUILDING
10
39.900000
20
349.130000
30
0.000000
0
VERTEX
8
BUILDING
10
54.100000
20
349.130000
30
0.000000
0
VERTEX
8
BUILDING
10
54.100000
20
356.170000
30
0.000000
0
VERTEX
8
BUILDING
10
39.900000
20
356.170000
30
0.000000
0
SEQEND
8
BUILDING
999
URBANOS_PATH deco.building-0505
0
POLYLINE
8
BUILDING
66
1
70
1
10
0.000000
20
0.000000
30
0.000000
0
VERTEX
8
BUILDING
10
39.900000
20
357.130000
30
0.000000
0
VERTEX
8
BUILDING
10
54.100000
20
357.130000
30
0.000000
0
VERTEX
8
BUILDING
10
54.100000
20
364.170000
30
0.000000
0
VERTEX
8
BUILDING
10
39.900000
20
364.170000
30
0.000000
0
SEQEND
8
BUILDING
999
URBANOS_PATH deco.building-0508
0
POLYLINE
8
BUILDING
66
1
70
1
10
0.000000
20
0.000000
30
0.000000
0
VERTEX
8
BUILDING
10
39.900000
20
365.130000
30
0.000000
0
VERTEX
8
BUILDING
10
54.100000
20
365.130000
30
0.000000
0
VERTEX
8
BUILDING
10
54.100000
20
372.170000
30
0.000000
0
VERTEX
8
BUILDING
10
39.900000
20
372.170000
30
0.000000
0
SEQEND
8
BUILDING
999
URBANOS_PATH deco.building-0511
0
POLYLINE
8
BUILDING
66
1
70
1
10
0.000000
20
0.000000
30
0.000000
0
VERTEX
8
BUILDING
10
263.480000
20
291.050000
30
0.000000
0
VERTEX
8
BUILDING
10
270.520000
20
291.050000
30
0.000000
0
VERTEX
8
BUILDING
10
270.520000
20
305.250000
30
0.000000
0
VERTEX
8
BUILDING
10
263.480000
20
305.250000
30
0.000000
0
SEQEND
8
BUILDING
999
URBANOS_PATH deco.building-0514
0
POLYLINE
8
BUILDING
66
1
70
1
10
0.000000
20
0.000000
30
0.000000
0
VERTEX
8
BUILDING
10
271.480000
20
291.050000
30
0.000000
0
VERTEX
8
BUILDING
10
278.520000
20
291.050000
30
0.000000
0
VERTEX
8
BUILDING
10
278.520000
20
305.250000
30
0.000000
0
VERTEX
8
BUILDING
10
271.480000
20
305.250000
30
0.000000
0
SEQEND
8
BUILDING
999
URBANOS_PATH deco.building-0517
0
POLYLINE
8
BUILDING
66
1
70
1
10
0.000000
20
0.000000
30
0.000000
0
VERTEX
8
BUILDING
10
279.480000
20
291.050000
30
0.000000
0
VERTEX
8
BUILDING
10
286.520000
20
291.050000
30
0.000000
0
VERTEX
8
BUILDING
10
286.520000
20
305.250000
30
0.000000
0
VERTEX
8
BUILDING
10
279.480000
20
305.250000
30
0.000000
0
SEQEND
8
BUILDING
999
URBANOS_PATH deco.building-0520
0
POLYLINE
8
BUILDING
66
1
70
1
10
0.000000
20
0.000000
30
0.000000
0
VERTEX
8
BUILDING
10
287.480000
20
291.050000
30
0.000000
0
VERTEX
8
BUILDING
10
294.520000
20
291.050000
30
0.000000
0
VERTEX
8
BUILDING
10
294.520000
20
305.250000
30
0.000000
0
VERTEX
8
BUILDING
10
287.480000
20
305.250000
30
0.000000
0
SEQEND
8
BUILDING
999
URBANOS_PATH deco.building-0523
0
POLYLINE
8
BUILDING
66
1
70
1
10
0.000000
20
0.000000
30
0.000000
0
VERTEX
8
BUILDING
10
295.480000
20
291.050000
30
0.000000
0
VERTEX
8
BUILDING
10
302.520000
20
291.050000
30
0.000000
0
VERTEX
8
BUILDING
10
302.520000
20
305.250000
30
0.000000
0
VERTEX
8
BUILDING
10
295.480000
20
305.250000
30
0.000000
0
SEQEND
8
BUILDING
999
URBANOS_PATH deco.building-0526
0
POLYLINE
8
BUILDING
66
1
70
1
10
0.000000
20
0.000000
30
0.000000
0
VERTEX
8
BUILDING
10
303.480000
20
291.050000
30
0.000000
0
VERTEX
8
BUILDING
10
310.520000
20
291.050000
30
0.000000
0
VERTEX
8
BUILDING
10
310.520000
20
305.250000
30
0.000000
0
VERTEX
8
BUILDING
10
303.480000
20
305.250000
30
0.000000
0
SEQEND
8
BUILDING
999
URBANOS_PATH deco.building-0529
0
POLYLINE
8
BUILDING
66
1
70
1
10
0.000000
20
0.000000
30
0.000000
0
VERTEX
8
BUILDING
10
323.480000
20
291.050000
30
0.000000
0
VERTEX
8
BUILDING
10
330.520000
20
291.050000
30
0.000000
0
VERTEX
8
BUILDING
10
330.520000
20
305.250000
30
0.000000
0
VERTEX
8
BUILDING
10
323.480000
20
305.250000
30
0.000000
0
SEQEND
8
BUILDING
999
URBANOS_PATH deco.building-0532
0
POLYLINE
8
BUILDING
66
1
70
1
10
0.000000
20
0.000000
30
0.000000
0
VERTEX
8
BUILDING
10
331.480000
20
291.050000
30
0.000000
0
VERTEX
8
BUILDING
10
338.520000
20
291.050000
30
0.000000
0
VERTEX
8
BUILDING
10
338.520000
20
305.250000
30
0.000000
0
VERTEX
8
BUILDING
10
331.480000
20
305.250000
30
0.000000
0
SEQEND
8
BUILDING
999
URBANOS_PATH deco.building-0535
0
POLYLINE
8
BUILDING
66
1
70
1
10
0.000000
20
0.000000
30
0.000000
0
VERTEX
8
BUILDING
10
339.480000
20
291.050000
30
0.000000
0
VERTEX
8
BUILDING
10
346.520000
20
291.050000
30
0.000000
0
VERTEX
8
BUILDING
10
346.520000
20
305.250000
30
0.000000
0
VERTEX
8
BUILDING
10
339.480000
20
305.250000
30
0.000000
0
SEQEND
8
BUILDING
999
URBANOS_PATH deco.building-0538
0
POLYLINE
8
BUILDING
66
1
70
1
10
0.000000
20
0.000000
30
0.000000
0
VERTEX
8
BUILDING
10
347.480000
20
291.050000
30
0.000000
0
VERTEX
8
BUILDING
10
354.520000
20
291.050000
30
0.000000
0
VERTEX
8
BUILDING
10
354.520000
20
305.250000
30
0.000000
0
VERTEX
8
BUILDING
10
347.480000
20
305.250000
30
0.000000
0
SEQEND
8
BUILDING
999
URBANOS_PATH deco.building-0541
0
POLYLINE
8
BUILDING
66
1
70
1
10
0.000000
20
0.000000
30
0.000000
0
VERTEX
8
BUILDING
10
355.480000
20
291.050000
30
0.000000
0
VERTEX
8
BUILDING
10
362.520000
20
291.050000
30
0.000000
0
VERTEX
8
BUILDING
10
362.520000
20
305.250000
30
0.000000
0
VERTEX
8
BUILDING
10
355.480000
20
305.250000
30
0.000000
0
SEQEND
8
BUILDING
999
URBANOS_PATH deco.building-0544
0
POLYLINE
8
BUILDING
66
1
70
1
10
0.000000
20
0.000000
30
0.000000
0
VERTEX
8
BUILDING
10
363.480000
20
291.050000
30
0.000000
0
VERTEX
8
BUILDING
10
370.520000
20
291.050000
30
0.000000
0
VERTEX
8
BUILDING
10
370.520000
20
305.250000
30
0.000000
0
VERTEX
8
BUILDING
10
363.480000
20
305.250000
30
0.000000
0
SEQEND
8
BUILDING
999
URBANOS_PATH deco.building-0547
0
POLYLINE
8
BUILDING
66
1
70
1
10
0.000000
20
0.000000
30
0.000000
0
VERTEX
8
BUILDING
10
383.480000
20
291.050000
30
0.000000
0
VERTEX
8
BUILDING
10
390.520000
20
291.050000
30
0.000000
0
VERTEX
8
BUILDING
10
390.520000
20
305.250000
30
0.000000
0
VERTEX
8
BUILDING
10
383.480000
20
305.250000
30
0.000000
0
SEQEND
8
BUILDING
999
URBANOS_PATH deco.building-0550
0
POLYLINE
8
BUILDING
66
1
70
1
10
0.000000
20
0.000000
30
0.000000
0
VERTEX
8
BUILDING
10
391.480000
20
291.050000
30
0.000000
0
VERTEX
8
BUILDING
10
398.520000
20
291.050000
30
0.000000
0
VERTEX
8
BUILDING
10
398.520000
20
305.250000
30
0.000000
0
VERTEX
8
BUILDING
10
391.480000
20
305.250000
30
0.000000
0
SEQEND
8
BUILDING
999
URBANOS_PATH deco.building-0553
0
POLYLINE
8
BUILDING
66
1
70
1
10
0.000000
20
0.000000
30
0.000000
0
VERTEX
8
BUILDING
10
263.480000
20
321.050000
30
0.000000
0
VERTEX
8
BUILDING
10
270.520000
20
321.050000
30
0.000000
0
VERTEX
8
BUILDING
10
270.520000
20
335.250000
30
0.000000
0
VERTEX
8
BUILDING
10
263.480000
20
335.250000
30
0.000000
0
SEQEND
8
BUILDING
999
URBANOS_PATH deco.building-0556
0
POLYLINE
8
BUILDING
66
1
70
1
10
0.000000
20
0.000000
30
0.000000
0
VERTEX
8
BUILDING
10
271.480000
20
321.050000
30
0.000000
0
VERTEX
8
BUILDING
10
278.520000
20
321.050000
30
0.000000
0
VERTEX
8
BUILDING
10
278.520000
20
335.250000
30
0.000000
0
VERTEX
8
BUILDING
10
271.480000
20
335.250000
30
0.000000
0
SEQEND
8
BUILDING
999
URBANOS_PATH deco.building-0559
0
POLYLINE
8
BUILDING
66
1
70
1
10
0.000000
20
0.000000
30
0.000000
0
VERTEX
8
BUILDING
10
279.480000
20
321.050000
30
0.000000
0
VERTEX
8
BUILDING
10
286.520000
20
321.050000
30
0.000000
0
VERTEX
8
BUILDING
10
286.520000
20
335.250000
30
0.000000
0
VERTEX
8
BUILDING
10
279.480000
20
335.250000
30
0.000000
0
SEQEND
8
BUILDING
999
URBANOS_PATH deco.building-0562
0
POLYLINE
8
BUILDING
66
1
70
1
10
0.000000
20
0.000000
30
0.000000
0
VERTEX
8
BUILDING
10
299.480000
20
321.050000
30
0.000000
0
VERTEX
8
BUILDING
10
306.520000
20
321.050000
30
0.000000
0
VERTEX
8
BUILDING
10
306.520000
20
335.250000
30
0.000000
0
VERTEX
8
BUILDING
10
299.480000
20
335.250000
30
0.000000
0
SEQEND
8
BUILDING
999
URBANOS_PATH deco.building-0565
0
POLYLINE
8
BUILDING
66
1
70
1
10
0.000000
20
0.000000
30
0.000000
0
VERTEX
8
BUILDING
10
307.480000
20
321.050000
30
0.000000
0
VERTEX
8
BUILDING
10
314.520000
20
321.050000
30
0.000000
0
VERTEX
8
BUILDING
10
314.520000
20
335.250000
30
0.000000
0
VERTEX
8
BUILDING
10
307.480000
20
335.250000
30
0.000000
0
SEQEND
8
BUILDING
999
URBANOS_PATH deco.building-0568
0
POLYLINE
8
BUILDING
66
1
70
1
10
0.000000
20
0.000000
30
0.000000
0
VERTEX
8
BUILDING
10
315.480000
20
321.050000
30
0.000000
0
VERTEX
8
BUILDING
10
322.520000
20
321.050000
30
0.000000
0
VERTEX
8
BUILDING
10
322.520000
20
335.250000
30
0.000000
0
VERTEX
8
BUILDING
10
315.480000
20
335.250000
30
0.000000
0
SEQEND
8
BUILDING
999
URBANOS_PATH deco.building-0571
0
POLYLINE
8
BUILDING
66
1
70
1
10
0.000000
20
0.000000
30
0.000000
0
VERTEX
8
BUILDING
10
323.480000
20
321.050000
30
0.000000
0
VERTEX
8
BUILDING
10
330.520000
20
321.050000
30
0.000000
0
VERTEX
8
BUILDING
10
330.520000
20
335.250000
30
0.000000
0
VERTEX
8
BUILDING
10
323.480000
20
335.250000
30
0.000000
0
SEQEND
8
BUILDING
999
URBANOS_PATH deco.building-0574
0
POLYLINE
8
BUILDING
66
1
70
1
10
0.000000
20
0.000000
30
0.000000
0
VERTEX
8
BUILDING
10
331.480000
20
321.050000
30
0.000000
0
VERTEX
8
BUILDING
10
338.520000
20
321.050000
30
0.000000
0
VERTEX
8
BUILDING
10
338.520000
20
335.250000
30
0.000000
0
VERTEX
8
BUILDING
10
331.480000
20
335.250000
30
0.000000
0
SEQEND
8
BUILDING
999
URBANOS_PATH deco.building-0577
0
POLYLINE
8
BUILDING
66
1
70
1
10
0.000000
20
0.000000
30
0.000000
0
VERTEX
8
BUILDING
10
339.480000
20
321.050000
30
0.000000
0
VERTEX
8
BUILDING
10
346.520000
20
321.050000
30
0.000000
0
VERTEX
8
BUILDING
10
346.520000
20
335.250000
30
0.000000
0
VERTEX
8
BUILDING
10
339.480000
20
335.250000
30
0.000000
0
SEQEND
8
BUILDING
999
URBANOS_PATH deco.building-0580
0
POLYLINE
8
BUILDING
66
1
70
1
10
0.000000
20
0.000000
30
0.000000
0
VERTEX
8
BUILDING
10
359.480000
20
321.050000
30
0.000000
0
VERTEX
8
BUILDING
10
366.520000
20
321.050000
30
0.000000
0
VERTEX
8
BUILDING
10
366.520000
20
335.250000
30
0.000000
0
VERTEX
8
BUILDING
10
359.480000
20
335.250000
30
0.000000
0
SEQEND
8
BUILDING
999
URBANOS_PATH deco.building-0583
0
POLYLINE
8
BUILDING
66
1
70
1
10
0.000000
20
0.000000
30
0.000000
0
VERTEX
8
BUILDING
10
367.480000
20
321.050000
30
0.000000
0
VERTEX
8
BUILDING
10
374.520000
20
321.050000
30
0.000000
0
VERTEX
8
BUILDING
10
374.520000
20
335.250000
30
0.000000
0
VERTEX
8
BUILDING
10
367.480000
20
335.250000
30
0.000000
0
SEQEND
8
BUILDING
999
URBANOS_PATH deco.building-0586
0
POLYLINE
8
BUILDING
66
1
70
1
10
0.000000
20
0.000000
30
0.000000
0
VERTEX
8
BUILDING
10
375.480000
20
321.050000
30
0.000000
0
VERTEX
8
BUILDING
10
382.520000
20
321.050000
30
0.000000
0
VERTEX
8
BUILDING
10
382.520000
20
335.250000
30
0.000000
0
VERTEX
8
BUILDING
10
375.480000
20
335.250000
30
0.000000
0
SEQEND
8
BUILDING
999
URBANOS_PATH deco.building-0589
0
POLYLINE
8
BUILDING
66
1
70
1
10
0.000000
20
0.000000
30
0.000000
0
VERTEX
8
BUILDING
10
383.480000
20
321.050000
30
0.000000
0
VERTEX
8
BUILDING
10
390.520000
20
321.050000
30
0.000000
0
VERTEX
8
BUILDING
10
390.520000
20
335.250000
30
0.000000
0
VERTEX
8
BUILDING
10
383.480000
20
335.250000
30
0.000000
0
SEQEND
8
BUILDING
999
URBANOS_PATH deco.building-0592
0
POLYLINE
8
BUILDING
66
1
70
1
10
0.000000
20
0.000000
30
0.000000
0
VERTEX
8
BUILDING
10
391.480000
20
321.050000
30
0.000000
0
VERTEX
8
BUILDING
10
398.520000
20
321.050000
30
0.000000
0
VERTEX
8
BUILDING
10
398.520000
20
335.250000
30
0.000000
0
VERTEX
8
BUILDING
10
391.480000
20
335.250000
30
0.000000
0
SEQEND
8
BUILDING
999
URBANOS_PATH deco.building-0595
0
POLYLINE
8
BUILDING
66
1
70
1
10
0.000000
20
0.000000
30
0.000000
0
VERTEX
8
BUILDING
10
263.480000
20
339.050000
30
0.000000
0
VERTEX
8
BUILDING
10
270.520000
20
339.050000
30
0.000000
0
VERTEX
8
BUILDING
10
270.520000
20
353.250000
30
0.000000
0
VERTEX
8
BUILDING
10
263.480000
20
353.250000
30
0.000000
0
SEQEND
8
BUILDING
999
URBANOS_PATH deco.building-0598
0
POLYLINE
8
BUILDING
66
1
70
1
10
0.000000
20
0.000000
30
0.000000
0
VERTEX
8
BUILDING
10
271.480000
20
339.050000
30
0.000000
0
VERTEX
8
BUILDING
10
278.520000
20
339.050000
30
0.000000
0
VERTEX
8
BUILDING
10
278.520000
20
353.250000
30
0.000000
0
VERTEX
8
BUILDING
10
271.480000
20
353.250000
30
0.000000
0
SEQEND
8
BUILDING
999
URBANOS_PATH deco.building-0601
0
POLYLINE
8
BUILDING
66
1
70
1
10
0.000000
20
0.000000
30
0.000000
0
VERTEX
8
BUILDING
10
279.480000
20
339.050000
30
0.000000
0
VERTEX
8
BUILDING
10
286.520000
20
339.050000
30
0.000000
0
VERTEX
8
BUILDING
10
286.520000
20
353.250000
30
0.000000
0
VERTEX
8
BUILDING
10
279.480000
20
353.250000
30
0.000000
0
SEQEND
8
BUILDING
999
URBANOS_PATH deco.building-0604
0
POLYLINE
8
BUILDING
66
1
70
1
10
0.000000
20
0.000000
30
0.000000
0
VERTEX
8
BUILDING
10
287.480000
20
339.050000
30
0.000000
0
VERTEX
8
BUILDING
10
294.520000
20
339.050000
30
0.000000
0
VERTEX
8
BUILDING
10
294.520000
20
353.250000
30
0.000000
0
VERTEX
8
BUILDING
10
287.480000
20
353.250000
30
0.000000
0
SEQEND
8
BUILDING
999
URBANOS_PATH deco.building-0607
0
POLYLINE
8
BUILDING
66
1
70
1
10
0.000000
20
0.000000
30
0.000000
0
VERTEX
8
BUILDING
10
295.480000
20
339.050000
30
0.000000
0
VERTEX
8
BUILDING
10
302.520000
20
339.050000
30
0.000000
0
VERTEX
8
BUILDING
10
302.520000
20
353.250000
30
0.000000
0
VERTEX
8
BUILDING
10
295.480000
20
353.250000
30
0.000000
0
SEQEND
8
BUILDING
999
URBANOS_PATH deco.building-0610
0
POLYLINE
8
BUILDING
66
1
70
1
10
0.000000
20
0.000000
30
0.000000
0
VERTEX
8
BUILDING
10
303.480000
20
339.050000
30
0.000000
0
VERTEX
8
BUILDING
10
310.520000
20
339.050000
30
0.000000
0
VERTEX
8
BUILDING
10
310.520000
20
353.250000
30
0.000000
0
VERTEX
8
BUILDING
10
303.480000
20
353.250000
30
0.000000
0
SEQEND
8
BUILDING
999
URBANOS_PATH deco.building-0613
0
POLYLINE
8
BUILDING
66
1
70
1
10
0.000000
20
0.000000
30
0.000000
0
VERTEX
8
BUILDING
10
323.480000
20
338.050000
30
0.000000
0
VERTEX
8
BUILDING
10
330.520000
20
338.050000
30
0.000000
0
VERTEX
8
BUILDING
10
330.520000
20
352.250000
30
0.000000
0
VERTEX
8
BUILDING
10
323.480000
20
352.250000
30
0.000000
0
SEQEND
8
BUILDING
999
URBANOS_PATH deco.building-0616
0
POLYLINE
8
BUILDING
66
1
70
1
10
0.000000
20
0.000000
30
0.000000
0
VERTEX
8
BUILDING
10
331.480000
20
338.050000
30
0.000000
0
VERTEX
8
BUILDING
10
338.520000
20
338.050000
30
0.000000
0
VERTEX
8
BUILDING
10
338.520000
20
352.250000
30
0.000000
0
VERTEX
8
BUILDING
10
331.480000
20
352.250000
30
0.000000
0
SEQEND
8
BUILDING
999
URBANOS_PATH deco.building-0619
0
POLYLINE
8
BUILDING
66
1
70
1
10
0.000000
20
0.000000
30
0.000000
0
VERTEX
8
BUILDING
10
339.480000
20
338.050000
30
0.000000
0
VERTEX
8
BUILDING
10
346.520000
20
338.050000
30
0.000000
0
VERTEX
8
BUILDING
10
346.520000
20
352.250000
30
0.000000
0
VERTEX
8
BUILDING
10
339.480000
20
352.250000
30
0.000000
0
SEQEND
8
BUILDING
999
URBANOS_PATH deco.building-0622
0
POLYLINE
8
BUILDING
66
1
70
1
10
0.000000
20
0.000000
30
0.000000
0
VERTEX
8
BUILDING
10
347.480000
20
338.050000
30
0.000000
0
VERTEX
8
BUILDING
10
354.520000
20
338.050000
30
0.000000
0
VERTEX
8
BUILDING
10
354.520000
20
352.250000
30
0.000000
0
VERTEX
8
BUILDING
10
347.480000
20
352.250000
30
0.000000
0
SEQEND
8
BUILDING
999
URBANOS_PATH deco.building-0625
0
POLYLINE
8
BUILDING
66
1
70
1
10
0.000000
20
0.000000
30
0.000000
0
VERTEX
8
BUILDING
10
355.480000
20
338.050000
30
0.000000
0
VERTEX
8
BUILDING
10
362.520000
20
338.050000
30
0.000000
0
VERTEX
8
BUILDING
10
362.520000
20
352.250000
30
0.000000
0
VERTEX
8
BUILDING
10
355.480000
20
352.250000
30
0.000000
0
SEQEND
8
BUILDING
999
URBANOS_PATH deco.building-0628
0
POLYLINE
8
BUILDING
66
1
70
1
10
0.000000
20
0.000000
30
0.000000
0
VERTEX
8
BUILDING
10
363.480000
20
339.050000
30
0.000000
0
VERTEX
8
BUILDING
10
370.520000
20
339.050000
30
0.000000
0
VERTEX
8
BUILDING
10
370.520000
20
353.250000
30
0.000000
0
VERTEX
8
BUILDING
10
363.480000
20
353.250000
30
0.000000
0
SEQEND
8
BUILDING
999
URBANOS_PATH deco.building-0631
0
POLYLINE
8
BUILDING
66
1
70
1
10
0.000000
20
0.000000
30
0.000000
0
VERTEX
8
BUILDING
10
383.480000
20
339.050000
30
0.000000
0
VERTEX
8
BUILDING
10
390.520000
20
339.050000
30
0.000000
0
VERTEX
8
BUILDING
10
390.520000
20
353.250000
30
0.000000
0
VERTEX
8
BUILDING
10
383.480000
20
353.250000
30
0.000000
0
SEQEND
8
BUILDING
999
URBANOS_PATH deco.building-0634
0
POLYLINE
8
BUILDING
66
1
70
1
10
0.000000
20
0.000000
30
0.000000
0
VERTEX
8
BUILDING
10
391.480000
20
339.050000
30
0.000000
0
VERTEX
8
BUILDING
10
398.520000
20
339.050000
30
0.000000
0
VERTEX
8
BUILDING
10
398.520000
20
353.250000
30
0.000000
0
VERTEX
8
BUILDING
10
391.480000
20
353.250000
30
0.000000
0
SEQEND
8
BUILDING
999
URBANOS_PATH deco.building-0637
0
POLYLINE
8
BUILDING
66
1
70
1
10
0.000000
20
0.000000
30
0.000000
0
VERTEX
8
BUILDING
10
263.480000
20
369.050000
30
0.000000
0
VERTEX
8
BUILDING
10
270.520000
20
369.050000
30
0.000000
0
VERTEX
8
BUILDING
10
270.520000
20
383.250000
30
0.000000
0
VERTEX
8
BUILDING
10
263.480000
20
383.250000
30
0.000000
0
SEQEND
8
BUILDING
999
URBANOS_PATH deco.building-0640
0
POLYLINE
8
BUILDING
66
1
70
1
10
0.000000
20
0.000000
30
0.000000
0
VERTEX
8
BUILDING
10
271.480000
20
369.050000
30
0.000000
0
VERTEX
8
BUILDING
10
278.520000
20
369.050000
30
0.000000
0
VERTEX
8
BUILDING
10
278.520000
20
383.250000
30
0.000000
0
VERTEX
8
BUILDING
10
271.480000
20
383.250000
30
0.000000
0
SEQEND
8
BUILDING
999
URBANOS_PATH deco.building-0643
0
POLYLINE
8
BUILDING
66
1
70
1
10
0.000000
20
0.000000
30
0.000000
0
VERTEX
8
BUILDING
10
279.480000
20
369.050000
30
0.000000
0
VERTEX
8
BUILDING
10
286.520000
20
369.050000
30
0.000000
0
VERTEX
8
BUILDING
10
286.520000
20
383.250000
30
0.000000
0
VERTEX
8
BUILDING
10
279.480000
20
383.250000
30
0.000000
0
SEQEND
8
BUILDING
999
URBANOS_PATH deco.building-0646
0
POLYLINE
8
BUILDING
66
1
70
1
10
0.000000
20
0.000000
30
0.000000
0
VERTEX
8
BUILDING
10
299.480000
20
369.050000
30
0.000000
0
VERTEX
8
BUILDING
10
306.520000
20
369.050000
30
0.000000
0
VERTEX
8
BUILDING
10
306.520000
20
383.250000
30
0.000000
0
VERTEX
8
BUILDING
10
299.480000
20
383.250000
30
0.000000
0
SEQEND
8
BUILDING
999
URBANOS_PATH deco.building-0649
0
POLYLINE
8
BUILDING
66
1
70
1
10
0.000000
20
0.000000
30
0.000000
0
VERTEX
8
BUILDING
10
307.480000
20
369.050000
30
0.000000
0
VERTEX
8
BUILDING
10
314.520000
20
369.050000
30
0.000000
0
VERTEX
8
BUILDING
10
314.520000
20
383.250000
30
0.000000
0
VERTEX
8
BUILDING
10
307.480000
20
383.250000
30
0.000000
0
SEQEND
8
BUILDING
999
URBANOS_PATH deco.building-0652
0
POLYLINE
8
BUILDING
66
1
70
1
10
0.000000
20
0.000000
30
0.000000
0
VERTEX
8
BUILDING
10
315.480000
20
369.050000
30
0.000000
0
VERTEX
8
BUILDING
10
322.520000
20
369.050000
30
0.000000
0
VERTEX
8
BUILDING
10
322.520000
20
383.250000
30
0.000000
0
VERTEX
8
BUILDING
10
315.480000
20
383.250000
30
0.000000
0
SEQEND
8
BUILDING
999
URBANOS_PATH deco.building-0655
0
POLYLINE
8
BUILDING
66
1
70
1
10
0.000000
20
0.000000
30
0.000000
0
VERTEX
8
BUILDING
10
323.480000
20
369.050000
30
0.000000
0
VERTEX
8
BUILDING
10
330.520000
20
369.050000
30
0.000000
0
VERTEX
8
BUILDING
10
330.520000
20
383.250000
30
0.000000
0
VERTEX
8
BUILDING
10
323.480000
20
383.250000
30
0.000000
0
SEQEND
8
BUILDING
999
URBANOS_PATH deco.building-0658
0
POLYLINE
8
BUILDING
66
1
70
1
10
0.000000
20
0.000000
30
0.000000
0
VERTEX
8
BUILDING
10
331.480000
20
369.050000
30
0.000000
0
VERTEX
8
BUILDING
10
338.520000
20
369.050000
30
0.000000
0
VERTEX
8
BUILDING
10
338.520000
20
383.250000
30
0.000000
0
VERTEX
8
BUILDING
10
331.480000
20
383.250000
30
0.000000
0
SEQEND
8
BUILDING
999
URBANOS_PATH deco.building-0661
0
POLYLINE
8
BUILDING
66
1
70
1
10
0.000000
20
0.000000
30
0.000000
0
VERTEX
8
BUILDING
10
339.480000
20
369.050000
30
0.000000
0
VERTEX
8
BUILDING
10
346.520000
20
369.050000
30
0.000000
0
VERTEX
8
BUILDING
10
346.520000
20
383.250000
30
0.000000
0
VERTEX
8
BUILDING
10
339.480000
20
383.250000
30
0.000000
0
SEQEND
8
BUILDING
999
URBANOS_PATH deco.building-0664
0
POLYLINE
8
BUILDING
66
1
70
1
10
0.000000
20
0.000000
30
0.000000
0
VERTEX
8
BUILDING
10
359.480000
20
369.050000
30
0.000000
0
VERTEX
8
BUILDING
10
366.520000
20
369.050000
30
0.000000
0
VERTEX
8
BUILDING
10
366.520000
20
383.250000
30
0.000000
0
VERTEX
8
BUILDING
10
359.480000
20
383.250000
30
0.000000
0
SEQEND
8
BUILDING
999
URBANOS_PATH deco.building-0667
0
POLYLINE
8
BUILDING
66
1
70
1
10
0.000000
20
0.000000
30
0.000000
0
VERTEX
8
BUILDING
10
367.480000
20
369.050000
30
0.000000
0
VERTEX
8
BUILDING
10
374.520000
20
369.050000
30
0.000000
0
VERTEX
8
BUILDING
10
374.520000
20
383.250000
30
0.000000
0
VERTEX
8
BUILDING
10
367.480000
20
383.250000
30
0.000000
0
SEQEND
8
BUILDING
999
URBANOS_PATH deco.building-0670
0
POLYLINE
8
BUILDING
66
1
70
1
10
0.000000
20
0.000000
30
0.000000
0
VERTEX
8
BUILDING
10
375.480000
20
369.050000
30
0.000000
0
VERTEX
8
BUILDING
10
382.520000
20
369.050000
30
0.000000
0
VERTEX
8
BUILDING
10
382.520000
20
383.250000
30
0.000000
0
VERTEX
8
BUILDING
10
375.480000
20
383.250000
30
0.000000
0
SEQEND
8
BUILDING
999
URBANOS_PATH deco.building-0673
0
POLYLINE
8
BUILDING
66
1
70
1
10
0.000000
20
0.000000
30
0.000000
0
VERTEX
8
BUILDING
10
383.480000
20
369.050000
30
0.000000
0
VERTEX
8
BUILDING
10
390.520000
20
369.050000
30
0.000000
0
VERTEX
8
BUILDING
10
390.520000
20
383.250000
30
0.000000
0
VERTEX
8
BUILDING
10
383.480000
20
383.250000
30
0.000000
0
SEQEND
8
BUILDING
999
URBANOS_PATH deco.building-0676
0
POLYLINE
8
BUILDING
66
1
70
1
10
0.000000
20
0.000000
30
0.000000
0
VERTEX
8
BUILDING
10
391.480000
20
369.050000
30
0.000000
0
VERTEX
8
BUILDING
10
398.520000
20
369.050000
30
0.000000
0
VERTEX
8
BUILDING
10
398.520000
20
383.250000
30
0.000000
0
VERTEX
8
BUILDING
10
391.480000
20
383.250000
30
0.000000
0
SEQEND
8
BUILDING
999
URBANOS_PATH deco.tree-0802
0
POLYLINE
8
TREE
66
1
70
1
10
0.000000
20
0.000000
30
0.000000
0
VERTEX
8
TREE
10
234.065070
20
223.183807
30
0.000000
0
VERTEX
8
TREE
10
231.683807
20
225.565070
30
0.000000
0
VERTEX
8
TREE
10
228.316193
20
225.565070
30
0.000000
0
VERTEX
8
TREE
10
225.934930
20
223.183807
30
0.000000
0
VERTEX
8
TREE
10
225.934930
20
219.816193
30
0.000000
0
VERTEX
8
TREE
10
228.316193
20
217.434930
30
0.000000
0
VERTEX
8
TREE
10
231.683807
20
217.434930
30
0.000000
0
VERTEX
8
TREE
10
234.065070
20
219.816193
30
0.000000
0
SEQEND
8
TREE
999
URBANOS_PATH deco.tree-0803
0
POLYLINE
8
TREE
66
1
70
1
10
0.000000
20
0.000000
30
0.000000
0
VERTEX
8
TREE
10
233.510742
20
24.454197
30
0.000000
0
VERTEX
8
TREE
10
231.454197
20
26.510742
30
0.000000
0
VERTEX
8
TREE
10
228.545803
20
26.510742
30
0.000000
0
VERTEX
8
TREE
10
226.489258
20
24.454197
30
0.000000
0
VERTEX
8
TREE
10
226.489258
20
21.545803
30
0.000000
0
VERTEX
8
TREE
10
228.545803
20
19.489258
30
0.000000
0
VERTEX
8
TREE
10
231.454197
20
19.489258
30
0.000000
0
VERTEX
8
TREE
10
233.510742
20
21.545803
30
0.000000
0
SEQEND
8
TREE
999
URBANOS_PATH deco.tree-0804
0
POLYLINE
8
TREE
66
1
70
1
10
0.000000
20
0.000000
30
0.000000
0
VERTEX
8
TREE
10
233.510742
20
48.454197
30
0.000000
0
VERTEX
8
TREE
10
231.454197
20
50.510742
30
0.000000
0
VERTEX
8
TREE
10
228.545803
20
50.510742
30
0.000000
0
VERTEX
8
TREE
10
226.489258
20
48.454197
30
0.000000
0
VERTEX
8
TREE
10
226.489258
20
45.545803
30
0.000000
0
VERTEX
8
TREE
10
228.545803
20
43.489258
30
0.000000
0
VERTEX
8
TREE
10
231.454197
20
43.489258
30
0.000000
0
VERTEX
8
TREE
10
233.510742
20
45.545803
30
0.000000
0
SEQEND
8
TREE
999
URBANOS_PATH deco.tree-0805
0
POLYLINE
8
TREE
66
1
70
1
10
0.000000
20
0.000000
30
0.000000
0
VERTEX
8
TREE
10
233.510742
20
72.454197
30
0.000000
0
VERTEX
8
TREE
10
231.454197
20
74.510742
30
0.000000
0
VERTEX
8
TREE
10
228.545803
20
74.510742
30
0.000000
0
VERTEX
8
TREE
10
226.489258
20
72.454197
30
0.000000
0
VERTEX
8
TREE
10
226.489258
20
69.545803
30
0.000000
0
VERTEX
8
TREE
10
228.545803
20
67.489258
30
0.000000
0
VERTEX
8
TREE
10
231.454197
20
67.489258
30
0.000000
0
VERTEX
8
TREE
10
233.510742
20
69.545803
30
0.000000
0
SEQEND
8
TREE
999
URBANOS_PATH deco.tree-0806
0
POLYLINE
8
TREE
66
1
70
1
10
0.000000
20
0.000000
30
0.000000
0
VERTEX
8
TREE
10
233.510742
20
96.454197
30
0.000000
0
VERTEX
8
TREE
10
231.454197
20
98.510742
30
0.000000
0
VERTEX
8
TREE
10
228.545803
20
98.510742
30
0.000000
0
VERTEX
8
TREE
10
226.489258
20
96.454197
30
0.000000
0
VERTEX
8
TREE
10
226.489258
20
93.545803
30
0.000000
0
VERTEX
8
TREE
10
228.545803
20
91.489258
30
0.000000
0
VERTEX
8
TREE
10
231.454197
20
91.489258
30
0.000000
0
VERTEX
8
TREE
10
233.510742
20
93.545803
30
0.000000
0
SEQEND
8
TREE
999
URBANOS_PATH deco.tree-0807
0
POLYLINE
8
TREE
66
1
70
1
10
0.000000
20
0.000000
30
0.000000
0
VERTEX
8
TREE
10
233.510742
20
120.454197
30
0.000000
0
VERTEX
8
TREE
10
231.454197
20
122.510742
30
0.000000
0
VERTEX
8
TREE
10
228.545803
20
122.510742
30
0.000000
0
VERTEX
8
TREE
10
226.489258
20
120.454197
30
0.000000
0
VERTEX
8
TREE
10
226.489258
20
117.545803
30
0.000000
0
VERTEX
8
TREE
10
228.545803
20
115.489258
30
0.000000
0
VERTEX
8
TREE
10
231.454197
20
115.489258
30
0.000000
0
VERTEX
8
TREE
10
233.510742
20
117.545803
30
0.000000
0
SEQEND
8
TREE
999
URBANOS_PATH deco.tree-0808
0
POLYLINE
8
TREE
66
1
70
1
10
0.000000
20
0.000000
30
0.000000
0
VERTEX
8
TREE
10
233.510742
20
144.454197
30
0.000000
0
VERTEX
8
TREE
10
231.454197
20
146.510742
30
0.000000
0
VERTEX
8
TREE
10
228.545803
20
146.510742
30
0.000000
0
VERTEX
8
TREE
10
226.489258
20
144.454197
30
0.000000
0
VERTEX
8
TREE
10
226.489258
20
141.545803
30
0.000000
0
VERTEX
8
TREE
10
228.545803
20
139.489258
30
0.000000
0
VERTEX
8
TREE
10
231.454197
20
139.489258
30
0.000000
0
VERTEX
8
TREE
10
233.510742
20
141.545803
30
0.000000
0
SEQEND
8
TREE
999
URBANOS_PATH deco.tree-0809
0
POLYLINE
8
TREE
66
1
70
1
10
0.000000
20
0.000000
30
0.000000
0
VERTEX
8
TREE
10
233.510742
20
168.454197
30
0.000000
0
VERTEX
8
TREE
10
231.454197
20
170.510742
30
0.000000
0
VERTEX
8
TREE
10
228.545803
20
170.510742
30
0.000000
0
VERTEX
8
TREE
10
226.489258
20
168.454197
30
0.000000
0
VERTEX
8
TREE
10
226.489258
20
165.545803
30
0.000000
0
VERTEX
8
TREE
10
228.545803
20
163.489258
30
0.000000
0
VERTEX
8
TREE
10
231.454197
20
163.489258
30
0.000000
0
VERTEX
8
TREE
10
233.510742
20
165.545803
30
0.000000
0
SEQEND
8
TREE
999
URBANOS_PATH deco.tree-0810
0
POLYLINE
8
TREE
66
1
70
1
10
0.000000
20
0.000000
30
0.000000
0
VERTEX
8
TREE
10
233.510742
20
192.454197
30
0.000000
0
VERTEX
8
TREE
10
231.454197
20
194.510742
30
0.000000
0
VERTEX
8
TREE
10
228.545803
20
194.510742
30
0.000000
0
VERTEX
8
TREE
10
226.489258
20
192.454197
30
0.000000
0
VERTEX
8
TREE
10
226.489258
20
189.545803
30
0.000000
0
VERTEX
8
TREE
10
228.545803
20
187.489258
30
0.000000
0
VERTEX
8
TREE
10
231.454197
20
187.489258
30
0.000000
0
VERTEX
8
TREE
10
233.510742
20
189.545803
30
0.000000
0
SEQEND
8
TREE
999
URBANOS_PATH deco.tree-0811
0
POLYLINE
8
TREE
66
1
70
1
10
0.000000
20
0.000000
30
0.000000
0
VERTEX
8
TREE
10
233.510742
20
216.454197
30
0.000000
0
VERTEX
8
TREE
10
231.454197
20
218.510742
30
0.000000
0
VERTEX
8
TREE
10
228.545803
20
218.510742
30
0.000000
0
VERTEX
8
TREE
10
226.489258
20
216.454197
30
0.000000
0
VERTEX
8
TREE
10
226.489258
20
213.545803
30
0.000000
0
VERTEX
8
TREE
10
228.545803
20
211.489258
30
0.000000
0
VERTEX
8
TREE
10
231.454197
20
211.489258
30
0.000000
0
VERTEX
8
TREE
10
233.510742
20
213.545803
30
0.000000
0
SEQEND
8
TREE
999
URBANOS_PATH deco.tree-0812
0
POLYLINE
8
TREE
66
1
70
1
10
0.000000
20
0.000000
30
0.000000
0
VERTEX
8
TREE
10
233.510742
20
240.454197
30
0.000000
0
VERTEX
8
TREE
10
231.454197
20
242.510742
30
0.000000
0
VERTEX
8
TREE
10
228.545803
20
242.510742
30
0.000000
0
VERTEX
8
TREE
10
226.489258
20
240.454197
30
0.000000
0
VERTEX
8
TREE
10
226.489258
20
237.545803
30
0.000000
0
VERTEX
8
TREE
10
228.545803
20
235.489258
30
0.000000
0
VERTEX
8
TREE
10
231.454197
20
235.489258
30
0.000000
0
VERTEX
8
TREE
10
233.510742
20
237.545803
30
0.000000
0
SEQEND
8
TREE
999
URBANOS_PATH deco.tree-0813
0
POLYLINE
8
TREE
66
1
70
1
10
0.000000
20
0.000000
30
0.000000
0
VERTEX
8
TREE
10
233.510742
20
264.454197
30
0.000000
0
VERTEX
8
TREE
10
231.454197
20
266.510742
30
0.000000
0
VERTEX
8
TREE
10
228.545803
20
266.510742
30
0.000000
0
VERTEX
8
TREE
10
226.489258
20
264.454197
30
0.000000
0
VERTEX
8
TREE
10
226.489258
20
261.545803
30
0.000000
0
VERTEX
8
TREE
10
228.545803
20
259.489258
30
0.000000
0
VERTEX
8
TREE
10
231.454197
20
259.489258
30
0.000000
0
VERTEX
8
TREE
10
233.510742
20
261.545803
30
0.000000
0
SEQEND
8
TREE
999
URBANOS_PATH deco.tree-0814
0
POLYLINE
8
TREE
66
1
70
1
10
0.000000
20
0.000000
30
0.000000
0
VERTEX
8
TREE
10
233.510742
20
288.454197
30
0.000000
0
VERTEX
8
TREE
10
231.454197
20
290.510742
30
0.000000
0
VERTEX
8
TREE
10
228.545803
20
290.510742
30
0.000000
0
VERTEX
8
TREE
10
226.489258
20
288.454197
30
0.000000
0
VERTEX
8
TREE
10
226.489258
20
285.545803
30
0.000000
0
VERTEX
8
TREE
10
228.545803
20
283.489258
30
0.000000
0
VERTEX
8
TREE
10
231.454197
20
283.489258
30
0.000000
0
VERTEX
8
TREE
10
233.510742
20
285.545803
30
0.000000
0
SEQEND
8
TREE
999
URBANOS_PATH deco.tree-0815
0
POLYLINE
8
TREE
66
1
70
1
10
0.000000
20
0.000000
30
0.000000
0
VERTEX
8
TREE
10
233.510742
20
312.454197
30
0.000000
0
VERTEX
8
TREE
10
231.454197
20
314.510742
30
0.000000
0
VERTEX
8
TREE
10
228.545803
20
314.510742
30
0.000000
0
VERTEX
8
TREE
10
226.489258
20
312.454197
30
0.000000
0
VERTEX
8
TREE
10
226.489258
20
309.545803
30
0.000000
0
VERTEX
8
TREE
10
228.545803
20
307.489258
30
0.000000
0
VERTEX
8
TREE
10
231.454197
20
307.489258
30
0.000000
0
VERTEX
8
TREE
10
233.510742
20
309.545803
30
0.000000
0
SEQEND
8
TREE
999
URBANOS_PATH deco.tree-0816
0
POLYLINE
8
TREE
66
1
70
1
10
0.000000
20
0.000000
30
0.000000
0
VERTEX
8
TREE
10
233.510742
20
336.454197
30
0.000000
0
VERTEX
8
TREE
10
231.454197
20
338.510742
30
0.000000
0
VERTEX
8
TREE
10
228.545803
20
338.510742
30
0.000000
0
VERTEX
8
TREE
10
226.489258
20
336.454197
30
0.000000
0
VERTEX
8
TREE
10
226.489258
20
333.545803
30
0.000000
0
VERTEX
8
TREE
10
228.545803
20
331.489258
30
0.000000
0
VERTEX
8
TREE
10
231.454197
20
331.489258
30
0.000000
0
VERTEX
8
TREE
10
233.510742
20
333.545803
30
0.000000
0
SEQEND
8
TREE
999
URBANOS_PATH deco.tree-0817
0
POLYLINE
8
TREE
66
1
70
1
10
0.000000
20
0.000000
30
0.000000
0
VERTEX
8
TREE
10
233.510742
20
360.454197
30
0.000000
0
VERTEX
8
TREE
10
231.454197
20
362.510742
30
0.000000
0
VERTEX
8
TREE
10
228.545803
20
362.510742
30
0.000000
0
VERTEX
8
TREE
10
226.489258
20
360.454197
30
0.000000
0
VERTEX
8
TREE
10
226.489258
20
357.545803
30
0.000000
0
VERTEX
8
TREE
10
228.545803
20
355.489258
30
0.000000
0
VERTEX
8
TREE
10
231.454197
20
355.489258
30
0.000000
0
VERTEX
8
TREE
10
233.510742
20
357.545803
30
0.000000
0
SEQEND
8
TREE
999
URBANOS_PATH deco.tree-0818
0
POLYLINE
8
TREE
66
1
70
1
10
0.000000
20
0.000000
30
0.000000
0
VERTEX
8
TREE
10
233.510742
20
384.454197
30
0.000000
0
VERTEX
8
TREE
10
231.454197
20
386.510742
30
0.000000
0
VERTEX
8
TREE
10
228.545803
20
386.510742
30
0.000000
0
VERTEX
8
TREE
10
226.489258
20
384.454197
30
0.000000
0
VERTEX
8
TREE
10
226.489258
20
381.545803
30
0.000000
0
VERTEX
8
TREE
10
228.545803
20
379.489258
30
0.000000
0
VERTEX
8
TREE
10
231.454197
20
379.489258
30
0.000000
0
VERTEX
8
TREE
10
233.510742
20
381.545803
30
0.000000
0
SEQEND
8
TREE
999
URBANOS_PATH deco.tree-0824
0
POLYLINE
8
TREE
66
1
70
1
10
0.000000
20
0.000000
30
0.000000
0
VERTEX
8
TREE
10
354.409046
20
194.582344
30
0.000000
0
VERTEX
8
TREE
10
351.919544
20
197.071846
30
0.000000
0
VERTEX
8
TREE
10
348.398856
20
197.071846
30
0.000000
0
VERTEX
8
TREE
10
345.909354
20
194.582344
30
0.000000
0
VERTEX
8
TREE
10
345.909354
20
191.061656
30
0.000000
0
VERTEX
8
TREE
10
348.398856
20
188.572154
30
0.000000
0
VERTEX
8
TREE
10
351.919544
20
188.572154
30
0.000000
0
VERTEX
8
TREE
10
354.409046
20
191.061656
30
0.000000
0
SEQEND
8
TREE
999
URBANOS_PATH deco.tree-0825
0
POLYLINE
8
TREE
66
1
70
1
10
0.000000
20
0.000000
30
0.000000
0
VERTEX
8
TREE
10
359.730839
20
199.170050
30
0.000000
0
VERTEX
8
TREE
10
358.107250
20
200.793639
30
0.000000
0
VERTEX
8
TREE
10
355.811150
20
200.793639
30
0.000000
0
VERTEX
8
TREE
10
354.187561
20
199.170050
30
0.000000
0
VERTEX
8
TREE
10
354.187561
20
196.873950
30
0.000000
0
VERTEX
8
TREE
10
355.811150
20
195.250361
30
0.000000
0
VERTEX
8
TREE
10
358.107250
20
195.250361
30
0.000000
0
VERTEX
8
TREE
10
359.730839
20
196.873950
30
0.000000
0
SEQEND
8
TREE
999
URBANOS_PATH deco.tree-0826
0
POLYLINE
8
TREE
66
1
70
1
10
0.000000
20
0.000000
30
0.000000
0
VERTEX
8
TREE
10
347.300390
20
189.323124
30
0.000000
0
VERTEX
8
TREE
10
345.460324
20
191.163190
30
0.000000
0
VERTEX
8
TREE
10
342.858076
20
191.163190
30
0.000000
0
VERTEX
8
TREE
10
341.018010
20
189.323124
30
0.000000
0
VERTEX
8
TREE
10
341.018010
20
186.720876
30
0.000000
0
VERTEX
8
TREE
10
342.858076
20
184.880810
30
0.000000
0
VERTEX
8
TREE
10
345.460324
20
184.880810
30
0.000000
0
VERTEX
8
TREE
10
347.300390
20
186.720876
30
0.000000
0
SEQEND
8
TREE
999
URBANOS_PATH deco.tree-0827
0
POLYLINE
8
TREE
66
1
70
1
10
0.000000
20
0.000000
30
0.000000
0
VERTEX
8
TREE
10
360.281046
20
251.938344
30
0.000000
0
VERTEX
8
TREE
10
357.791544
20
254.427846
30
0.000000
0
VERTEX
8
TREE
10
354.270856
20
254.427846
30
0.000000
0
VERTEX
8
TREE
10
351.781354
20
251.938344
30
0.000000
0
VERTEX
8
TREE
10
351.781354
20
248.417656
30
0.000000
0
VERTEX
8
TREE
10
354.270856
20
245.928154
30
0.000000
0
VERTEX
8
TREE
10
357.791544
20
245.928154
30
0.000000
0
VERTEX
8
TREE
10
360.281046
20
248.417656
30
0.000000
0
SEQEND
8
TREE
999
URBANOS_PATH deco.tree-0828
0
POLYLINE
8
TREE
66
1
70
1
10
0.000000
20
0.000000
30
0.000000
0
VERTEX
8
TREE
10
365.602839
20
246.126050
30
0.000000
0
VERTEX
8
TREE
10
363.979250
20
247.749639
30
0.000000
0
VERTEX
8
TREE
10
361.683150
20
247.749639
30
0.000000
0
VERTEX
8
TREE
10
360.059561
20
246.126050
30
0.000000
0
VERTEX
8
TREE
10
360.059561
20
243.829950
30
0.000000
0
VERTEX
8
TREE
10
361.683150
20
242.206361
30
0.000000
0
VERTEX
8
TREE
10
363.979250
20
242.206361
30
0.000000
0
VERTEX
8
TREE
10
365.602839
20
243.829950
30
0.000000
0
SEQEND
8
TREE
999
URBANOS_PATH deco.tree-0829
0
POLYLINE
8
TREE
66
1
70
1
10
0.000000
20
0.000000
30
0.000000
0
VERTEX
8
TREE
10
353.172390
20
256.279124
30
0.000000
0
VERTEX
8
TREE
10
351.332324
20
258.119190
30
0.000000
0
VERTEX
8
TREE
10
348.730076
20
258.119190
30
0.000000
0
VERTEX
8
TREE
10
346.890010
20
256.279124
30
0.000000
0
VERTEX
8
TREE
10
346.890010
20
253.676876
30
0.000000
0
VERTEX
8
TREE
10
348.730076
20
251.836810
30
0.000000
0
VERTEX
8
TREE
10
351.332324
20
251.836810
30
0.000000
0
VERTEX
8
TREE
10
353.172390
20
253.676876
30
0.000000
0
SEQEND
8
TREE
999
URBANOS_PATH deco.tree-0830
0
POLYLINE
8
TREE
66
1
70
1
10
0.000000
20
0.000000
30
0.000000
0
VERTEX
8
TREE
10
366.153046
20
194.582344
30
0.000000
0
VERTEX
8
TREE
10
363.663544
20
197.071846
30
0.000000
0
VERTEX
8
TREE
10
360.142856
20
197.071846
30
0.000000
0
VERTEX
8
TREE
10
357.653354
20
194.582344
30
0.000000
0
VERTEX
8
TREE
10
357.653354
20
191.061656
30
0.000000
0
VERTEX
8
TREE
10
360.142856
20
188.572154
30
0.000000
0
VERTEX
8
TREE
10
363.663544
20
188.572154
30
0.000000
0
VERTEX
8
TREE
10
366.153046
20
191.061656
30
0.000000
0
SEQEND
8
TREE
999
URBANOS_PATH deco.tree-0831
0
POLYLINE
8
TREE
66
1
70
1
10
0.000000
20
0.000000
30
0.000000
0
VERTEX
8
TREE
10
371.474839
20
199.170050
30
0.000000
0
VERTEX
8
TREE
10
369.851250
20
200.793639
30
0.000000
0
VERTEX
8
TREE
10
367.555150
20
200.793639
30
0.000000
0
VERTEX
8
TREE
10
365.931561
20
199.170050
30
0.000000
0
VERTEX
8
TREE
10
365.931561
20
196.873950
30
0.000000
0
VERTEX
8
TREE
10
367.555150
20
195.250361
30
0.000000
0
VERTEX
8
TREE
10
369.851250
20
195.250361
30
0.000000
0
VERTEX
8
TREE
10
371.474839
20
196.873950
30
0.000000
0
SEQEND
8
TREE
999
URBANOS_PATH deco.tree-0832
0
POLYLINE
8
TREE
66
1
70
1
10
0.000000
20
0.000000
30
0.000000
0
VERTEX
8
TREE
10
359.044390
20
198.923124
30
0.000000
0
VERTEX
8
TREE
10
357.204324
20
200.763190
30
0.000000
0
VERTEX
8
TREE
10
354.602076
20
200.763190
30
0.000000
0
VERTEX
8
TREE
10
352.762010
20
198.923124
30
0.000000
0
VERTEX
8
TREE
10
352.762010
20
196.320876
30
0.000000
0
VERTEX
8
TREE
10
354.602076
20
194.480810
30
0.000000
0
VERTEX
8
TREE
10
357.204324
20
194.480810
30
0.000000
0
VERTEX
8
TREE
10
359.044390
20
196.320876
30
0.000000
0
SEQEND
8
TREE
999
URBANOS_PATH deco.tree-0833
0
POLYLINE
8
TREE
66
1
70
1
10
0.000000
20
0.000000
30
0.000000
0
VERTEX
8
TREE
10
372.025046
20
251.938344
30
0.000000
0
VERTEX
8
TREE
10
369.535544
20
254.427846
30
0.000000
0
VERTEX
8
TREE
10
366.014856
20
254.427846
30
0.000000
0
VERTEX
8
TREE
10
363.525354
20
251.938344
30
0.000000
0
VERTEX
8
TREE
10
363.525354
20
248.417656
30
0.000000
0
VERTEX
8
TREE
10
366.014856
20
245.928154
30
0.000000
0
VERTEX
8
TREE
10
369.535544
20
245.928154
30
0.000000
0
VERTEX
8
TREE
10
372.025046
20
248.417656
30
0.000000
0
SEQEND
8
TREE
999
URBANOS_PATH deco.tree-0834
0
POLYLINE
8
TREE
66
1
70
1
10
0.000000
20
0.000000
30
0.000000
0
VERTEX
8
TREE
10
377.346839
20
246.126050
30
0.000000
0
VERTEX
8
TREE
10
375.723250
20
247.749639
30
0.000000
0
VERTEX
8
TREE
10
373.427150
20
247.749639
30
0.000000
0
VERTEX
8
TREE
10
371.803561
20
246.126050
30
0.000000
0
VERTEX
8
TREE
10
371.803561
20
243.829950
30
0.000000
0
VERTEX
8
TREE
10
373.427150
20
242.206361
30
0.000000
0
VERTEX
8
TREE
10
375.723250
20
242.206361
30
0.000000
0
VERTEX
8
TREE
10
377.346839
20
243.829950
30
0.000000
0
SEQEND
8
TREE
999
URBANOS_PATH deco.tree-0835
0
POLYLINE
8
TREE
66
1
70
1
10
0.000000
20
0.000000
30
0.000000
0
VERTEX
8
TREE
10
364.916390
20
246.679124
30
0.000000
0
VERTEX
8
TREE
10
363.076324
20
248.519190
30
0.000000
0
VERTEX
8
TREE
10
360.474076
20
248.519190
30
0.000000
0
VERTEX
8
TREE
10
358.634010
20
246.679124
30
0.000000
0
VERTEX
8
TREE
10
358.634010
20
244.076876
30
0.000000
0
VERTEX
8
TREE
10
360.474076
20
242.236810
30
0.000000
0
VERTEX
8
TREE
10
363.076324
20
242.236810
30
0.000000
0
VERTEX
8
TREE
10
364.916390
20
244.076876
30
0.000000
0
SEQEND
8
TREE
999
URBANOS_PATH deco.tree-0837
0
POLYLINE
8
TREE
66
1
70
1
10
0.000000
20
0.000000
30
0.000000
0
VERTEX
8
TREE
10
384.649846
20
196.788344
30
0.000000
0
VERTEX
8
TREE
10
382.160344
20
199.277846
30
0.000000
0
VERTEX
8
TREE
10
378.639656
20
199.277846
30
0.000000
0
VERTEX
8
TREE
10
376.150154
20
196.788344
30
0.000000
0
VERTEX
8
TREE
10
376.150154
20
193.267656
30
0.000000
0
VERTEX
8
TREE
10
378.639656
20
190.778154
30
0.000000
0
VERTEX
8
TREE
10
382.160344
20
190.778154
30
0.000000
0
VERTEX
8
TREE
10
384.649846
20
193.267656
30
0.000000
0
SEQEND
8
TREE
999
URBANOS_PATH deco.tree-0838
0
POLYLINE
8
TREE
66
1
70
1
10
0.000000
20
0.000000
30
0.000000
0
VERTEX
8
TREE
10
389.971639
20
190.976050
30
0.000000
0
VERTEX
8
TREE
10
388.348050
20
192.599639
30
0.000000
0
VERTEX
8
TREE
10
386.051950
20
192.599639
30
0.000000
0
VERTEX
8
TREE
10
384.428361
20
190.976050
30
0.000000
0
VERTEX
8
TREE
10
384.428361
20
188.679950
30
0.000000
0
VERTEX
8
TREE
10
386.051950
20
187.056361
30
0.000000
0
VERTEX
8
TREE
10
388.348050
20
187.056361
30
0.000000
0
VERTEX
8
TREE
10
389.971639
20
188.679950
30
0.000000
0
SEQEND
8
TREE
999
URBANOS_PATH deco.tree-0839
0
POLYLINE
8
TREE
66
1
70
1
10
0.000000
20
0.000000
30
0.000000
0
VERTEX
8
TREE
10
377.541190
20
191.529124
30
0.000000
0
VERTEX
8
TREE
10
375.701124
20
193.369190
30
0.000000
0
VERTEX
8
TREE
10
373.098876
20
193.369190
30
0.000000
0
VERTEX
8
TREE
10
371.258810
20
191.529124
30
0.000000
0
VERTEX
8
TREE
10
371.258810
20
188.926876
30
0.000000
0
VERTEX
8
TREE
10
373.098876
20
187.086810
30
0.000000
0
VERTEX
8
TREE
10
375.701124
20
187.086810
30
0.000000
0
VERTEX
8
TREE
10
377.541190
20
188.926876
30
0.000000
0
SEQEND
8
TREE
999
URBANOS_PATH deco.tree-0840
0
POLYLINE
8
TREE
66
1
70
1
10
0.000000
20
0.000000
30
0.000000
0
VERTEX
8
TREE
10
392.723846
20
247.526344
30
0.000000
0
VERTEX
8
TREE
10
390.234344
20
250.015846
30
0.000000
0
VERTEX
8
TREE
10
386.713656
20
250.015846
30
0.000000
0
VERTEX
8
TREE
10
384.224154
20
247.526344
30
0.000000
0
VERTEX
8
TREE
10
384.224154
20
244.005656
30
0.000000
0
VERTEX
8
TREE
10
386.713656
20
241.516154
30
0.000000
0
VERTEX
8
TREE
10
390.234344
20
241.516154
30
0.000000
0
VERTEX
8
TREE
10
392.723846
20
244.005656
30
0.000000
0
SEQEND
8
TREE
999
URBANOS_PATH deco.tree-0841
0
POLYLINE
8
TREE
66
1
70
1
10
0.000000
20
0.000000
30
0.000000
0
VERTEX
8
TREE
10
398.045639
20
252.114050
30
0.000000
0
VERTEX
8
TREE
10
396.422050
20
253.737639
30
0.000000
0
VERTEX
8
TREE
10
394.125950
20
253.737639
30
0.000000
0
VERTEX
8
TREE
10
392.502361
20
252.114050
30
0.000000
0
VERTEX
8
TREE
10
392.502361
20
249.817950
30
0.000000
0
VERTEX
8
TREE
10
394.125950
20
248.194361
30
0.000000
0
VERTEX
8
TREE
10
396.422050
20
248.194361
30
0.000000
0
VERTEX
8
TREE
10
398.045639
20
249.817950
30
0.000000
0
SEQEND
8
TREE
999
URBANOS_PATH deco.tree-0842
0
POLYLINE
8
TREE
66
1
70
1
10
0.000000
20
0.000000
30
0.000000
0
VERTEX
8
TREE
10
385.615190
20
251.867124
30
0.000000
0
VERTEX
8
TREE
10
383.775124
20
253.707190
30
0.000000
0
VERTEX
8
TREE
10
381.172876
20
253.707190
30
0.000000
0
VERTEX
8
TREE
10
379.332810
20
251.867124
30
0.000000
0
VERTEX
8
TREE
10
379.332810
20
249.264876
30
0.000000
0
VERTEX
8
TREE
10
381.172876
20
247.424810
30
0.000000
0
VERTEX
8
TREE
10
383.775124
20
247.424810
30
0.000000
0
VERTEX
8
TREE
10
385.615190
20
249.264876
30
0.000000
0
SEQEND
8
TREE
999
URBANOS_PATH deco.tree-0843
0
POLYLINE
8
TREE
66
1
70
1
10
0.000000
20
0.000000
30
0.000000
0
VERTEX
8
TREE
10
400.797846
20
196.788344
30
0.000000
0
VERTEX
8
TREE
10
398.308344
20
199.277846
30
0.000000
0
VERTEX
8
TREE
10
394.787656
20
199.277846
30
0.000000
0
VERTEX
8
TREE
10
392.298154
20
196.788344
30
0.000000
0
VERTEX
8
TREE
10
392.298154
20
193.267656
30
0.000000
0
VERTEX
8
TREE
10
394.787656
20
190.778154
30
0.000000
0
VERTEX
8
TREE
10
398.308344
20
190.778154
30
0.000000
0
VERTEX
8
TREE
10
400.797846
20
193.267656
30
0.000000
0
SEQEND
8
TREE
999
URBANOS_PATH deco.tree-0844
0
POLYLINE
8
TREE
66
1
70
1
10
0.000000
20
0.000000
30
0.000000
0
VERTEX
8
TREE
10
406.119639
20
190.976050
30
0.000000
0
VERTEX
8
TREE
10
404.496050
20
192.599639
30
0.000000
0
VERTEX
8
TREE
10
402.199950
20
192.599639
30
0.000000
0
VERTEX
8
TREE
10
400.576361
20
190.976050
30
0.000000
0
VERTEX
8
TREE
10
400.576361
20
188.679950
30
0.000000
0
VERTEX
8
TREE
10
402.199950
20
187.056361
30
0.000000
0
VERTEX
8
TREE
10
404.496050
20
187.056361
30
0.000000
0
VERTEX
8
TREE
10
406.119639
20
188.679950
30
0.000000
0
SEQEND
8
TREE
999
URBANOS_PATH deco.tree-0845
0
POLYLINE
8
TREE
66
1
70
1
10
0.000000
20
0.000000
30
0.000000
0
VERTEX
8
TREE
10
393.689190
20
201.129124
30
0.000000
0
VERTEX
8
TREE
10
391.849124
20
202.969190
30
0.000000
0
VERTEX
8
TREE
10
389.246876
20
202.969190
30
0.000000
0
VERTEX
8
TREE
10
387.406810
20
201.129124
30
0.000000
0
VERTEX
8
TREE
10
387.406810
20
198.526876
30
0.000000
0
VERTEX
8
TREE
10
389.246876
20
196.686810
30
0.000000
0
VERTEX
8
TREE
10
391.849124
20
196.686810
30
0.000000
0
VERTEX
8
TREE
10
393.689190
20
198.526876
30
0.000000
0
SEQEND
8
TREE
999
URBANOS_PATH deco.tree-0846
0
POLYLINE
8
TREE
66
1
70
1
10
0.000000
20
0.000000
30
0.000000
0
VERTEX
8
TREE
10
408.871846
20
247.526344
30
0.000000
0
VERTEX
8
TREE
10
406.382344
20
250.015846
30
0.000000
0
VERTEX
8
TREE
10
402.861656
20
250.015846
30
0.000000
0
VERTEX
8
TREE
10
400.372154
20
247.526344
30
0.000000
0
VERTEX
8
TREE
10
400.372154
20
244.005656
30
0.000000
0
VERTEX
8
TREE
10
402.861656
20
241.516154
30
0.000000
0
VERTEX
8
TREE
10
406.382344
20
241.516154
30
0.000000
0
VERTEX
8
TREE
10
408.871846
20
244.005656
30
0.000000
0
SEQEND
8
TREE
999
URBANOS_PATH deco.tree-0847
0
POLYLINE
8
TREE
66
1
70
1
10
0.000000
20
0.000000
30
0.000000
0
VERTEX
8
TREE
10
414.193639
20
252.114050
30
0.000000
0
VERTEX
8
TREE
10
412.570050
20
253.737639
30
0.000000
0
VERTEX
8
TREE
10
410.273950
20
253.737639
30
0.000000
0
VERTEX
8
TREE
10
408.650361
20
252.114050
30
0.000000
0
VERTEX
8
TREE
10
408.650361
20
249.817950
30
0.000000
0
VERTEX
8
TREE
10
410.273950
20
248.194361
30
0.000000
0
VERTEX
8
TREE
10
412.570050
20
248.194361
30
0.000000
0
VERTEX
8
TREE
10
414.193639
20
249.817950
30
0.000000
0
SEQEND
8
TREE
999
URBANOS_PATH deco.tree-0848
0
POLYLINE
8
TREE
66
1
70
1
10
0.000000
20
0.000000
30
0.000000
0
VERTEX
8
TREE
10
401.763190
20
242.267124
30
0.000000
0
VERTEX
8
TREE
10
399.923124
20
244.107190
30
0.000000
0
VERTEX
8
TREE
10
397.320876
20
244.107190
30
0.000000
0
VERTEX
8
TREE
10
395.480810
20
242.267124
30
0.000000
0
VERTEX
8
TREE
10
395.480810
20
239.664876
30
0.000000
0
VERTEX
8
TREE
10
397.320876
20
237.824810
30
0.000000
0
VERTEX
8
TREE
10
399.923124
20
237.824810
30
0.000000
0
VERTEX
8
TREE
10
401.763190
20
239.664876
30
0.000000
0
SEQEND
8
TREE
999
URBANOS_PATH deco.tree-0849
0
POLYLINE
8
TREE
66
1
70
1
10
0.000000
20
0.000000
30
0.000000
0
VERTEX
8
TREE
10
416.945846
20
196.788344
30
0.000000
0
VERTEX
8
TREE
10
414.456344
20
199.277846
30
0.000000
0
VERTEX
8
TREE
10
410.935656
20
199.277846
30
0.000000
0
VERTEX
8
TREE
10
408.446154
20
196.788344
30
0.000000
0
VERTEX
8
TREE
10
408.446154
20
193.267656
30
0.000000
0
VERTEX
8
TREE
10
410.935656
20
190.778154
30
0.000000
0
VERTEX
8
TREE
10
414.456344
20
190.778154
30
0.000000
0
VERTEX
8
TREE
10
416.945846
20
193.267656
30
0.000000
0
SEQEND
8
TREE
999
URBANOS_PATH deco.tree-0850
0
POLYLINE
8
TREE
66
1
70
1
10
0.000000
20
0.000000
30
0.000000
0
VERTEX
8
TREE
10
422.267639
20
190.976050
30
0.000000
0
VERTEX
8
TREE
10
420.644050
20
192.599639
30
0.000000
0
VERTEX
8
TREE
10
418.347950
20
192.599639
30
0.000000
0
VERTEX
8
TREE
10
416.724361
20
190.976050
30
0.000000
0
VERTEX
8
TREE
10
416.724361
20
188.679950
30
0.000000
0
VERTEX
8
TREE
10
418.347950
20
187.056361
30
0.000000
0
VERTEX
8
TREE
10
420.644050
20
187.056361
30
0.000000
0
VERTEX
8
TREE
10
422.267639
20
188.679950
30
0.000000
0
SEQEND
8
TREE
999
URBANOS_PATH deco.tree-0851
0
POLYLINE
8
TREE
66
1
70
1
10
0.000000
20
0.000000
30
0.000000
0
VERTEX
8
TREE
10
409.837190
20
201.129124
30
0.000000
0
VERTEX
8
TREE
10
407.997124
20
202.969190
30
0.000000
0
VERTEX
8
TREE
10
405.394876
20
202.969190
30
0.000000
0
VERTEX
8
TREE
10
403.554810
20
201.129124
30
0.000000
0
VERTEX
8
TREE
10
403.554810
20
198.526876
30
0.000000
0
VERTEX
8
TREE
10
405.394876
20
196.686810
30
0.000000
0
VERTEX
8
TREE
10
407.997124
20
196.686810
30
0.000000
0
VERTEX
8
TREE
10
409.837190
20
198.526876
30
0.000000
0
SEQEND
8
TREE
999
URBANOS_PATH deco.tree-0852
0
POLYLINE
8
TREE
66
1
70
1
10
0.000000
20
0.000000
30
0.000000
0
VERTEX
8
TREE
10
268.461846
20
260.762344
30
0.000000
0
VERTEX
8
TREE
10
265.972344
20
263.251846
30
0.000000
0
VERTEX
8
TREE
10
262.451656
20
263.251846
30
0.000000
0
VERTEX
8
TREE
10
259.962154
20
260.762344
30
0.000000
0
VERTEX
8
TREE
10
259.962154
20
257.241656
30
0.000000
0
VERTEX
8
TREE
10
262.451656
20
254.752154
30
0.000000
0
VERTEX
8
TREE
10
265.972344
20
254.752154
30
0.000000
0
VERTEX
8
TREE
10
268.461846
20
257.241656
30
0.000000
0
SEQEND
8
TREE
999
URBANOS_PATH deco.tree-0853
0
POLYLINE
8
TREE
66
1
70
1
10
0.000000
20
0.000000
30
0.000000
0
VERTEX
8
TREE
10
273.783639
20
254.950050
30
0.000000
0
VERTEX
8
TREE
10
272.160050
20
256.573639
30
0.000000
0
VERTEX
8
TREE
10
269.863950
20
256.573639
30
0.000000
0
VERTEX
8
TREE
10
268.240361
20
254.950050
30
0.000000
0
VERTEX
8
TREE
10
268.240361
20
252.653950
30
0.000000
0
VERTEX
8
TREE
10
269.863950
20
251.030361
30
0.000000
0
VERTEX
8
TREE
10
272.160050
20
251.030361
30
0.000000
0
VERTEX
8
TREE
10
273.783639
20
252.653950
30
0.000000
0
SEQEND
8
TREE
999
URBANOS_PATH deco.tree-0854
0
POLYLINE
8
TREE
66
1
70
1
10
0.000000
20
0.000000
30
0.000000
0
VERTEX
8
TREE
10
261.353190
20
265.103124
30
0.000000
0
VERTEX
8
TREE
10
259.513124
20
266.943190
30
0.000000
0
VERTEX
8
TREE
10
256.910876
20
266.943190
30
0.000000
0
VERTEX
8
TREE
10
255.070810
20
265.103124
30
0.000000
0
VERTEX
8
TREE
10
255.070810
20
262.500876
30
0.000000
0
VERTEX
8
TREE
10
256.910876
20
260.660810
30
0.000000
0
VERTEX
8
TREE
10
259.513124
20
260.660810
30
0.000000
0
VERTEX
8
TREE
10
261.353190
20
262.500876
30
0.000000
0
SEQEND
8
TREE
999
URBANOS_PATH deco.tree-0855
0
POLYLINE
8
TREE
66
1
70
1
10
0.000000
20
0.000000
30
0.000000
0
VERTEX
8
TREE
10
268.461846
20
185.758344
30
0.000000
0
VERTEX
8
TREE
10
265.972344
20
188.247846
30
0.000000
0
VERTEX
8
TREE
10
262.451656
20
188.247846
30
0.000000
0
VERTEX
8
TREE
10
259.962154
20
185.758344
30
0.000000
0
VERTEX
8
TREE
10
259.962154
20
182.237656
30
0.000000
0
VERTEX
8
TREE
10
262.451656
20
179.748154
30
0.000000
0
VERTEX
8
TREE
10
265.972344
20
179.748154
30
0.000000
0
VERTEX
8
TREE
10
268.461846
20
182.237656
30
0.000000
0
SEQEND
8
TREE
999
URBANOS_PATH deco.tree-0856
0
POLYLINE
8
TREE
66
1
70
1
10
0.000000
20
0.000000
30
0.000000
0
VERTEX
8
TREE
10
273.783639
20
190.346050
30
0.000000
0
VERTEX
8
TREE
10
272.160050
20
191.969639
30
0.000000
0
VERTEX
8
TREE
10
269.863950
20
191.969639
30
0.000000
0
VERTEX
8
TREE
10
268.240361
20
190.346050
30
0.000000
0
VERTEX
8
TREE
10
268.240361
20
188.049950
30
0.000000
0
VERTEX
8
TREE
10
269.863950
20
186.426361
30
0.000000
0
VERTEX
8
TREE
10
272.160050
20
186.426361
30
0.000000
0
VERTEX
8
TREE
10
273.783639
20
188.049950
30
0.000000
0
SEQEND
8
TREE
999
URBANOS_PATH deco.tree-0857
0
POLYLINE
8
TREE
66
1
70
1
10
0.000000
20
0.000000
30
0.000000
0
VERTEX
8
TREE
10
261.353190
20
190.099124
30
0.000000
0
VERTEX
8
TREE
10
259.513124
20
191.939190
30
0.000000
0
VERTEX
8
TREE
10
256.910876
20
191.939190
30
0.000000
0
VERTEX
8
TREE
10
255.070810
20
190.099124
30
0.000000
0
VERTEX
8
TREE
10
255.070810
20
187.496876
30
0.000000
0
VERTEX
8
TREE
10
256.910876
20
185.656810
30
0.000000
0
VERTEX
8
TREE
10
259.513124
20
185.656810
30
0.000000
0
VERTEX
8
TREE
10
261.353190
20
187.496876
30
0.000000
0
SEQEND
8
TREE
999
URBANOS_PATH deco.tree-0863
0
POLYLINE
8
TREE
66
1
70
1
10
0.000000
20
0.000000
30
0.000000
0
VERTEX
8
TREE
10
44.429846
20
183.552344
30
0.000000
0
VERTEX
8
TREE
10
41.940344
20
186.041846
30
0.000000
0
VERTEX
8
TREE
10
38.419656
20
186.041846
30
0.000000
0
VERTEX
8
TREE
10
35.930154
20
183.552344
30
0.000000
0
VERTEX
8
TREE
10
35.930154
20
180.031656
30
0.000000
0
VERTEX
8
TREE
10
38.419656
20
177.542154
30
0.000000
0
VERTEX
8
TREE
10
41.940344
20
177.542154
30
0.000000
0
VERTEX
8
TREE
10
44.429846
20
180.031656
30
0.000000
0
SEQEND
8
TREE
999
URBANOS_PATH deco.tree-0864
0
POLYLINE
8
TREE
66
1
70
1
10
0.000000
20
0.000000
30
0.000000
0
VERTEX
8
TREE
10
49.751639
20
188.140050
30
0.000000
0
VERTEX
8
TREE
10
48.128050
20
189.763639
30
0.000000
0
VERTEX
8
TREE
10
45.831950
20
189.763639
30
0.000000
0
VERTEX
8
TREE
10
44.208361
20
188.140050
30
0.000000
0
VERTEX
8
TREE
10
44.208361
20
185.843950
30
0.000000
0
VERTEX
8
TREE
10
45.831950
20
184.220361
30
0.000000
0
VERTEX
8
TREE
10
48.128050
20
184.220361
30
0.000000
0
VERTEX
8
TREE
10
49.751639
20
185.843950
30
0.000000
0
SEQEND
8
TREE
999
URBANOS_PATH deco.tree-0865
0
POLYLINE
8
TREE
66
1
70
1
10
0.000000
20
0.000000
30
0.000000
0
VERTEX
8
TREE
10
37.321190
20
178.293124
30
0.000000
0
VERTEX
8
TREE
10
35.481124
20
180.133190
30
0.000000
0
VERTEX
8
TREE
10
32.878876
20
180.133190
30
0.000000
0
VERTEX
8
TREE
10
31.038810
20
178.293124
30
0.000000
0
VERTEX
8
TREE
10
31.038810
20
175.690876
30
0.000000
0
VERTEX
8
TREE
10
32.878876
20
173.850810
30
0.000000
0
VERTEX
8
TREE
10
35.481124
20
173.850810
30
0.000000
0
VERTEX
8
TREE
10
37.321190
20
175.690876
30
0.000000
0
SEQEND
8
TREE
999
URBANOS_PATH deco.tree-0866
0
POLYLINE
8
TREE
66
1
70
1
10
0.000000
20
0.000000
30
0.000000
0
VERTEX
8
TREE
10
70.119846
20
262.968344
30
0.000000
0
VERTEX
8
TREE
10
67.630344
20
265.457846
30
0.000000
0
VERTEX
8
TREE
10
64.109656
20
265.457846
30
0.000000
0
VERTEX
8
TREE
10
61.620154
20
262.968344
30
0.000000
0
VERTEX
8
TREE
10
61.620154
20
259.447656
30
0.000000
0
VERTEX
8
TREE
10
64.109656
20
256.958154
30
0.000000
0
VERTEX
8
TREE
10
67.630344
20
256.958154
30
0.000000
0
VERTEX
8
TREE
10
70.119846
20
259.447656
30
0.000000
0
SEQEND
8
TREE
999
URBANOS_PATH deco.tree-0867
0
POLYLINE
8
TREE
66
1
70
1
10
0.000000
20
0.000000
30
0.000000
0
VERTEX
8
TREE
10
75.441639
20
257.156050
30
0.000000
0
VERTEX
8
TREE
10
73.818050
20
258.779639
30
0.000000
0
VERTEX
8
TREE
10
71.521950
20
258.779639
30
0.000000
0
VERTEX
8
TREE
10
69.898361
20
257.156050
30
0.000000
0
VERTEX
8
TREE
10
69.898361
20
254.859950
30
0.000000
0
VERTEX
8
TREE
10
71.521950
20
253.236361
30
0.000000
0
VERTEX
8
TREE
10
73.818050
20
253.236361
30
0.000000
0
VERTEX
8
TREE
10
75.441639
20
254.859950
30
0.000000
0
SEQEND
8
TREE
999
URBANOS_PATH deco.tree-0868
0
POLYLINE
8
TREE
66
1
70
1
10
0.000000
20
0.000000
30
0.000000
0
VERTEX
8
TREE
10
63.011190
20
267.309124
30
0.000000
0
VERTEX
8
TREE
10
61.171124
20
269.149190
30
0.000000
0
VERTEX
8
TREE
10
58.568876
20
269.149190
30
0.000000
0
VERTEX
8
TREE
10
56.728810
20
267.309124
30
0.000000
0
VERTEX
8
TREE
10
56.728810
20
264.706876
30
0.000000
0
VERTEX
8
TREE
10
58.568876
20
262.866810
30
0.000000
0
VERTEX
8
TREE
10
61.171124
20
262.866810
30
0.000000
0
VERTEX
8
TREE
10
63.011190
20
264.706876
30
0.000000
0
SEQEND
8
TREE
999
URBANOS_PATH deco.tree-0869
0
POLYLINE
8
TREE
66
1
70
1
10
0.000000
20
0.000000
30
0.000000
0
VERTEX
8
TREE
10
95.809846
20
183.552344
30
0.000000
0
VERTEX
8
TREE
10
93.320344
20
186.041846
30
0.000000
0
VERTEX
8
TREE
10
89.799656
20
186.041846
30
0.000000
0
VERTEX
8
TREE
10
87.310154
20
183.552344
30
0.000000
0
VERTEX
8
TREE
10
87.310154
20
180.031656
30
0.000000
0
VERTEX
8
TREE
10
89.799656
20
177.542154
30
0.000000
0
VERTEX
8
TREE
10
93.320344
20
177.542154
30
0.000000
0
VERTEX
8
TREE
10
95.809846
20
180.031656
30
0.000000
0
SEQEND
8
TREE
999
URBANOS_PATH deco.tree-0870
0
POLYLINE
8
TREE
66
1
70
1
10
0.000000
20
0.000000
30
0.000000
0
VERTEX
8
TREE
10
101.131639
20
188.140050
30
0.000000
0
VERTEX
8
TREE
10
99.508050
20
189.763639
30
0.000000
0
VERTEX
8
TREE
10
97.211950
20
189.763639
30
0.000000
0
VERTEX
8
TREE
10
95.588361
20
188.140050
30
0.000000
0
VERTEX
8
TREE
10
95.588361
20
185.843950
30
0.000000
0
VERTEX
8
TREE
10
97.211950
20
184.220361
30
0.000000
0
VERTEX
8
TREE
10
99.508050
20
184.220361
30
0.000000
0
VERTEX
8
TREE
10
101.131639
20
185.843950
30
0.000000
0
SEQEND
8
TREE
999
URBANOS_PATH deco.tree-0871
0
POLYLINE
8
TREE
66
1
70
1
10
0.000000
20
0.000000
30
0.000000
0
VERTEX
8
TREE
10
88.701190
20
187.893124
30
0.000000
0
VERTEX
8
TREE
10
86.861124
20
189.733190
30
0.000000
0
VERTEX
8
TREE
10
84.258876
20
189.733190
30
0.000000
0
VERTEX
8
TREE
10
82.418810
20
187.893124
30
0.000000
0
VERTEX
8
TREE
10
82.418810
20
185.290876
30
0.000000
0
VERTEX
8
TREE
10
84.258876
20
183.450810
30
0.000000
0
VERTEX
8
TREE
10
86.861124
20
183.450810
30
0.000000
0
VERTEX
8
TREE
10
88.701190
20
185.290876
30
0.000000
0
SEQEND
8
TREE
999
URBANOS_PATH deco.tree-0872
0
POLYLINE
8
TREE
66
1
70
1
10
0.000000
20
0.000000
30
0.000000
0
VERTEX
8
TREE
10
121.499846
20
262.968344
30
0.000000
0
VERTEX
8
TREE
10
119.010344
20
265.457846
30
0.000000
0
VERTEX
8
TREE
10
115.489656
20
265.457846
30
0.000000
0
VERTEX
8
TREE
10
113.000154
20
262.968344
30
0.000000
0
VERTEX
8
TREE
10
113.000154
20
259.447656
30
0.000000
0
VERTEX
8
TREE
10
115.489656
20
256.958154
30
0.000000
0
VERTEX
8
TREE
10
119.010344
20
256.958154
30
0.000000
0
VERTEX
8
TREE
10
121.499846
20
259.447656
30
0.000000
0
SEQEND
8
TREE
999
URBANOS_PATH deco.tree-0873
0
POLYLINE
8
TREE
66
1
70
1
10
0.000000
20
0.000000
30
0.000000
0
VERTEX
8
TREE
10
126.821639
20
257.156050
30
0.000000
0
VERTEX
8
TREE
10
125.198050
20
258.779639
30
0.000000
0
VERTEX
8
TREE
10
122.901950
20
258.779639
30
0.000000
0
VERTEX
8
TREE
10
121.278361
20
257.156050
30
0.000000
0
VERTEX
8
TREE
10
121.278361
20
254.859950
30
0.000000
0
VERTEX
8
TREE
10
122.901950
20
253.236361
30
0.000000
0
VERTEX
8
TREE
10
125.198050
20
253.236361
30
0.000000
0
VERTEX
8
TREE
10
126.821639
20
254.859950
30
0.000000
0
SEQEND
8
TREE
999
URBANOS_PATH deco.tree-0874
0
POLYLINE
8
TREE
66
1
70
1
10
0.000000
20
0.000000
30
0.000000
0
VERTEX
8
TREE
10
114.391190
20
257.709124
30
0.000000
0
VERTEX
8
TREE
10
112.551124
20
259.549190
30
0.000000
0
VERTEX
8
TREE
10
109.948876
20
259.549190
30
0.000000
0
VERTEX
8
TREE
10
108.108810
20
257.709124
30
0.000000
0
VERTEX
8
TREE
10
108.108810
20
255.106876
30
0.000000
0
VERTEX
8
TREE
10
109.948876
20
253.266810
30
0.000000
0
VERTEX
8
TREE
10
112.551124
20
253.266810
30
0.000000
0
VERTEX
8
TREE
10
114.391190
20
255.106876
30
0.000000
0
SEQEND
8
TREE
999
URBANOS_PATH deco.tree-0875
0
POLYLINE
8
TREE
66
1
70
1
10
0.000000
20
0.000000
30
0.000000
0
VERTEX
8
TREE
10
147.189846
20
183.552344
30
0.000000
0
VERTEX
8
TREE
10
144.700344
20
186.041846
30
0.000000
0
VERTEX
8
TREE
10
141.179656
20
186.041846
30
0.000000
0
VERTEX
8
TREE
10
138.690154
20
183.552344
30
0.000000
0
VERTEX
8
TREE
10
138.690154
20
180.031656
30
0.000000
0
VERTEX
8
TREE
10
141.179656
20
177.542154
30
0.000000
0
VERTEX
8
TREE
10
144.700344
20
177.542154
30
0.000000
0
VERTEX
8
TREE
10
147.189846
20
180.031656
30
0.000000
0
SEQEND
8
TREE
999
URBANOS_PATH deco.tree-0876
0
POLYLINE
8
TREE
66
1
70
1
10
0.000000
20
0.000000
30
0.000000
0
VERTEX
8
TREE
10
152.511639
20
188.140050
30
0.000000
0
VERTEX
8
TREE
10
150.888050
20
189.763639
30
0.000000
0
VERTEX
8
TREE
10
148.591950
20
189.763639
30
0.000000
0
VERTEX
8
TREE
10
146.968361
20
188.140050
30
0.000000
0
VERTEX
8
TREE
10
146.968361
20
185.843950
30
0.000000
0
VERTEX
8
TREE
10
148.591950
20
184.220361
30
0.000000
0
VERTEX
8
TREE
10
150.888050
20
184.220361
30
0.000000
0
VERTEX
8
TREE
10
152.511639
20
185.843950
30
0.000000
0
SEQEND
8
TREE
999
URBANOS_PATH deco.tree-0877
0
POLYLINE
8
TREE
66
1
70
1
10
0.000000
20
0.000000
30
0.000000
0
VERTEX
8
TREE
10
140.081190
20
187.893124
30
0.000000
0
VERTEX
8
TREE
10
138.241124
20
189.733190
30
0.000000
0
VERTEX
8
TREE
10
135.638876
20
189.733190
30
0.000000
0
VERTEX
8
TREE
10
133.798810
20
187.893124
30
0.000000
0
VERTEX
8
TREE
10
133.798810
20
185.290876
30
0.000000
0
VERTEX
8
TREE
10
135.638876
20
183.450810
30
0.000000
0
VERTEX
8
TREE
10
138.241124
20
183.450810
30
0.000000
0
VERTEX
8
TREE
10
140.081190
20
185.290876
30
0.000000
0
SEQEND
8
TREE
999
URBANOS_PATH deco.tree-0878
0
POLYLINE
8
TREE
66
1
70
1
10
0.000000
20
0.000000
30
0.000000
0
VERTEX
8
TREE
10
172.879846
20
262.968344
30
0.000000
0
VERTEX
8
TREE
10
170.390344
20
265.457846
30
0.000000
0
VERTEX
8
TREE
10
166.869656
20
265.457846
30
0.000000
0
VERTEX
8
TREE
10
164.380154
20
262.968344
30
0.000000
0
VERTEX
8
TREE
10
164.380154
20
259.447656
30
0.000000
0
VERTEX
8
TREE
10
166.869656
20
256.958154
30
0.000000
0
VERTEX
8
TREE
10
170.390344
20
256.958154
30
0.000000
0
VERTEX
8
TREE
10
172.879846
20
259.447656
30
0.000000
0
SEQEND
8
TREE
999
URBANOS_PATH deco.tree-0879
0
POLYLINE
8
TREE
66
1
70
1
10
0.000000
20
0.000000
30
0.000000
0
VERTEX
8
TREE
10
178.201639
20
257.156050
30
0.000000
0
VERTEX
8
TREE
10
176.578050
20
258.779639
30
0.000000
0
VERTEX
8
TREE
10
174.281950
20
258.779639
30
0.000000
0
VERTEX
8
TREE
10
172.658361
20
257.156050
30
0.000000
0
VERTEX
8
TREE
10
172.658361
20
254.859950
30
0.000000
0
VERTEX
8
TREE
10
174.281950
20
253.236361
30
0.000000
0
VERTEX
8
TREE
10
176.578050
20
253.236361
30
0.000000
0
VERTEX
8
TREE
10
178.201639
20
254.859950
30
0.000000
0
SEQEND
8
TREE
999
URBANOS_PATH deco.tree-0880
0
POLYLINE
8
TREE
66
1
70
1
10
0.000000
20
0.000000
30
0.000000
0
VERTEX
8
TREE
10
165.771190
20
267.309124
30
0.000000
0
VERTEX
8
TREE
10
163.931124
20
269.149190
30
0.000000
0
VERTEX
8
TREE
10
161.328876
20
269.149190
30
0.000000
0
VERTEX
8
TREE
10
159.488810
20
267.309124
30
0.000000
0
VERTEX
8
TREE
10
159.488810
20
264.706876
30
0.000000
0
VERTEX
8
TREE
10
161.328876
20
262.866810
30
0.000000
0
VERTEX
8
TREE
10
163.931124
20
262.866810
30
0.000000
0
VERTEX
8
TREE
10
165.771190
20
264.706876
30
0.000000
0
SEQEND
8
TREE
999
URBANOS_PATH deco.tree-0881
0
POLYLINE
8
TREE
66
1
70
1
10
0.000000
20
0.000000
30
0.000000
0
VERTEX
8
TREE
10
198.569846
20
183.552344
30
0.000000
0
VERTEX
8
TREE
10
196.080344
20
186.041846
30
0.000000
0
VERTEX
8
TREE
10
192.559656
20
186.041846
30
0.000000
0
VERTEX
8
TREE
10
190.070154
20
183.552344
30
0.000000
0
VERTEX
8
TREE
10
190.070154
20
180.031656
30
0.000000
0
VERTEX
8
TREE
10
192.559656
20
177.542154
30
0.000000
0
VERTEX
8
TREE
10
196.080344
20
177.542154
30
0.000000
0
VERTEX
8
TREE
10
198.569846
20
180.031656
30
0.000000
0
SEQEND
8
TREE
999
URBANOS_PATH deco.tree-0882
0
POLYLINE
8
TREE
66
1
70
1
10
0.000000
20
0.000000
30
0.000000
0
VERTEX
8
TREE
10
203.891639
20
188.140050
30
0.000000
0
VERTEX
8
TREE
10
202.268050
20
189.763639
30
0.000000
0
VERTEX
8
TREE
10
199.971950
20
189.763639
30
0.000000
0
VERTEX
8
TREE
10
198.348361
20
188.140050
30
0.000000
0
VERTEX
8
TREE
10
198.348361
20
185.843950
30
0.000000
0
VERTEX
8
TREE
10
199.971950
20
184.220361
30
0.000000
0
VERTEX
8
TREE
10
202.268050
20
184.220361
30
0.000000
0
VERTEX
8
TREE
10
203.891639
20
185.843950
30
0.000000
0
SEQEND
8
TREE
999
URBANOS_PATH deco.tree-0883
0
POLYLINE
8
TREE
66
1
70
1
10
0.000000
20
0.000000
30
0.000000
0
VERTEX
8
TREE
10
191.461190
20
178.293124
30
0.000000
0
VERTEX
8
TREE
10
189.621124
20
180.133190
30
0.000000
0
VERTEX
8
TREE
10
187.018876
20
180.133190
30
0.000000
0
VERTEX
8
TREE
10
185.178810
20
178.293124
30
0.000000
0
VERTEX
8
TREE
10
185.178810
20
175.690876
30
0.000000
0
VERTEX
8
TREE
10
187.018876
20
173.850810
30
0.000000
0
VERTEX
8
TREE
10
189.621124
20
173.850810
30
0.000000
0
VERTEX
8
TREE
10
191.461190
20
175.690876
30
0.000000
0
SEQEND
8
TREE
999
URBANOS_PATH deco.tree-0884
0
POLYLINE
8
TREE
66
1
70
1
10
0.000000
20
0.000000
30
0.000000
0
VERTEX
8
TREE
10
420.399846
20
190.170344
30
0.000000
0
VERTEX
8
TREE
10
417.910344
20
192.659846
30
0.000000
0
VERTEX
8
TREE
10
414.389656
20
192.659846
30
0.000000
0
VERTEX
8
TREE
10
411.900154
20
190.170344
30
0.000000
0
VERTEX
8
TREE
10
411.900154
20
186.649656
30
0.000000
0
VERTEX
8
TREE
10
414.389656
20
184.160154
30
0.000000
0
VERTEX
8
TREE
10
417.910344
20
184.160154
30
0.000000
0
VERTEX
8
TREE
10
420.399846
20
186.649656
30
0.000000
0
SEQEND
8
TREE
999
URBANOS_PATH deco.tree-0885
0
POLYLINE
8
TREE
66
1
70
1
10
0.000000
20
0.000000
30
0.000000
0
VERTEX
8
TREE
10
425.721639
20
194.758050
30
0.000000
0
VERTEX
8
TREE
10
424.098050
20
196.381639
30
0.000000
0
VERTEX
8
TREE
10
421.801950
20
196.381639
30
0.000000
0
VERTEX
8
TREE
10
420.178361
20
194.758050
30
0.000000
0
VERTEX
8
TREE
10
420.178361
20
192.461950
30
0.000000
0
VERTEX
8
TREE
10
421.801950
20
190.838361
30
0.000000
0
VERTEX
8
TREE
10
424.098050
20
190.838361
30
0.000000
0
VERTEX
8
TREE
10
425.721639
20
192.461950
30
0.000000
0
SEQEND
8
TREE
999
URBANOS_PATH deco.tree-0886
0
POLYLINE
8
TREE
66
1
70
1
10
0.000000
20
0.000000
30
0.000000
0
VERTEX
8
TREE
10
413.291190
20
194.511124
30
0.000000
0
VERTEX
8
TREE
10
411.451124
20
196.351190
30
0.000000
0
VERTEX
8
TREE
10
408.848876
20
196.351190
30
0.000000
0
VERTEX
8
TREE
10
407.008810
20
194.511124
30
0.000000
0
VERTEX
8
TREE
10
407.008810
20
191.908876
30
0.000000
0
VERTEX
8
TREE
10
408.848876
20
190.068810
30
0.000000
0
VERTEX
8
TREE
10
411.451124
20
190.068810
30
0.000000
0
VERTEX
8
TREE
10
413.291190
20
191.908876
30
0.000000
0
SEQEND
8
TREE
999
URBANOS_PATH deco.tree-0887
0
POLYLINE
8
TREE
66
1
70
1
10
0.000000
20
0.000000
30
0.000000
0
VERTEX
8
TREE
10
420.399846
20
223.260344
30
0.000000
0
VERTEX
8
TREE
10
417.910344
20
225.749846
30
0.000000
0
VERTEX
8
TREE
10
414.389656
20
225.749846
30
0.000000
0
VERTEX
8
TREE
10
411.900154
20
223.260344
30
0.000000
0
VERTEX
8
TREE
10
411.900154
20
219.739656
30
0.000000
0
VERTEX
8
TREE
10
414.389656
20
217.250154
30
0.000000
0
VERTEX
8
TREE
10
417.910344
20
217.250154
30
0.000000
0
VERTEX
8
TREE
10
420.399846
20
219.739656
30
0.000000
0
SEQEND
8
TREE
999
URBANOS_PATH deco.tree-0888
0
POLYLINE
8
TREE
66
1
70
1
10
0.000000
20
0.000000
30
0.000000
0
VERTEX
8
TREE
10
425.721639
20
217.448050
30
0.000000
0
VERTEX
8
TREE
10
424.098050
20
219.071639
30
0.000000
0
VERTEX
8
TREE
10
421.801950
20
219.071639
30
0.000000
0
VERTEX
8
TREE
10
420.178361
20
217.448050
30
0.000000
0
VERTEX
8
TREE
10
420.178361
20
215.151950
30
0.000000
0
VERTEX
8
TREE
10
421.801950
20
213.528361
30
0.000000
0
VERTEX
8
TREE
10
424.098050
20
213.528361
30
0.000000
0
VERTEX
8
TREE
10
425.721639
20
215.151950
30
0.000000
0
SEQEND
8
TREE
999
URBANOS_PATH deco.tree-0889
0
POLYLINE
8
TREE
66
1
70
1
10
0.000000
20
0.000000
30
0.000000
0
VERTEX
8
TREE
10
413.291190
20
227.601124
30
0.000000
0
VERTEX
8
TREE
10
411.451124
20
229.441190
30
0.000000
0
VERTEX
8
TREE
10
408.848876
20
229.441190
30
0.000000
0
VERTEX
8
TREE
10
407.008810
20
227.601124
30
0.000000
0
VERTEX
8
TREE
10
407.008810
20
224.998876
30
0.000000
0
VERTEX
8
TREE
10
408.848876
20
223.158810
30
0.000000
0
VERTEX
8
TREE
10
411.451124
20
223.158810
30
0.000000
0
VERTEX
8
TREE
10
413.291190
20
224.998876
30
0.000000
0
SEQEND
8
TREE
999
URBANOS_PATH deco.tree-0890
0
POLYLINE
8
TREE
66
1
70
1
10
0.000000
20
0.000000
30
0.000000
0
VERTEX
8
TREE
10
420.399846
20
256.350344
30
0.000000
0
VERTEX
8
TREE
10
417.910344
20
258.839846
30
0.000000
0
VERTEX
8
TREE
10
414.389656
20
258.839846
30
0.000000
0
VERTEX
8
TREE
10
411.900154
20
256.350344
30
0.000000
0
VERTEX
8
TREE
10
411.900154
20
252.829656
30
0.000000
0
VERTEX
8
TREE
10
414.389656
20
250.340154
30
0.000000
0
VERTEX
8
TREE
10
417.910344
20
250.340154
30
0.000000
0
VERTEX
8
TREE
10
420.399846
20
252.829656
30
0.000000
0
SEQEND
8
TREE
999
URBANOS_PATH deco.tree-0891
0
POLYLINE
8
TREE
66
1
70
1
10
0.000000
20
0.000000
30
0.000000
0
VERTEX
8
TREE
10
425.721639
20
260.938050
30
0.000000
0
VERTEX
8
TREE
10
424.098050
20
262.561639
30
0.000000
0
VERTEX
8
TREE
10
421.801950
20
262.561639
30
0.000000
0
VERTEX
8
TREE
10
420.178361
20
260.938050
30
0.000000
0
VERTEX
8
TREE
10
420.178361
20
258.641950
30
0.000000
0
VERTEX
8
TREE
10
421.801950
20
257.018361
30
0.000000
0
VERTEX
8
TREE
10
424.098050
20
257.018361
30
0.000000
0
VERTEX
8
TREE
10
425.721639
20
258.641950
30
0.000000
0
SEQEND
8
TREE
999
URBANOS_PATH deco.tree-0892
0
POLYLINE
8
TREE
66
1
70
1
10
0.000000
20
0.000000
30
0.000000
0
VERTEX
8
TREE
10
413.291190
20
251.091124
30
0.000000
0
VERTEX
8
TREE
10
411.451124
20
252.931190
30
0.000000
0
VERTEX
8
TREE
10
408.848876
20
252.931190
30
0.000000
0
VERTEX
8
TREE
10
407.008810
20
251.091124
30
0.000000
0
VERTEX
8
TREE
10
407.008810
20
248.488876
30
0.000000
0
VERTEX
8
TREE
10
408.848876
20
246.648810
30
0.000000
0
VERTEX
8
TREE
10
411.451124
20
246.648810
30
0.000000
0
VERTEX
8
TREE
10
413.291190
20
248.488876
30
0.000000
0
SEQEND
8
TREE
999
URBANOS_PATH deco.tree-0893
0
POLYLINE
8
TREE
66
1
70
1
10
0.000000
20
0.000000
30
0.000000
0
VERTEX
8
TREE
10
35.325966
20
23.127660
30
0.000000
0
VERTEX
8
TREE
10
33.377660
20
25.075966
30
0.000000
0
VERTEX
8
TREE
10
30.622340
20
25.075966
30
0.000000
0
VERTEX
8
TREE
10
28.674034
20
23.127660
30
0.000000
0
VERTEX
8
TREE
10
28.674034
20
20.372340
30
0.000000
0
VERTEX
8
TREE
10
30.622340
20
18.424034
30
0.000000
0
VERTEX
8
TREE
10
33.377660
20
18.424034
30
0.000000
0
VERTEX
8
TREE
10
35.325966
20
20.372340
30
0.000000
0
SEQEND
8
TREE
999
URBANOS_PATH deco.tree-0894
0
POLYLINE
8
TREE
66
1
70
1
10
0.000000
20
0.000000
30
0.000000
0
VERTEX
8
TREE
10
35.325966
20
422.627660
30
0.000000
0
VERTEX
8
TREE
10
33.377660
20
424.575966
30
0.000000
0
VERTEX
8
TREE
10
30.622340
20
424.575966
30
0.000000
0
VERTEX
8
TREE
10
28.674034
20
422.627660
30
0.000000
0
VERTEX
8
TREE
10
28.674034
20
419.872340
30
0.000000
0
VERTEX
8
TREE
10
30.622340
20
417.924034
30
0.000000
0
VERTEX
8
TREE
10
33.377660
20
417.924034
30
0.000000
0
VERTEX
8
TREE
10
35.325966
20
419.872340
30
0.000000
0
SEQEND
8
TREE
999
URBANOS_PATH deco.tree-0895
0
POLYLINE
8
TREE
66
1
70
1
10
0.000000
20
0.000000
30
0.000000
0
VERTEX
8
TREE
10
75.325966
20
23.127660
30
0.000000
0
VERTEX
8
TREE
10
73.377660
20
25.075966
30
0.000000
0
VERTEX
8
TREE
10
70.622340
20
25.075966
30
0.000000
0
VERTEX
8
TREE
10
68.674034
20
23.127660
30
0.000000
0
VERTEX
8
TREE
10
68.674034
20
20.372340
30
0.000000
0
VERTEX
8
TREE
10
70.622340
20
18.424034
30
0.000000
0
VERTEX
8
TREE
10
73.377660
20
18.424034
30
0.000000
0
VERTEX
8
TREE
10
75.325966
20
20.372340
30
0.000000
0
SEQEND
8
TREE
999
URBANOS_PATH deco.tree-0896
0
POLYLINE
8
TREE
66
1
70
1
10
0.000000
20
0.000000
30
0.000000
0
VERTEX
8
TREE
10
75.325966
20
422.627660
30
0.000000
0
VERTEX
8
TREE
10
73.377660
20
424.575966
30
0.000000
0
VERTEX
8
TREE
10
70.622340
20
424.575966
30
0.000000
0
VERTEX
8
TREE
10
68.674034
20
422.627660
30
0.000000
0
VERTEX
8
TREE
10
68.674034
20
419.872340
30
0.000000
0
VERTEX
8
TREE
10
70.622340
20
417.924034
30
0.000000
0
VERTEX
8
TREE
10
73.377660
20
417.924034
30
0.000000
0
VERTEX
8
TREE
10
75.325966
20
419.872340
30
0.000000
0
SEQEND
8
TREE
999
URBANOS_PATH deco.tree-0897
0
POLYLINE
8
TREE
66
1
70
1
10
0.000000
20
0.000000
30
0.000000
0
VERTEX
8
TREE
10
115.325966
20
23.127660
30
0.000000
0
VERTEX
8
TREE
10
113.377660
20
25.075966
30
0.000000
0
VERTEX
8
TREE
10
110.622340
20
25.075966
30
0.000000
0
VERTEX
8
TREE
10
108.674034
20
23.127660
30
0.000000
0
VERTEX
8
TREE
10
108.674034
20
20.372340
30
0.000000
0
VERTEX
8
TREE
10
110.622340
20
18.424034
30
0.000000
0
VERTEX
8
TREE
10
113.377660
20
18.424034
30
0.000000
0
VERTEX
8
TREE
10
115.325966
20
20.372340
30
0.000000
0
SEQEND
8
TREE
999
URBANOS_PATH deco.tree-0898
0
POLYLINE
8
TREE
66
1
70
1
10
0.000000
20
0.000000
30
0.000000
0
VERTEX
8
TREE
10
115.325966
20
422.627660
30
0.000000
0
VERTEX
8
TREE
10
113.377660
20
424.575966
30
0.000000
0
VERTEX
8
TREE
10
110.622340
20
424.575966
30
0.000000
0
VERTEX
8
TREE
10
108.674034
20
422.627660
30
0.000000
0
VERTEX
8
TREE
10
108.674034
20
419.872340
30
0.000000
0
VERTEX
8
TREE
10
110.622340
20
417.924034
30
0.000000
0
VERTEX
8
TREE
10
113.377660
20
417.924034
30
0.000000
0
VERTEX
8
TREE
10
115.325966
20
419.872340
30
0.000000
0
SEQEND
8
TREE
999
URBANOS_PATH deco.tree-0899
0
POLYLINE
8
TREE
66
1
70
1
10
0.000000
20
0.000000
30
0.000000
0
VERTEX
8
TREE
10
155.325966
20
23.127660
30
0.000000
0
VERTEX
8
TREE
10
153.377660
20
25.075966
30
0.000000
0
VERTEX
8
TREE
10
150.622340
20
25.075966
30
0.000000
0
VERTEX
8
TREE
10
148.674034
20
23.127660
30
0.000000
0
VERTEX
8
TREE
10
148.674034
20
20.372340
30
0.000000
0
VERTEX
8
TREE
10
150.622340
20
18.424034
30
0.000000
0
VERTEX
8
TREE
10
153.377660
20
18.424034
30
0.000000
0
VERTEX
8
TREE
10
155.325966
20
20.372340
30
0.000000
0
SEQEND
8
TREE
999
URBANOS_PATH deco.tree-0900
0
POLYLINE
8
TREE
66
1
70
1
10
0.000000
20
0.000000
30
0.000000
0
VERTEX
8
TREE
10
155.325966
20
422.627660
30
0.000000
0
VERTEX
8
TREE
10
153.377660
20
424.575966
30
0.000000
0
VERTEX
8
TREE
10
150.622340
20
424.575966
30
0.000000
0
VERTEX
8
TREE
10
148.674034
20
422.627660
30
0.000000
0
VERTEX
8
TREE
10
148.674034
20
419.872340
30
0.000000
0
VERTEX
8
TREE
10
150.622340
20
417.924034
30
0.000000
0
VERTEX
8
TREE
10
153.377660
20
417.924034
30
0.000000
0
VERTEX
8
TREE
10
155.325966
20
419.872340
30
0.000000
0
SEQEND
8
TREE
999
URBANOS_PATH deco.tree-0901
0
POLYLINE
8
TREE
66
1
70
1
10
0.000000
20
0.000000
30
0.000000
0
VERTEX
8
TREE
10
195.325966
20
23.127660
30
0.000000
0
VERTEX
8
TREE
10
193.377660
20
25.075966
30
0.000000
0
VERTEX
8
TREE
10
190.622340
20
25.075966
30
0.000000
0
VERTEX
8
TREE
10
188.674034
20
23.127660
30
0.000000
0
VERTEX
8
TREE
10
188.674034
20
20.372340
30
0.000000
0
VERTEX
8
TREE
10
190.622340
20
18.424034
30
0.000000
0
VERTEX
8
TREE
10
193.377660
20
18.424034
30
0.000000
0
VERTEX
8
TREE
10
195.325966
20
20.372340
30
0.000000
0
SEQEND
8
TREE
999
URBANOS_PATH deco.tree-0902
0
POLYLINE
8
TREE
66
1
70
1
10
0.000000
20
0.000000
30
0.000000
0
VERTEX
8
TREE
10
195.325966
20
422.627660
30
0.000000
0
VERTEX
8
TREE
10
193.377660
20
424.575966
30
0.000000
0
VERTEX
8
TREE
10
190.622340
20
424.575966
30
0.000000
0
VERTEX
8
TREE
10
188.674034
20
422.627660
30
0.000000
0
VERTEX
8
TREE
10
188.674034
20
419.872340
30
0.000000
0
VERTEX
8
TREE
10
190.622340
20
417.924034
30
0.000000
0
VERTEX
8
TREE
10
193.377660
20
417.924034
30
0.000000
0
VERTEX
8
TREE
10
195.325966
20
419.872340
30
0.000000
0
SEQEND
8
TREE
999
URBANOS_PATH deco.tree-0903
0
POLYLINE
8
TREE
66
1
70
1
10
0.000000
20
0.000000
30
0.000000
0
VERTEX
8
TREE
10
275.325966
20
23.127660
30
0.000000
0
VERTEX
8
TREE
10
273.377660
20
25.075966
30
0.000000
0
VERTEX
8
TREE
10
270.622340
20
25.075966
30
0.000000
0
VERTEX
8
TREE
10
268.674034
20
23.127660
30
0.000000
0
VERTEX
8
TREE
10
268.674034
20
20.372340
30
0.000000
0
VERTEX
8
TREE
10
270.622340
20
18.424034
30
0.000000
0
VERTEX
8
TREE
10
273.377660
20
18.424034
30
0.000000
0
VERTEX
8
TREE
10
275.325966
20
20.372340
30
0.000000
0
SEQEND
8
TREE
999
URBANOS_PATH deco.tree-0904
0
POLYLINE
8
TREE
66
1
70
1
10
0.000000
20
0.000000
30
0.000000
0
VERTEX
8
TREE
10
275.325966
20
422.627660
30
0.000000
0
VERTEX
8
TREE
10
273.377660
20
424.575966
30
0.000000
0
VERTEX
8
TREE
10
270.622340
20
424.575966
30
0.000000
0
VERTEX
8
TREE
10
268.674034
20
422.627660
30
0.000000
0
VERTEX
8
TREE
10
268.674034
20
419.872340
30
0.000000
0
VERTEX
8
TREE
10
270.622340
20
417.924034
30
0.000000
0
VERTEX
8
TREE
10
273.377660
20
417.924034
30
0.000000
0
VERTEX
8
TREE
10
275.325966
20
419.872340
30
0.000000
0
SEQEND
8
TREE
999
URBANOS_PATH deco.tree-0905
0
POLYLINE
8
TREE
66
1
70
1
10
0.000000
20
0.000000
30
0.000000
0
VERTEX
8
TREE
10
315.325966
20
23.127660
30
0.000000
0
VERTEX
8
TREE
10
313.377660
20
25.075966
30
0.000000
0
VERTEX
8
TREE
10
310.622340
20
25.075966
30
0.000000
0
VERTEX
8
TREE
10
308.674034
20
23.127660
30
0.000000
0
VERTEX
8
TREE
10
308.674034
20
20.372340
30
0.000000
0
VERTEX
8
TREE
10
310.622340
20
18.424034
30
0.000000
0
VERTEX
8
TREE
10
313.377660
20
18.424034
30
0.000000
0
VERTEX
8
TREE
10
315.325966
20
20.372340
30
0.000000
0
SEQEND
8
TREE
999
URBANOS_PATH deco.tree-0906
0
POLYLINE
8
TREE
66
1
70
1
10
0.000000
20
0.000000
30
0.000000
0
VERTEX
8
TREE
10
315.325966
20
422.627660
30
0.000000
0
VERTEX
8
TREE
10
313.377660
20
424.575966
30
0.000000
0
VERTEX
8
TREE
10
310.622340
20
424.575966
30
0.000000
0
VERTEX
8
TREE
10
308.674034
20
422.627660
30
0.000000
0
VERTEX
8
TREE
10
308.674034
20
419.872340
30
0.000000
0
VERTEX
8
TREE
10
310.622340
20
417.924034
30
0.000000
0
VERTEX
8
TREE
10
313.377660
20
417.924034
30
0.000000
0
VERTEX
8
TREE
10
315.325966
20
419.872340
30
0.000000
0
SEQEND
8
TREE
999
URBANOS_PATH deco.tree-0907
0
POLYLINE
8
TREE
66
1
70
1
10
0.000000
20
0.000000
30
0.000000
0
VERTEX
8
TREE
10
355.325966
20
23.127660
30
0.000000
0
VERTEX
8
TREE
10
353.377660
20
25.075966
30
0.000000
0
VERTEX
8
TREE
10
350.622340
20
25.075966
30
0.000000
0
VERTEX
8
TREE
10
348.674034
20
23.127660
30
0.000000
0
VERTEX
8
TREE
10
348.674034
20
20.372340
30
0.000000
0
VERTEX
8
TREE
10
350.622340
20
18.424034
30
0.000000
0
VERTEX
8
TREE
10
353.377660
20
18.424034
30
0.000000
0
VERTEX
8
TREE
10
355.325966
20
20.372340
30
0.000000
0
SEQEND
8
TREE
999
URBANOS_PATH deco.tree-0908
0
POLYLINE
8
TREE
66
1
70
1
10
0.000000
20
0.000000
30
0.000000
0
VERTEX
8
TREE
10
355.325966
20
422.627660
30
0.000000
0
VERTEX
8
TREE
10
353.377660
20
424.575966
30
0.000000
0
VERTEX
8
TREE
10
350.622340
20
424.575966
30
0.000000
0
VERTEX
8
TREE
10
348.674034
20
422.627660
30
0.000000
0
VERTEX
8
TREE
10
348.674034
20
419.872340
30
0.000000
0
VERTEX
8
TREE
10
350.622340
20
417.924034
30
0.000000
0
VERTEX
8
TREE
10
353.377660
20
417.924034
30
0.000000
0
VERTEX
8
TREE
10
355.325966
20
419.872340
30
0.000000
0
SEQEND
8
TREE
999
URBANOS_PATH deco.tree-0909
0
POLYLINE
8
TREE
66
1
70
1
10
0.000000
20
0.000000
30
0.000000
0
VERTEX
8
TREE
10
395.325966
20
23.127660
30
0.000000
0
VERTEX
8
TREE
10
393.377660
20
25.075966
30
0.000000
0
VERTEX
8
TREE
10
390.622340
20
25.075966
30
0.000000
0
VERTEX
8
TREE
10
388.674034
20
23.127660
30
0.000000
0
VERTEX
8
TREE
10
388.674034
20
20.372340
30
0.000000
0
VERTEX
8
TREE
10
390.622340
20
18.424034
30
0.000000
0
VERTEX
8
TREE
10
393.377660
20
18.424034
30
0.000000
0
VERTEX
8
TREE
10
395.325966
20
20.372340
30
0.000000
0
SEQEND
8
TREE
999
URBANOS_PATH deco.tree-0910
0
POLYLINE
8
TREE
66
1
70
1
10
0.000000
20
0.000000
30
0.000000
0
VERTEX
8
TREE
10
395.325966
20
422.627660
30
0.000000
0
VERTEX
8
TREE
10
393.377660
20
424.575966
30
0.000000
0
VERTEX
8
TREE
10
390.622340
20
424.575966
30
0.000000
0
VERTEX
8
TREE
10
388.674034
20
422.627660
30
0.000000
0
VERTEX
8
TREE
10
388.674034
20
419.872340
30
0.000000
0
VERTEX
8
TREE
10
390.622340
20
417.924034
30
0.000000
0
VERTEX
8
TREE
10
393.377660
20
417.924034
30
0.000000
0
VERTEX
8
TREE
10
395.325966
20
419.872340
30
0.000000
0
SEQEND
8
TREE
999
URBANOS_PATH deco.tree-0911
0
POLYLINE
8
TREE
66
1
70
1
10
0.000000
20
0.000000
30
0.000000
0
VERTEX
8
TREE
10
435.325966
20
23.127660
30
0.000000
0
VERTEX
8
TREE
10
433.377660
20
25.075966
30
0.000000
0
VERTEX
8
TREE
10
430.622340
20
25.075966
30
0.000000
0
VERTEX
8
TREE
10
428.674034
20
23.127660
30
0.000000
0
VERTEX
8
TREE
10
428.674034
20
20.372340
30
0.000000
0
VERTEX
8
TREE
10
430.622340
20
18.424034
30
0.000000
0
VERTEX
8
TREE
10
433.377660
20
18.424034
30
0.000000
0
VERTEX
8
TREE
10
435.325966
20
20.372340
30
0.000000
0
SEQEND
8
TREE
999
URBANOS_PATH deco.tree-0912
0
POLYLINE
8
TREE
66
1
70
1
10
0.000000
20
0.000000
30
0.000000
0
VERTEX
8
TREE
10
435.325966
20
422.627660
30
0.000000
0
VERTEX
8
TREE
10
433.377660
20
424.575966
30
0.000000
0
VERTEX
8
TREE
10
430.622340
20
424.575966
30
0.000000
0
VERTEX
8
TREE
10
428.674034
20
422.627660
30
0.000000
0
VERTEX
8
TREE
10
428.674034
20
419.872340
30
0.000000
0
VERTEX
8
TREE
10
430.622340
20
417.924034
30
0.000000
0
VERTEX
8
TREE
10
433.377660
20
417.924034
30
0.000000
0
VERTEX
8
TREE
10
435.325966
20
419.872340
30
0.000000
0
SEQEND
8
TREE
999
URBANOS_PATH deco.tree-0913
0
POLYLINE
8
TREE
66
1
70
1
10
0.000000
20
0.000000
30
0.000000
0
VERTEX
8
TREE
10
22.075966
20
49.877660
30
0.000000
0
VERTEX
8
TREE
10
20.127660
20
51.825966
30
0.000000
0
VERTEX
8
TREE
10
17.372340
20
51.825966
30
0.000000
0
VERTEX
8
TREE
10
15.424034
20
49.877660
30
0.000000
0
VERTEX
8
TREE
10
15.424034
20
47.122340
30
0.000000
0
VERTEX
8
TREE
10
17.372340
20
45.174034
30
0.000000
0
VERTEX
8
TREE
10
20.127660
20
45.174034
30
0.000000
0
VERTEX
8
TREE
10
22.075966
20
47.122340
30
0.000000
0
SEQEND
8
TREE
999
URBANOS_PATH deco.tree-0914
0
POLYLINE
8
TREE
66
1
70
1
10
0.000000
20
0.000000
30
0.000000
0
VERTEX
8
TREE
10
444.575966
20
49.877660
30
0.000000
0
VERTEX
8
TREE
10
442.627660
20
51.825966
30
0.000000
0
VERTEX
8
TREE
10
439.872340
20
51.825966
30
0.000000
0
VERTEX
8
TREE
10
437.924034
20
49.877660
30
0.000000
0
VERTEX
8
TREE
10
437.924034
20
47.122340
30
0.000000
0
VERTEX
8
TREE
10
439.872340
20
45.174034
30
0.000000
0
VERTEX
8
TREE
10
442.627660
20
45.174034
30
0.000000
0
VERTEX
8
TREE
10
444.575966
20
47.122340
30
0.000000
0
SEQEND
8
TREE
999
URBANOS_PATH deco.tree-0915
0
POLYLINE
8
TREE
66
1
70
1
10
0.000000
20
0.000000
30
0.000000
0
VERTEX
8
TREE
10
22.075966
20
89.877660
30
0.000000
0
VERTEX
8
TREE
10
20.127660
20
91.825966
30
0.000000
0
VERTEX
8
TREE
10
17.372340
20
91.825966
30
0.000000
0
VERTEX
8
TREE
10
15.424034
20
89.877660
30
0.000000
0
VERTEX
8
TREE
10
15.424034
20
87.122340
30
0.000000
0
VERTEX
8
TREE
10
17.372340
20
85.174034
30
0.000000
0
VERTEX
8
TREE
10
20.127660
20
85.174034
30
0.000000
0
VERTEX
8
TREE
10
22.075966
20
87.122340
30
0.000000
0
SEQEND
8
TREE
999
URBANOS_PATH deco.tree-0916
0
POLYLINE
8
TREE
66
1
70
1
10
0.000000
20
0.000000
30
0.000000
0
VERTEX
8
TREE
10
444.575966
20
89.877660
30
0.000000
0
VERTEX
8
TREE
10
442.627660
20
91.825966
30
0.000000
0
VERTEX
8
TREE
10
439.872340
20
91.825966
30
0.000000
0
VERTEX
8
TREE
10
437.924034
20
89.877660
30
0.000000
0
VERTEX
8
TREE
10
437.924034
20
87.122340
30
0.000000
0
VERTEX
8
TREE
10
439.872340
20
85.174034
30
0.000000
0
VERTEX
8
TREE
10
442.627660
20
85.174034
30
0.000000
0
VERTEX
8
TREE
10
444.575966
20
87.122340
30
0.000000
0
SEQEND
8
TREE
999
URBANOS_PATH deco.tree-0917
0
POLYLINE
8
TREE
66
1
70
1
10
0.000000
20
0.000000
30
0.000000
0
VERTEX
8
TREE
10
22.075966
20
129.877660
30
0.000000
0
VERTEX
8
TREE
10
20.127660
20
131.825966
30
0.000000
0
VERTEX
8
TREE
10
17.372340
20
131.825966
30
0.000000
0
VERTEX
8
TREE
10
15.424034
20
129.877660
30
0.000000
0
VERTEX
8
TREE
10
15.424034
20
127.122340
30
0.000000
0
VERTEX
8
TREE
10
17.372340
20
125.174034
30
0.000000
0
VERTEX
8
TREE
10
20.127660
20
125.174034
30
0.000000
0
VERTEX
8
TREE
10
22.075966
20
127.122340
30
0.000000
0
SEQEND
8
TREE
999
URBANOS_PATH deco.tree-0918
0
POLYLINE
8
TREE
66
1
70
1
10
0.000000
20
0.000000
30
0.000000
0
VERTEX
8
TREE
10
444.575966
20
129.877660
30
0.000000
0
VERTEX
8
TREE
10
442.627660
20
131.825966
30
0.000000
0
VERTEX
8
TREE
10
439.872340
20
131.825966
30
0.000000
0
VERTEX
8
TREE
10
437.924034
20
129.877660
30
0.000000
0
VERTEX
8
TREE
10
437.924034
20
127.122340
30
0.000000
0
VERTEX
8
TREE
10
439.872340
20
125.174034
30
0.000000
0
VERTEX
8
TREE
10
442.627660
20
125.174034
30
0.000000
0
VERTEX
8
TREE
10
444.575966
20
127.122340
30
0.000000
0
SEQEND
8
TREE
999
URBANOS_PATH deco.tree-0919
0
POLYLINE
8
TREE
66
1
70
1
10
0.000000
20
0.000000
30
0.000000
0
VERTEX
8
TREE
10
22.075966
20
169.877660
30
0.000000
0
VERTEX
8
TREE
10
20.127660
20
171.825966
30
0.000000
0
VERTEX
8
TREE
10
17.372340
20
171.825966
30
0.000000
0
VERTEX
8
TREE
10
15.424034
20
169.877660
30
0.000000
0
VERTEX
8
TREE
10
15.424034
20
167.122340
30
0.000000
0
VERTEX
8
TREE
10
17.372340
20
165.174034
30
0.000000
0
VERTEX
8
TREE
10
20.127660
20
165.174034
30
0.000000
0
VERTEX
8
TREE
10
22.075966
20
167.122340
30
0.000000
0
SEQEND
8
TREE
999
URBANOS_PATH deco.tree-0920
0
POLYLINE
8
TREE
66
1
70
1
10
0.000000
20
0.000000
30
0.000000
0
VERTEX
8
TREE
10
444.575966
20
169.877660
30
0.000000
0
VERTEX
8
TREE
10
442.627660
20
171.825966
30
0.000000
0
VERTEX
8
TREE
10
439.872340
20
171.825966
30
0.000000
0
VERTEX
8
TREE
10
437.924034
20
169.877660
30
0.000000
0
VERTEX
8
TREE
10
437.924034
20
167.122340
30
0.000000
0
VERTEX
8
TREE
10
439.872340
20
165.174034
30
0.000000
0
VERTEX
8
TREE
10
442.627660
20
165.174034
30
0.000000
0
VERTEX
8
TREE
10
444.575966
20
167.122340
30
0.000000
0
SEQEND
8
TREE
999
URBANOS_PATH deco.tree-0921
0
POLYLINE
8
TREE
66
1
70
1
10
0.000000
20
0.000000
30
0.000000
0
VERTEX
8
TREE
10
22.075966
20
209.877660
30
0.000000
0
VERTEX
8
TREE
10
20.127660
20
211.825966
30
0.000000
0
VERTEX
8
TREE
10
17.372340
20
211.825966
30
0.000000
0
VERTEX
8
TREE
10
15.424034
20
209.877660
30
0.000000
0
VERTEX
8
TREE
10
15.424034
20
207.122340
30
0.000000
0
VERTEX
8
TREE
10
17.372340
20
205.174034
30
0.000000
0
VERTEX
8
TREE
10
20.127660
20
205.174034
30
0.000000
0
VERTEX
8
TREE
10
22.075966
20
207.122340
30
0.000000
0
SEQEND
8
TREE
999
URBANOS_PATH deco.tree-0922
0
POLYLINE
8
TREE
66
1
70
1
10
0.000000
20
0.000000
30
0.000000
0
VERTEX
8
TREE
10
444.575966
20
209.877660
30
0.000000
0
VERTEX
8
TREE
10
442.627660
20
211.825966
30
0.000000
0
VERTEX
8
TREE
10
439.872340
20
211.825966
30
0.000000
0
VERTEX
8
TREE
10
437.924034
20
209.877660
30
0.000000
0
VERTEX
8
TREE
10
437.924034
20
207.122340
30
0.000000
0
VERTEX
8
TREE
10
439.872340
20
205.174034
30
0.000000
0
VERTEX
8
TREE
10
442.627660
20
205.174034
30
0.000000
0
VERTEX
8
TREE
10
444.575966
20
207.122340
30
0.000000
0
SEQEND
8
TREE
999
URBANOS_PATH deco.tree-0923
0
POLYLINE
8
TREE
66
1
70
1
10
0.000000
20
0.000000
30
0.000000
0
VERTEX
8
TREE
10
22.075966
20
249.877660
30
0.000000
0
VERTEX
8
TREE
10
20.127660
20
251.825966
30
0.000000
0
VERTEX
8
TREE
10
17.372340
20
251.825966
30
0.000000
0
VERTEX
8
TREE
10
15.424034
20
249.877660
30
0.000000
0
VERTEX
8
TREE
10
15.424034
20
247.122340
30
0.000000
0
VERTEX
8
TREE
10
17.372340
20
245.174034
30
0.000000
0
VERTEX
8
TREE
10
20.127660
20
245.174034
30
0.000000
0
VERTEX
8
TREE
10
22.075966
20
247.122340
30
0.000000
0
SEQEND
8
TREE
999
URBANOS_PATH deco.tree-0924
0
POLYLINE
8
TREE
66
1
70
1
10
0.000000
20
0.000000
30
0.000000
0
VERTEX
8
TREE
10
444.575966
20
249.877660
30
0.000000
0
VERTEX
8
TREE
10
442.627660
20
251.825966
30
0.000000
0
VERTEX
8
TREE
10
439.872340
20
251.825966
30
0.000000
0
VERTEX
8
TREE
10
437.924034
20
249.877660
30
0.000000
0
VERTEX
8
TREE
10
437.924034
20
247.122340
30
0.000000
0
VERTEX
8
TREE
10
439.872340
20
245.174034
30
0.000000
0
VERTEX
8
TREE
10
442.627660
20
245.174034
30
0.000000
0
VERTEX
8
TREE
10
444.575966
20
247.122340
30
0.000000
0
SEQEND
8
TREE
999
URBANOS_PATH deco.tree-0925
0
POLYLINE
8
TREE
66
1
70
1
10
0.000000
20
0.000000
30
0.000000
0
VERTEX
8
TREE
10
22.075966
20
289.877660
30
0.000000
0
VERTEX
8
TREE
10
20.127660
20
291.825966
30
0.000000
0
VERTEX
8
TREE
10
17.372340
20
291.825966
30
0.000000
0
VERTEX
8
TREE
10
15.424034
20
289.877660
30
0.000000
0
VERTEX
8
TREE
10
15.424034
20
287.122340
30
0.000000
0
VERTEX
8
TREE
10
17.372340
20
285.174034
30
0.000000
0
VERTEX
8
TREE
10
20.127660
20
285.174034
30
0.000000
0
VERTEX
8
TREE
10
22.075966
20
287.122340
30
0.000000
0
SEQEND
8
TREE
999
URBANOS_PATH deco.tree-0926
0
POLYLINE
8
TREE
66
1
70
1
10
0.000000
20
0.000000
30
0.000000
0
VERTEX
8
TREE
10
444.575966
20
289.877660
30
0.000000
0
VERTEX
8
TREE
10
442.627660
20
291.825966
30
0.000000
0
VERTEX
8
TREE
10
439.872340
20
291.825966
30
0.000000
0
VERTEX
8
TREE
10
437.924034
20
289.877660
30
0.000000
0
VERTEX
8
TREE
10
437.924034
20
287.122340
30
0.000000
0
VERTEX
8
TREE
10
439.872340
20
285.174034
30
0.000000
0
VERTEX
8
TREE
10
442.627660
20
285.174034
30
0.000000
0
VERTEX
8
TREE
10
444.575966
20
287.122340
30
0.000000
0
SEQEND
8
TREE
999
URBANOS_PATH deco.tree-0927
0
POLYLINE
8
TREE
66
1
70
1
10
0.000000
20
0.000000
30
0.000000
0
VERTEX
8
TREE
10
22.075966
20
329.877660
30
0.000000
0
VERTEX
8
TREE
10
20.127660
20
331.825966
30
0.000000
0
VERTEX
8
TREE
10
17.372340
20
331.825966
30
0.000000
0
VERTEX
8
TREE
10
15.424034
20
329.877660
30
0.000000
0
VERTEX
8
TREE
10
15.424034
20
327.122340
30
0.000000
0
VERTEX
8
TREE
10
17.372340
20
325.174034
30
0.000000
0
VERTEX
8
TREE
10
20.127660
20
325.174034
30
0.000000
0
VERTEX
8
TREE
10
22.075966
20
327.122340
30
0.000000
0
SEQEND
8
TREE
999
URBANOS_PATH deco.tree-0928
0
POLYLINE
8
TREE
66
1
70
1
10
0.000000
20
0.000000
30
0.000000
0
VERTEX
8
TREE
10
444.575966
20
329.877660
30
0.000000
0
VERTEX
8
TREE
10
442.627660
20
331.825966
30
0.000000
0
VERTEX
8
TREE
10
439.872340
20
331.825966
30
0.000000
0
VERTEX
8
TREE
10
437.924034
20
329.877660
30
0.000000
0
VERTEX
8
TREE
10
437.924034
20
327.122340
30
0.000000
0
VERTEX
8
TREE
10
439.872340
20
325.174034
30
0.000000
0
VERTEX
8
TREE
10
442.627660
20
325.174034
30
0.000000
0
VERTEX
8
TREE
10
444.575966
20
327.122340
30
0.000000
0
SEQEND
8
TREE
999
URBANOS_PATH deco.tree-0929
0
POLYLINE
8
TREE
66
1
70
1
10
0.000000
20
0.000000
30
0.000000
0
VERTEX
8
TREE
10
22.075966
20
369.877660
30
0.000000
0
VERTEX
8
TREE
10
20.127660
20
371.825966
30
0.000000
0
VERTEX
8
TREE
10
17.372340
20
371.825966
30
0.000000
0
VERTEX
8
TREE
10
15.424034
20
369.877660
30
0.000000
0
VERTEX
8
TREE
10
15.424034
20
367.122340
30
0.000000
0
VERTEX
8
TREE
10
17.372340
20
365.174034
30
0.000000
0
VERTEX
8
TREE
10
20.127660
20
365.174034
30
0.000000
0
VERTEX
8
TREE
10
22.075966
20
367.122340
30
0.000000
0
SEQEND
8
TREE
999
URBANOS_PATH deco.tree-0930
0
POLYLINE
8
TREE
66
1
70
1
10
0.000000
20
0.000000
30
0.000000
0
VERTEX
8
TREE
10
444.575966
20
369.877660
30
0.000000
0
VERTEX
8
TREE
10
442.627660
20
371.825966
30
0.000000
0
VERTEX
8
TREE
10
439.872340
20
371.825966
30
0.000000
0
VERTEX
8
TREE
10
437.924034
20
369.877660
30
0.000000
0
VERTEX
8
TREE
10
437.924034
20
367.122340
30
0.000000
0
VERTEX
8
TREE
10
439.872340
20
365.174034
30
0.000000
0
VERTEX
8
TREE
10
442.627660
20
365.174034
30
0.000000
0
VERTEX
8
TREE
10
444.575966
20
367.122340
30
0.000000
0
SEQEND
8
TREE
999
URBANOS_PATH deco.tree-0931
0
POLYLINE
8
TREE
66
1
70
1
10
0.000000
20
0.000000
30
0.000000
0
VERTEX
8
TREE
10
22.075966
20
409.877660
30
0.000000
0
VERTEX
8
TREE
10
20.127660
20
411.825966
30
0.000000
0
VERTEX
8
TREE
10
17.372340
20
411.825966
30
0.000000
0
VERTEX
8
TREE
10
15.424034
20
409.877660
30
0.000000
0
VERTEX
8
TREE
10
15.424034
20
407.122340
30
0.000000
0
VERTEX
8
TREE
10
17.372340
20
405.174034
30
0.000000
0
VERTEX
8
TREE
10
20.127660
20
405.174034
30
0.000000
0
VERTEX
8
TREE
10
22.075966
20
407.122340
30
0.000000
0
SEQEND
8
TREE
999
URBANOS_PATH deco.tree-0932
0
POLYLINE
8
TREE
66
1
70
1
10
0.000000
20
0.000000
30
0.000000
0
VERTEX
8
TREE
10
444.575966
20
409.877660
30
0.000000
0
VERTEX
8
TREE
10
442.627660
20
411.825966
30
0.000000
0
VERTEX
8
TREE
10
439.872340
20
411.825966
30
0.000000
0
VERTEX
8
TREE
10
437.924034
20
409.877660
30
0.000000
0
VERTEX
8
TREE
10
437.924034
20
407.122340
30
0.000000
0
VERTEX
8
TREE
10
439.872340
20
405.174034
30
0.000000
0
VERTEX
8
TREE
10
442.627660
20
405.174034
30
0.000000
0
VERTEX
8
TREE
10
444.575966
20
407.122340
30
0.000000
0
SEQEND
8
TREE
999
URBANOS_PATH deco.tree-0933
0
POLYLINE
8
TREE
66
1
70
1
10
0.000000
20
0.000000
30
0.000000
0
VERTEX
8
TREE
10
55.345518
20
146.955734
30
0.000000
0
VERTEX
8
TREE
10
53.180734
20
149.120518
30
0.000000
0
VERTEX
8
TREE
10
50.119266
20
149.120518
30
0.000000
0
VERTEX
8
TREE
10
47.954482
20
146.955734
30
0.000000
0
VERTEX
8
TREE
10
47.954482
20
143.894266
30
0.000000
0
VERTEX
8
TREE
10
50.119266
20
141.729482
30
0.000000
0
VERTEX
8
TREE
10
53.180734
20
141.729482
30
0.000000
0
VERTEX
8
TREE
10
55.345518
20
143.894266
30
0.000000
0
SEQEND
8
TREE
999
URBANOS_PATH deco.tree-0934
0
POLYLINE
8
TREE
66
1
70
1
10
0.000000
20
0.000000
30
0.000000
0
VERTEX
8
TREE
10
82.906415
20
146.649587
30
0.000000
0
VERTEX
8
TREE
10
81.174587
20
148.381415
30
0.000000
0
VERTEX
8
TREE
10
78.725413
20
148.381415
30
0.000000
0
VERTEX
8
TREE
10
76.993585
20
146.649587
30
0.000000
0
VERTEX
8
TREE
10
76.993585
20
144.200413
30
0.000000
0
VERTEX
8
TREE
10
78.725413
20
142.468585
30
0.000000
0
VERTEX
8
TREE
10
81.174587
20
142.468585
30
0.000000
0
VERTEX
8
TREE
10
82.906415
20
144.200413
30
0.000000
0
SEQEND
8
TREE
999
URBANOS_PATH deco.tree-0935
0
POLYLINE
8
TREE
66
1
70
1
10
0.000000
20
0.000000
30
0.000000
0
VERTEX
8
TREE
10
111.945518
20
146.955734
30
0.000000
0
VERTEX
8
TREE
10
109.780734
20
149.120518
30
0.000000
0
VERTEX
8
TREE
10
106.719266
20
149.120518
30
0.000000
0
VERTEX
8
TREE
10
104.554482
20
146.955734
30
0.000000
0
VERTEX
8
TREE
10
104.554482
20
143.894266
30
0.000000
0
VERTEX
8
TREE
10
106.719266
20
141.729482
30
0.000000
0
VERTEX
8
TREE
10
109.780734
20
141.729482
30
0.000000
0
VERTEX
8
TREE
10
111.945518
20
143.894266
30
0.000000
0
SEQEND
8
TREE
999
URBANOS_PATH deco.tree-0936
0
POLYLINE
8
TREE
66
1
70
1
10
0.000000
20
0.000000
30
0.000000
0
VERTEX
8
TREE
10
139.506415
20
146.649587
30
0.000000
0
VERTEX
8
TREE
10
137.774587
20
148.381415
30
0.000000
0
VERTEX
8
TREE
10
135.325413
20
148.381415
30
0.000000
0
VERTEX
8
TREE
10
133.593585
20
146.649587
30
0.000000
0
VERTEX
8
TREE
10
133.593585
20
144.200413
30
0.000000
0
VERTEX
8
TREE
10
135.325413
20
142.468585
30
0.000000
0
VERTEX
8
TREE
10
137.774587
20
142.468585
30
0.000000
0
VERTEX
8
TREE
10
139.506415
20
144.200413
30
0.000000
0
SEQEND
8
TREE
999
URBANOS_PATH deco.tree-0937
0
POLYLINE
8
TREE
66
1
70
1
10
0.000000
20
0.000000
30
0.000000
0
VERTEX
8
TREE
10
168.545518
20
146.955734
30
0.000000
0
VERTEX
8
TREE
10
166.380734
20
149.120518
30
0.000000
0
VERTEX
8
TREE
10
163.319266
20
149.120518
30
0.000000
0
VERTEX
8
TREE
10
161.154482
20
146.955734
30
0.000000
0
VERTEX
8
TREE
10
161.154482
20
143.894266
30
0.000000
0
VERTEX
8
TREE
10
163.319266
20
141.729482
30
0.000000
0
VERTEX
8
TREE
10
166.380734
20
141.729482
30
0.000000
0
VERTEX
8
TREE
10
168.545518
20
143.894266
30
0.000000
0
SEQEND
8
TREE
999
URBANOS_PATH deco.tree-0938
0
POLYLINE
8
TREE
66
1
70
1
10
0.000000
20
0.000000
30
0.000000
0
VERTEX
8
TREE
10
95.195518
20
129.030734
30
0.000000
0
VERTEX
8
TREE
10
93.030734
20
131.195518
30
0.000000
0
VERTEX
8
TREE
10
89.969266
20
131.195518
30
0.000000
0
VERTEX
8
TREE
10
87.804482
20
129.030734
30
0.000000
0
VERTEX
8
TREE
10
87.804482
20
125.969266
30
0.000000
0
VERTEX
8
TREE
10
89.969266
20
123.804482
30
0.000000
0
VERTEX
8
TREE
10
93.030734
20
123.804482
30
0.000000
0
VERTEX
8
TREE
10
95.195518
20
125.969266
30
0.000000
0
SEQEND
8
TREE
999
URBANOS_PATH deco.tree-0939
0
POLYLINE
8
TREE
66
1
70
1
10
0.000000
20
0.000000
30
0.000000
0
VERTEX
8
TREE
10
155.195518
20
129.030734
30
0.000000
0
VERTEX
8
TREE
10
153.030734
20
131.195518
30
0.000000
0
VERTEX
8
TREE
10
149.969266
20
131.195518
30
0.000000
0
VERTEX
8
TREE
10
147.804482
20
129.030734
30
0.000000
0
VERTEX
8
TREE
10
147.804482
20
125.969266
30
0.000000
0
VERTEX
8
TREE
10
149.969266
20
123.804482
30
0.000000
0
VERTEX
8
TREE
10
153.030734
20
123.804482
30
0.000000
0
VERTEX
8
TREE
10
155.195518
20
125.969266
30
0.000000
0
SEQEND
8
TREE
999
URBANOS_PATH deco.tree-0940
0
POLYLINE
8
TREE
66
1
70
1
10
0.000000
20
0.000000
30
0.000000
0
VERTEX
8
TREE
10
71.195518
20
99.030734
30
0.000000
0
VERTEX
8
TREE
10
69.030734
20
101.195518
30
0.000000
0
VERTEX
8
TREE
10
65.969266
20
101.195518
30
0.000000
0
VERTEX
8
TREE
10
63.804482
20
99.030734
30
0.000000
0
VERTEX
8
TREE
10
63.804482
20
95.969266
30
0.000000
0
VERTEX
8
TREE
10
65.969266
20
93.804482
30
0.000000
0
VERTEX
8
TREE
10
69.030734
20
93.804482
30
0.000000
0
VERTEX
8
TREE
10
71.195518
20
95.969266
30
0.000000
0
SEQEND
8
TREE
999
URBANOS_PATH deco.tree-0941
0
POLYLINE
8
TREE
66
1
70
1
10
0.000000
20
0.000000
30
0.000000
0
VERTEX
8
TREE
10
131.195518
20
99.030734
30
0.000000
0
VERTEX
8
TREE
10
129.030734
20
101.195518
30
0.000000
0
VERTEX
8
TREE
10
125.969266
20
101.195518
30
0.000000
0
VERTEX
8
TREE
10
123.804482
20
99.030734
30
0.000000
0
VERTEX
8
TREE
10
123.804482
20
95.969266
30
0.000000
0
VERTEX
8
TREE
10
125.969266
20
93.804482
30
0.000000
0
VERTEX
8
TREE
10
129.030734
20
93.804482
30
0.000000
0
VERTEX
8
TREE
10
131.195518
20
95.969266
30
0.000000
0
SEQEND
8
TREE
999
URBANOS_PATH deco.tree-0942
0
POLYLINE
8
TREE
66
1
70
1
10
0.000000
20
0.000000
30
0.000000
0
VERTEX
8
TREE
10
95.195518
20
81.030734
30
0.000000
0
VERTEX
8
TREE
10
93.030734
20
83.195518
30
0.000000
0
VERTEX
8
TREE
10
89.969266
20
83.195518
30
0.000000
0
VERTEX
8
TREE
10
87.804482
20
81.030734
30
0.000000
0
VERTEX
8
TREE
10
87.804482
20
77.969266
30
0.000000
0
VERTEX
8
TREE
10
89.969266
20
75.804482
30
0.000000
0
VERTEX
8
TREE
10
93.030734
20
75.804482
30
0.000000
0
VERTEX
8
TREE
10
95.195518
20
77.969266
30
0.000000
0
SEQEND
8
TREE
999
URBANOS_PATH deco.tree-0943
0
POLYLINE
8
TREE
66
1
70
1
10
0.000000
20
0.000000
30
0.000000
0
VERTEX
8
TREE
10
155.195518
20
81.030734
30
0.000000
0
VERTEX
8
TREE
10
153.030734
20
83.195518
30
0.000000
0
VERTEX
8
TREE
10
149.969266
20
83.195518
30
0.000000
0
VERTEX
8
TREE
10
147.804482
20
81.030734
30
0.000000
0
VERTEX
8
TREE
10
147.804482
20
77.969266
30
0.000000
0
VERTEX
8
TREE
10
149.969266
20
75.804482
30
0.000000
0
VERTEX
8
TREE
10
153.030734
20
75.804482
30
0.000000
0
VERTEX
8
TREE
10
155.195518
20
77.969266
30
0.000000
0
SEQEND
8
TREE
999
URBANOS_PATH deco.tree-0944
0
POLYLINE
8
TREE
66
1
70
1
10
0.000000
20
0.000000
30
0.000000
0
VERTEX
8
TREE
10
71.195518
20
51.030734
30
0.000000
0
VERTEX
8
TREE
10
69.030734
20
53.195518
30
0.000000
0
VERTEX
8
TREE
10
65.969266
20
53.195518
30
0.000000
0
VERTEX
8
TREE
10
63.804482
20
51.030734
30
0.000000
0
VERTEX
8
TREE
10
63.804482
20
47.969266
30
0.000000
0
VERTEX
8
TREE
10
65.969266
20
45.804482
30
0.000000
0
VERTEX
8
TREE
10
69.030734
20
45.804482
30
0.000000
0
VERTEX
8
TREE
10
71.195518
20
47.969266
30
0.000000
0
SEQEND
8
TREE
999
URBANOS_PATH deco.tree-0945
0
POLYLINE
8
TREE
66
1
70
1
10
0.000000
20
0.000000
30
0.000000
0
VERTEX
8
TREE
10
131.195518
20
51.030734
30
0.000000
0
VERTEX
8
TREE
10
129.030734
20
53.195518
30
0.000000
0
VERTEX
8
TREE
10
125.969266
20
53.195518
30
0.000000
0
VERTEX
8
TREE
10
123.804482
20
51.030734
30
0.000000
0
VERTEX
8
TREE
10
123.804482
20
47.969266
30
0.000000
0
VERTEX
8
TREE
10
125.969266
20
45.804482
30
0.000000
0
VERTEX
8
TREE
10
129.030734
20
45.804482
30
0.000000
0
VERTEX
8
TREE
10
131.195518
20
47.969266
30
0.000000
0
SEQEND
8
TREE
999
URBANOS_PATH deco.tree-0946
0
POLYLINE
8
TREE
66
1
70
1
10
0.000000
20
0.000000
30
0.000000
0
VERTEX
8
TREE
10
189.249846
20
49.260344
30
0.000000
0
VERTEX
8
TREE
10
186.760344
20
51.749846
30
0.000000
0
VERTEX
8
TREE
10
183.239656
20
51.749846
30
0.000000
0
VERTEX
8
TREE
10
180.750154
20
49.260344
30
0.000000
0
VERTEX
8
TREE
10
180.750154
20
45.739656
30
0.000000
0
VERTEX
8
TREE
10
183.239656
20
43.250154
30
0.000000
0
VERTEX
8
TREE
10
186.760344
20
43.250154
30
0.000000
0
VERTEX
8
TREE
10
189.249846
20
45.739656
30
0.000000
0
SEQEND
8
TREE
999
URBANOS_PATH deco.tree-0947
0
POLYLINE
8
TREE
66
1
70
1
10
0.000000
20
0.000000
30
0.000000
0
VERTEX
8
TREE
10
194.571639
20
53.848050
30
0.000000
0
VERTEX
8
TREE
10
192.948050
20
55.471639
30
0.000000
0
VERTEX
8
TREE
10
190.651950
20
55.471639
30
0.000000
0
VERTEX
8
TREE
10
189.028361
20
53.848050
30
0.000000
0
VERTEX
8
TREE
10
189.028361
20
51.551950
30
0.000000
0
VERTEX
8
TREE
10
190.651950
20
49.928361
30
0.000000
0
VERTEX
8
TREE
10
192.948050
20
49.928361
30
0.000000
0
VERTEX
8
TREE
10
194.571639
20
51.551950
30
0.000000
0
SEQEND
8
TREE
999
URBANOS_PATH deco.tree-0948
0
POLYLINE
8
TREE
66
1
70
1
10
0.000000
20
0.000000
30
0.000000
0
VERTEX
8
TREE
10
182.141190
20
53.601124
30
0.000000
0
VERTEX
8
TREE
10
180.301124
20
55.441190
30
0.000000
0
VERTEX
8
TREE
10
177.698876
20
55.441190
30
0.000000
0
VERTEX
8
TREE
10
175.858810
20
53.601124
30
0.000000
0
VERTEX
8
TREE
10
175.858810
20
50.998876
30
0.000000
0
VERTEX
8
TREE
10
177.698876
20
49.158810
30
0.000000
0
VERTEX
8
TREE
10
180.301124
20
49.158810
30
0.000000
0
VERTEX
8
TREE
10
182.141190
20
50.998876
30
0.000000
0
SEQEND
8
TREE
999
URBANOS_PATH deco.tree-0949
0
POLYLINE
8
TREE
66
1
70
1
10
0.000000
20
0.000000
30
0.000000
0
VERTEX
8
TREE
10
189.249846
20
90.260344
30
0.000000
0
VERTEX
8
TREE
10
186.760344
20
92.749846
30
0.000000
0
VERTEX
8
TREE
10
183.239656
20
92.749846
30
0.000000
0
VERTEX
8
TREE
10
180.750154
20
90.260344
30
0.000000
0
VERTEX
8
TREE
10
180.750154
20
86.739656
30
0.000000
0
VERTEX
8
TREE
10
183.239656
20
84.250154
30
0.000000
0
VERTEX
8
TREE
10
186.760344
20
84.250154
30
0.000000
0
VERTEX
8
TREE
10
189.249846
20
86.739656
30
0.000000
0
SEQEND
8
TREE
999
URBANOS_PATH deco.tree-0950
0
POLYLINE
8
TREE
66
1
70
1
10
0.000000
20
0.000000
30
0.000000
0
VERTEX
8
TREE
10
194.571639
20
84.448050
30
0.000000
0
VERTEX
8
TREE
10
192.948050
20
86.071639
30
0.000000
0
VERTEX
8
TREE
10
190.651950
20
86.071639
30
0.000000
0
VERTEX
8
TREE
10
189.028361
20
84.448050
30
0.000000
0
VERTEX
8
TREE
10
189.028361
20
82.151950
30
0.000000
0
VERTEX
8
TREE
10
190.651950
20
80.528361
30
0.000000
0
VERTEX
8
TREE
10
192.948050
20
80.528361
30
0.000000
0
VERTEX
8
TREE
10
194.571639
20
82.151950
30
0.000000
0
SEQEND
8
TREE
999
URBANOS_PATH deco.tree-0951
0
POLYLINE
8
TREE
66
1
70
1
10
0.000000
20
0.000000
30
0.000000
0
VERTEX
8
TREE
10
182.141190
20
85.001124
30
0.000000
0
VERTEX
8
TREE
10
180.301124
20
86.841190
30
0.000000
0
VERTEX
8
TREE
10
177.698876
20
86.841190
30
0.000000
0
VERTEX
8
TREE
10
175.858810
20
85.001124
30
0.000000
0
VERTEX
8
TREE
10
175.858810
20
82.398876
30
0.000000
0
VERTEX
8
TREE
10
177.698876
20
80.558810
30
0.000000
0
VERTEX
8
TREE
10
180.301124
20
80.558810
30
0.000000
0
VERTEX
8
TREE
10
182.141190
20
82.398876
30
0.000000
0
SEQEND
8
TREE
999
URBANOS_PATH deco.tree-0952
0
POLYLINE
8
TREE
66
1
70
1
10
0.000000
20
0.000000
30
0.000000
0
VERTEX
8
TREE
10
189.249846
20
140.185344
30
0.000000
0
VERTEX
8
TREE
10
186.760344
20
142.674846
30
0.000000
0
VERTEX
8
TREE
10
183.239656
20
142.674846
30
0.000000
0
VERTEX
8
TREE
10
180.750154
20
140.185344
30
0.000000
0
VERTEX
8
TREE
10
180.750154
20
136.664656
30
0.000000
0
VERTEX
8
TREE
10
183.239656
20
134.175154
30
0.000000
0
VERTEX
8
TREE
10
186.760344
20
134.175154
30
0.000000
0
VERTEX
8
TREE
10
189.249846
20
136.664656
30
0.000000
0
SEQEND
8
TREE
999
URBANOS_PATH deco.tree-0953
0
POLYLINE
8
TREE
66
1
70
1
10
0.000000
20
0.000000
30
0.000000
0
VERTEX
8
TREE
10
194.571639
20
144.773050
30
0.000000
0
VERTEX
8
TREE
10
192.948050
20
146.396639
30
0.000000
0
VERTEX
8
TREE
10
190.651950
20
146.396639
30
0.000000
0
VERTEX
8
TREE
10
189.028361
20
144.773050
30
0.000000
0
VERTEX
8
TREE
10
189.028361
20
142.476950
30
0.000000
0
VERTEX
8
TREE
10
190.651950
20
140.853361
30
0.000000
0
VERTEX
8
TREE
10
192.948050
20
140.853361
30
0.000000
0
VERTEX
8
TREE
10
194.571639
20
142.476950
30
0.000000
0
SEQEND
8
TREE
999
URBANOS_PATH deco.tree-0954
0
POLYLINE
8
TREE
66
1
70
1
10
0.000000
20
0.000000
30
0.000000
0
VERTEX
8
TREE
10
182.141190
20
144.526124
30
0.000000
0
VERTEX
8
TREE
10
180.301124
20
146.366190
30
0.000000
0
VERTEX
8
TREE
10
177.698876
20
146.366190
30
0.000000
0
VERTEX
8
TREE
10
175.858810
20
144.526124
30
0.000000
0
VERTEX
8
TREE
10
175.858810
20
141.923876
30
0.000000
0
VERTEX
8
TREE
10
177.698876
20
140.083810
30
0.000000
0
VERTEX
8
TREE
10
180.301124
20
140.083810
30
0.000000
0
VERTEX
8
TREE
10
182.141190
20
141.923876
30
0.000000
0
SEQEND
8
TREE
999
URBANOS_PATH deco.tree-0955
0
POLYLINE
8
TREE
66
1
70
1
10
0.000000
20
0.000000
30
0.000000
0
VERTEX
8
TREE
10
418.445518
20
58.005734
30
0.000000
0
VERTEX
8
TREE
10
416.280734
20
60.170518
30
0.000000
0
VERTEX
8
TREE
10
413.219266
20
60.170518
30
0.000000
0
VERTEX
8
TREE
10
411.054482
20
58.005734
30
0.000000
0
VERTEX
8
TREE
10
411.054482
20
54.944266
30
0.000000
0
VERTEX
8
TREE
10
413.219266
20
52.779482
30
0.000000
0
VERTEX
8
TREE
10
416.280734
20
52.779482
30
0.000000
0
VERTEX
8
TREE
10
418.445518
20
54.944266
30
0.000000
0
SEQEND
8
TREE
999
URBANOS_PATH deco.tree-0956
0
POLYLINE
8
TREE
66
1
70
1
10
0.000000
20
0.000000
30
0.000000
0
VERTEX
8
TREE
10
417.706415
20
89.649587
30
0.000000
0
VERTEX
8
TREE
10
415.974587
20
91.381415
30
0.000000
0
VERTEX
8
TREE
10
413.525413
20
91.381415
30
0.000000
0
VERTEX
8
TREE
10
411.793585
20
89.649587
30
0.000000
0
VERTEX
8
TREE
10
411.793585
20
87.200413
30
0.000000
0
VERTEX
8
TREE
10
413.525413
20
85.468585
30
0.000000
0
VERTEX
8
TREE
10
415.974587
20
85.468585
30
0.000000
0
VERTEX
8
TREE
10
417.706415
20
87.200413
30
0.000000
0
SEQEND
8
TREE
999
URBANOS_PATH deco.tree-0957
0
POLYLINE
8
TREE
66
1
70
1
10
0.000000
20
0.000000
30
0.000000
0
VERTEX
8
TREE
10
418.445518
20
121.905734
30
0.000000
0
VERTEX
8
TREE
10
416.280734
20
124.070518
30
0.000000
0
VERTEX
8
TREE
10
413.219266
20
124.070518
30
0.000000
0
VERTEX
8
TREE
10
411.054482
20
121.905734
30
0.000000
0
VERTEX
8
TREE
10
411.054482
20
118.844266
30
0.000000
0
VERTEX
8
TREE
10
413.219266
20
116.679482
30
0.000000
0
VERTEX
8
TREE
10
416.280734
20
116.679482
30
0.000000
0
VERTEX
8
TREE
10
418.445518
20
118.844266
30
0.000000
0
SEQEND
8
TREE
999
URBANOS_PATH deco.tree-0958
0
POLYLINE
8
TREE
66
1
70
1
10
0.000000
20
0.000000
30
0.000000
0
VERTEX
8
TREE
10
275.695518
20
96.030734
30
0.000000
0
VERTEX
8
TREE
10
273.530734
20
98.195518
30
0.000000
0
VERTEX
8
TREE
10
270.469266
20
98.195518
30
0.000000
0
VERTEX
8
TREE
10
268.304482
20
96.030734
30
0.000000
0
VERTEX
8
TREE
10
268.304482
20
92.969266
30
0.000000
0
VERTEX
8
TREE
10
270.469266
20
90.804482
30
0.000000
0
VERTEX
8
TREE
10
273.530734
20
90.804482
30
0.000000
0
VERTEX
8
TREE
10
275.695518
20
92.969266
30
0.000000
0
SEQEND
8
TREE
999
URBANOS_PATH deco.tree-0959
0
POLYLINE
8
TREE
66
1
70
1
10
0.000000
20
0.000000
30
0.000000
0
VERTEX
8
TREE
10
305.695518
20
72.030734
30
0.000000
0
VERTEX
8
TREE
10
303.530734
20
74.195518
30
0.000000
0
VERTEX
8
TREE
10
300.469266
20
74.195518
30
0.000000
0
VERTEX
8
TREE
10
298.304482
20
72.030734
30
0.000000
0
VERTEX
8
TREE
10
298.304482
20
68.969266
30
0.000000
0
VERTEX
8
TREE
10
300.469266
20
66.804482
30
0.000000
0
VERTEX
8
TREE
10
303.530734
20
66.804482
30
0.000000
0
VERTEX
8
TREE
10
305.695518
20
68.969266
30
0.000000
0
SEQEND
8
TREE
999
URBANOS_PATH deco.tree-0960
0
POLYLINE
8
TREE
66
1
70
1
10
0.000000
20
0.000000
30
0.000000
0
VERTEX
8
TREE
10
323.695518
20
96.030734
30
0.000000
0
VERTEX
8
TREE
10
321.530734
20
98.195518
30
0.000000
0
VERTEX
8
TREE
10
318.469266
20
98.195518
30
0.000000
0
VERTEX
8
TREE
10
316.304482
20
96.030734
30
0.000000
0
VERTEX
8
TREE
10
316.304482
20
92.969266
30
0.000000
0
VERTEX
8
TREE
10
318.469266
20
90.804482
30
0.000000
0
VERTEX
8
TREE
10
321.530734
20
90.804482
30
0.000000
0
VERTEX
8
TREE
10
323.695518
20
92.969266
30
0.000000
0
SEQEND
8
TREE
999
URBANOS_PATH deco.tree-0961
0
POLYLINE
8
TREE
66
1
70
1
10
0.000000
20
0.000000
30
0.000000
0
VERTEX
8
TREE
10
353.695518
20
72.030734
30
0.000000
0
VERTEX
8
TREE
10
351.530734
20
74.195518
30
0.000000
0
VERTEX
8
TREE
10
348.469266
20
74.195518
30
0.000000
0
VERTEX
8
TREE
10
346.304482
20
72.030734
30
0.000000
0
VERTEX
8
TREE
10
346.304482
20
68.969266
30
0.000000
0
VERTEX
8
TREE
10
348.469266
20
66.804482
30
0.000000
0
VERTEX
8
TREE
10
351.530734
20
66.804482
30
0.000000
0
VERTEX
8
TREE
10
353.695518
20
68.969266
30
0.000000
0
SEQEND
8
TREE
999
URBANOS_PATH deco.tree-0962
0
POLYLINE
8
TREE
66
1
70
1
10
0.000000
20
0.000000
30
0.000000
0
VERTEX
8
TREE
10
371.695518
20
96.030734
30
0.000000
0
VERTEX
8
TREE
10
369.530734
20
98.195518
30
0.000000
0
VERTEX
8
TREE
10
366.469266
20
98.195518
30
0.000000
0
VERTEX
8
TREE
10
364.304482
20
96.030734
30
0.000000
0
VERTEX
8
TREE
10
364.304482
20
92.969266
30
0.000000
0
VERTEX
8
TREE
10
366.469266
20
90.804482
30
0.000000
0
VERTEX
8
TREE
10
369.530734
20
90.804482
30
0.000000
0
VERTEX
8
TREE
10
371.695518
20
92.969266
30
0.000000
0
SEQEND
8
TREE
999
URBANOS_PATH deco.tree-0963
0
POLYLINE
8
TREE
66
1
70
1
10
0.000000
20
0.000000
30
0.000000
0
VERTEX
8
TREE
10
401.695518
20
72.030734
30
0.000000
0
VERTEX
8
TREE
10
399.530734
20
74.195518
30
0.000000
0
VERTEX
8
TREE
10
396.469266
20
74.195518
30
0.000000
0
VERTEX
8
TREE
10
394.304482
20
72.030734
30
0.000000
0
VERTEX
8
TREE
10
394.304482
20
68.969266
30
0.000000
0
VERTEX
8
TREE
10
396.469266
20
66.804482
30
0.000000
0
VERTEX
8
TREE
10
399.530734
20
66.804482
30
0.000000
0
VERTEX
8
TREE
10
401.695518
20
68.969266
30
0.000000
0
SEQEND
8
TREE
999
URBANOS_PATH deco.tree-0964
0
POLYLINE
8
TREE
66
1
70
1
10
0.000000
20
0.000000
30
0.000000
0
VERTEX
8
TREE
10
274.249846
20
144.110344
30
0.000000
0
VERTEX
8
TREE
10
271.760344
20
146.599846
30
0.000000
0
VERTEX
8
TREE
10
268.239656
20
146.599846
30
0.000000
0
VERTEX
8
TREE
10
265.750154
20
144.110344
30
0.000000
0
VERTEX
8
TREE
10
265.750154
20
140.589656
30
0.000000
0
VERTEX
8
TREE
10
268.239656
20
138.100154
30
0.000000
0
VERTEX
8
TREE
10
271.760344
20
138.100154
30
0.000000
0
VERTEX
8
TREE
10
274.249846
20
140.589656
30
0.000000
0
SEQEND
8
TREE
999
URBANOS_PATH deco.tree-0965
0
POLYLINE
8
TREE
66
1
70
1
10
0.000000
20
0.000000
30
0.000000
0
VERTEX
8
TREE
10
279.571639
20
138.298050
30
0.000000
0
VERTEX
8
TREE
10
277.948050
20
139.921639
30
0.000000
0
VERTEX
8
TREE
10
275.651950
20
139.921639
30
0.000000
0
VERTEX
8
TREE
10
274.028361
20
138.298050
30
0.000000
0
VERTEX
8
TREE
10
274.028361
20
136.001950
30
0.000000
0
VERTEX
8
TREE
10
275.651950
20
134.378361
30
0.000000
0
VERTEX
8
TREE
10
277.948050
20
134.378361
30
0.000000
0
VERTEX
8
TREE
10
279.571639
20
136.001950
30
0.000000
0
SEQEND
8
TREE
999
URBANOS_PATH deco.tree-0966
0
POLYLINE
8
TREE
66
1
70
1
10
0.000000
20
0.000000
30
0.000000
0
VERTEX
8
TREE
10
267.141190
20
148.451124
30
0.000000
0
VERTEX
8
TREE
10
265.301124
20
150.291190
30
0.000000
0
VERTEX
8
TREE
10
262.698876
20
150.291190
30
0.000000
0
VERTEX
8
TREE
10
260.858810
20
148.451124
30
0.000000
0
VERTEX
8
TREE
10
260.858810
20
145.848876
30
0.000000
0
VERTEX
8
TREE
10
262.698876
20
144.008810
30
0.000000
0
VERTEX
8
TREE
10
265.301124
20
144.008810
30
0.000000
0
VERTEX
8
TREE
10
267.141190
20
145.848876
30
0.000000
0
SEQEND
8
TREE
999
URBANOS_PATH deco.tree-0967
0
POLYLINE
8
TREE
66
1
70
1
10
0.000000
20
0.000000
30
0.000000
0
VERTEX
8
TREE
10
315.249846
20
144.110344
30
0.000000
0
VERTEX
8
TREE
10
312.760344
20
146.599846
30
0.000000
0
VERTEX
8
TREE
10
309.239656
20
146.599846
30
0.000000
0
VERTEX
8
TREE
10
306.750154
20
144.110344
30
0.000000
0
VERTEX
8
TREE
10
306.750154
20
140.589656
30
0.000000
0
VERTEX
8
TREE
10
309.239656
20
138.100154
30
0.000000
0
VERTEX
8
TREE
10
312.760344
20
138.100154
30
0.000000
0
VERTEX
8
TREE
10
315.249846
20
140.589656
30
0.000000
0
SEQEND
8
TREE
999
URBANOS_PATH deco.tree-0968
0
POLYLINE
8
TREE
66
1
70
1
10
0.000000
20
0.000000
30
0.000000
0
VERTEX
8
TREE
10
320.571639
20
148.698050
30
0.000000
0
VERTEX
8
TREE
10
318.948050
20
150.321639
30
0.000000
0
VERTEX
8
TREE
10
316.651950
20
150.321639
30
0.000000
0
VERTEX
8
TREE
10
315.028361
20
148.698050
30
0.000000
0
VERTEX
8
TREE
10
315.028361
20
146.401950
30
0.000000
0
VERTEX
8
TREE
10
316.651950
20
144.778361
30
0.000000
0
VERTEX
8
TREE
10
318.948050
20
144.778361
30
0.000000
0
VERTEX
8
TREE
10
320.571639
20
146.401950
30
0.000000
0
SEQEND
8
TREE
999
URBANOS_PATH deco.tree-0969
0
POLYLINE
8
TREE
66
1
70
1
10
0.000000
20
0.000000
30
0.000000
0
VERTEX
8
TREE
10
308.141190
20
148.451124
30
0.000000
0
VERTEX
8
TREE
10
306.301124
20
150.291190
30
0.000000
0
VERTEX
8
TREE
10
303.698876
20
150.291190
30
0.000000
0
VERTEX
8
TREE
10
301.858810
20
148.451124
30
0.000000
0
VERTEX
8
TREE
10
301.858810
20
145.848876
30
0.000000
0
VERTEX
8
TREE
10
303.698876
20
144.008810
30
0.000000
0
VERTEX
8
TREE
10
306.301124
20
144.008810
30
0.000000
0
VERTEX
8
TREE
10
308.141190
20
145.848876
30
0.000000
0
SEQEND
8
TREE
999
URBANOS_PATH deco.tree-0970
0
POLYLINE
8
TREE
66
1
70
1
10
0.000000
20
0.000000
30
0.000000
0
VERTEX
8
TREE
10
363.249846
20
144.110344
30
0.000000
0
VERTEX
8
TREE
10
360.760344
20
146.599846
30
0.000000
0
VERTEX
8
TREE
10
357.239656
20
146.599846
30
0.000000
0
VERTEX
8
TREE
10
354.750154
20
144.110344
30
0.000000
0
VERTEX
8
TREE
10
354.750154
20
140.589656
30
0.000000
0
VERTEX
8
TREE
10
357.239656
20
138.100154
30
0.000000
0
VERTEX
8
TREE
10
360.760344
20
138.100154
30
0.000000
0
VERTEX
8
TREE
10
363.249846
20
140.589656
30
0.000000
0
SEQEND
8
TREE
999
URBANOS_PATH deco.tree-0971
0
POLYLINE
8
TREE
66
1
70
1
10
0.000000
20
0.000000
30
0.000000
0
VERTEX
8
TREE
10
368.571639
20
138.298050
30
0.000000
0
VERTEX
8
TREE
10
366.948050
20
139.921639
30
0.000000
0
VERTEX
8
TREE
10
364.651950
20
139.921639
30
0.000000
0
VERTEX
8
TREE
10
363.028361
20
138.298050
30
0.000000
0
VERTEX
8
TREE
10
363.028361
20
136.001950
30
0.000000
0
VERTEX
8
TREE
10
364.651950
20
134.378361
30
0.000000
0
VERTEX
8
TREE
10
366.948050
20
134.378361
30
0.000000
0
VERTEX
8
TREE
10
368.571639
20
136.001950
30
0.000000
0
SEQEND
8
TREE
999
URBANOS_PATH deco.tree-0972
0
POLYLINE
8
TREE
66
1
70
1
10
0.000000
20
0.000000
30
0.000000
0
VERTEX
8
TREE
10
356.141190
20
138.851124
30
0.000000
0
VERTEX
8
TREE
10
354.301124
20
140.691190
30
0.000000
0
VERTEX
8
TREE
10
351.698876
20
140.691190
30
0.000000
0
VERTEX
8
TREE
10
349.858810
20
138.851124
30
0.000000
0
VERTEX
8
TREE
10
349.858810
20
136.248876
30
0.000000
0
VERTEX
8
TREE
10
351.698876
20
134.408810
30
0.000000
0
VERTEX
8
TREE
10
354.301124
20
134.408810
30
0.000000
0
VERTEX
8
TREE
10
356.141190
20
136.248876
30
0.000000
0
SEQEND
8
TREE
999
URBANOS_PATH deco.tree-0973
0
POLYLINE
8
TREE
66
1
70
1
10
0.000000
20
0.000000
30
0.000000
0
VERTEX
8
TREE
10
411.999846
20
144.110344
30
0.000000
0
VERTEX
8
TREE
10
409.510344
20
146.599846
30
0.000000
0
VERTEX
8
TREE
10
405.989656
20
146.599846
30
0.000000
0
VERTEX
8
TREE
10
403.500154
20
144.110344
30
0.000000
0
VERTEX
8
TREE
10
403.500154
20
140.589656
30
0.000000
0
VERTEX
8
TREE
10
405.989656
20
138.100154
30
0.000000
0
VERTEX
8
TREE
10
409.510344
20
138.100154
30
0.000000
0
VERTEX
8
TREE
10
411.999846
20
140.589656
30
0.000000
0
SEQEND
8
TREE
999
URBANOS_PATH deco.tree-0974
0
POLYLINE
8
TREE
66
1
70
1
10
0.000000
20
0.000000
30
0.000000
0
VERTEX
8
TREE
10
417.321639
20
148.698050
30
0.000000
0
VERTEX
8
TREE
10
415.698050
20
150.321639
30
0.000000
0
VERTEX
8
TREE
10
413.401950
20
150.321639
30
0.000000
0
VERTEX
8
TREE
10
411.778361
20
148.698050
30
0.000000
0
VERTEX
8
TREE
10
411.778361
20
146.401950
30
0.000000
0
VERTEX
8
TREE
10
413.401950
20
144.778361
30
0.000000
0
VERTEX
8
TREE
10
415.698050
20
144.778361
30
0.000000
0
VERTEX
8
TREE
10
417.321639
20
146.401950
30
0.000000
0
SEQEND
8
TREE
999
URBANOS_PATH deco.tree-0975
0
POLYLINE
8
TREE
66
1
70
1
10
0.000000
20
0.000000
30
0.000000
0
VERTEX
8
TREE
10
404.891190
20
148.451124
30
0.000000
0
VERTEX
8
TREE
10
403.051124
20
150.291190
30
0.000000
0
VERTEX
8
TREE
10
400.448876
20
150.291190
30
0.000000
0
VERTEX
8
TREE
10
398.608810
20
148.451124
30
0.000000
0
VERTEX
8
TREE
10
398.608810
20
145.848876
30
0.000000
0
VERTEX
8
TREE
10
400.448876
20
144.008810
30
0.000000
0
VERTEX
8
TREE
10
403.051124
20
144.008810
30
0.000000
0
VERTEX
8
TREE
10
404.891190
20
145.848876
30
0.000000
0
SEQEND
8
TREE
999
URBANOS_PATH deco.tree-0976
0
POLYLINE
8
TREE
66
1
70
1
10
0.000000
20
0.000000
30
0.000000
0
VERTEX
8
TREE
10
192.945518
20
306.155734
30
0.000000
0
VERTEX
8
TREE
10
190.780734
20
308.320518
30
0.000000
0
VERTEX
8
TREE
10
187.719266
20
308.320518
30
0.000000
0
VERTEX
8
TREE
10
185.554482
20
306.155734
30
0.000000
0
VERTEX
8
TREE
10
185.554482
20
303.094266
30
0.000000
0
VERTEX
8
TREE
10
187.719266
20
300.929482
30
0.000000
0
VERTEX
8
TREE
10
190.780734
20
300.929482
30
0.000000
0
VERTEX
8
TREE
10
192.945518
20
303.094266
30
0.000000
0
SEQEND
8
TREE
999
URBANOS_PATH deco.tree-0977
0
POLYLINE
8
TREE
66
1
70
1
10
0.000000
20
0.000000
30
0.000000
0
VERTEX
8
TREE
10
192.206415
20
337.799587
30
0.000000
0
VERTEX
8
TREE
10
190.474587
20
339.531415
30
0.000000
0
VERTEX
8
TREE
10
188.025413
20
339.531415
30
0.000000
0
VERTEX
8
TREE
10
186.293585
20
337.799587
30
0.000000
0
VERTEX
8
TREE
10
186.293585
20
335.350413
30
0.000000
0
VERTEX
8
TREE
10
188.025413
20
333.618585
30
0.000000
0
VERTEX
8
TREE
10
190.474587
20
333.618585
30
0.000000
0
VERTEX
8
TREE
10
192.206415
20
335.350413
30
0.000000
0
SEQEND
8
TREE
999
URBANOS_PATH deco.tree-0978
0
POLYLINE
8
TREE
66
1
70
1
10
0.000000
20
0.000000
30
0.000000
0
VERTEX
8
TREE
10
192.945518
20
370.055734
30
0.000000
0
VERTEX
8
TREE
10
190.780734
20
372.220518
30
0.000000
0
VERTEX
8
TREE
10
187.719266
20
372.220518
30
0.000000
0
VERTEX
8
TREE
10
185.554482
20
370.055734
30
0.000000
0
VERTEX
8
TREE
10
185.554482
20
366.994266
30
0.000000
0
VERTEX
8
TREE
10
187.719266
20
364.829482
30
0.000000
0
VERTEX
8
TREE
10
190.780734
20
364.829482
30
0.000000
0
VERTEX
8
TREE
10
192.945518
20
366.994266
30
0.000000
0
SEQEND
8
TREE
999
URBANOS_PATH deco.tree-0979
0
POLYLINE
8
TREE
66
1
70
1
10
0.000000
20
0.000000
30
0.000000
0
VERTEX
8
TREE
10
176.195518
20
344.180734
30
0.000000
0
VERTEX
8
TREE
10
174.030734
20
346.345518
30
0.000000
0
VERTEX
8
TREE
10
170.969266
20
346.345518
30
0.000000
0
VERTEX
8
TREE
10
168.804482
20
344.180734
30
0.000000
0
VERTEX
8
TREE
10
168.804482
20
341.119266
30
0.000000
0
VERTEX
8
TREE
10
170.969266
20
338.954482
30
0.000000
0
VERTEX
8
TREE
10
174.030734
20
338.954482
30
0.000000
0
VERTEX
8
TREE
10
176.195518
20
341.119266
30
0.000000
0
SEQEND
8
TREE
999
URBANOS_PATH deco.tree-0980
0
POLYLINE
8
TREE
66
1
70
1
10
0.000000
20
0.000000
30
0.000000
0
VERTEX
8
TREE
10
146.195518
20
320.180734
30
0.000000
0
VERTEX
8
TREE
10
144.030734
20
322.345518
30
0.000000
0
VERTEX
8
TREE
10
140.969266
20
322.345518
30
0.000000
0
VERTEX
8
TREE
10
138.804482
20
320.180734
30
0.000000
0
VERTEX
8
TREE
10
138.804482
20
317.119266
30
0.000000
0
VERTEX
8
TREE
10
140.969266
20
314.954482
30
0.000000
0
VERTEX
8
TREE
10
144.030734
20
314.954482
30
0.000000
0
VERTEX
8
TREE
10
146.195518
20
317.119266
30
0.000000
0
SEQEND
8
TREE
999
URBANOS_PATH deco.tree-0981
0
POLYLINE
8
TREE
66
1
70
1
10
0.000000
20
0.000000
30
0.000000
0
VERTEX
8
TREE
10
128.195518
20
344.180734
30
0.000000
0
VERTEX
8
TREE
10
126.030734
20
346.345518
30
0.000000
0
VERTEX
8
TREE
10
122.969266
20
346.345518
30
0.000000
0
VERTEX
8
TREE
10
120.804482
20
344.180734
30
0.000000
0
VERTEX
8
TREE
10
120.804482
20
341.119266
30
0.000000
0
VERTEX
8
TREE
10
122.969266
20
338.954482
30
0.000000
0
VERTEX
8
TREE
10
126.030734
20
338.954482
30
0.000000
0
VERTEX
8
TREE
10
128.195518
20
341.119266
30
0.000000
0
SEQEND
8
TREE
999
URBANOS_PATH deco.tree-0982
0
POLYLINE
8
TREE
66
1
70
1
10
0.000000
20
0.000000
30
0.000000
0
VERTEX
8
TREE
10
98.195518
20
320.180734
30
0.000000
0
VERTEX
8
TREE
10
96.030734
20
322.345518
30
0.000000
0
VERTEX
8
TREE
10
92.969266
20
322.345518
30
0.000000
0
VERTEX
8
TREE
10
90.804482
20
320.180734
30
0.000000
0
VERTEX
8
TREE
10
90.804482
20
317.119266
30
0.000000
0
VERTEX
8
TREE
10
92.969266
20
314.954482
30
0.000000
0
VERTEX
8
TREE
10
96.030734
20
314.954482
30
0.000000
0
VERTEX
8
TREE
10
98.195518
20
317.119266
30
0.000000
0
SEQEND
8
TREE
999
URBANOS_PATH deco.tree-0983
0
POLYLINE
8
TREE
66
1
70
1
10
0.000000
20
0.000000
30
0.000000
0
VERTEX
8
TREE
10
80.195518
20
344.180734
30
0.000000
0
VERTEX
8
TREE
10
78.030734
20
346.345518
30
0.000000
0
VERTEX
8
TREE
10
74.969266
20
346.345518
30
0.000000
0
VERTEX
8
TREE
10
72.804482
20
344.180734
30
0.000000
0
VERTEX
8
TREE
10
72.804482
20
341.119266
30
0.000000
0
VERTEX
8
TREE
10
74.969266
20
338.954482
30
0.000000
0
VERTEX
8
TREE
10
78.030734
20
338.954482
30
0.000000
0
VERTEX
8
TREE
10
80.195518
20
341.119266
30
0.000000
0
SEQEND
8
TREE
999
URBANOS_PATH deco.tree-0984
0
POLYLINE
8
TREE
66
1
70
1
10
0.000000
20
0.000000
30
0.000000
0
VERTEX
8
TREE
10
50.195518
20
320.180734
30
0.000000
0
VERTEX
8
TREE
10
48.030734
20
322.345518
30
0.000000
0
VERTEX
8
TREE
10
44.969266
20
322.345518
30
0.000000
0
VERTEX
8
TREE
10
42.804482
20
320.180734
30
0.000000
0
VERTEX
8
TREE
10
42.804482
20
317.119266
30
0.000000
0
VERTEX
8
TREE
10
44.969266
20
314.954482
30
0.000000
0
VERTEX
8
TREE
10
48.030734
20
314.954482
30
0.000000
0
VERTEX
8
TREE
10
50.195518
20
317.119266
30
0.000000
0
SEQEND
8
TREE
999
URBANOS_PATH deco.tree-0985
0
POLYLINE
8
TREE
66
1
70
1
10
0.000000
20
0.000000
30
0.000000
0
VERTEX
8
TREE
10
48.749846
20
392.260344
30
0.000000
0
VERTEX
8
TREE
10
46.260344
20
394.749846
30
0.000000
0
VERTEX
8
TREE
10
42.739656
20
394.749846
30
0.000000
0
VERTEX
8
TREE
10
40.250154
20
392.260344
30
0.000000
0
VERTEX
8
TREE
10
40.250154
20
388.739656
30
0.000000
0
VERTEX
8
TREE
10
42.739656
20
386.250154
30
0.000000
0
VERTEX
8
TREE
10
46.260344
20
386.250154
30
0.000000
0
VERTEX
8
TREE
10
48.749846
20
388.739656
30
0.000000
0
SEQEND
8
TREE
999
URBANOS_PATH deco.tree-0986
0
POLYLINE
8
TREE
66
1
70
1
10
0.000000
20
0.000000
30
0.000000
0
VERTEX
8
TREE
10
54.071639
20
386.448050
30
0.000000
0
VERTEX
8
TREE
10
52.448050
20
388.071639
30
0.000000
0
VERTEX
8
TREE
10
50.151950
20
388.071639
30
0.000000
0
VERTEX
8
TREE
10
48.528361
20
386.448050
30
0.000000
0
VERTEX
8
TREE
10
48.528361
20
384.151950
30
0.000000
0
VERTEX
8
TREE
10
50.151950
20
382.528361
30
0.000000
0
VERTEX
8
TREE
10
52.448050
20
382.528361
30
0.000000
0
VERTEX
8
TREE
10
54.071639
20
384.151950
30
0.000000
0
SEQEND
8
TREE
999
URBANOS_PATH deco.tree-0987
0
POLYLINE
8
TREE
66
1
70
1
10
0.000000
20
0.000000
30
0.000000
0
VERTEX
8
TREE
10
41.641190
20
396.601124
30
0.000000
0
VERTEX
8
TREE
10
39.801124
20
398.441190
30
0.000000
0
VERTEX
8
TREE
10
37.198876
20
398.441190
30
0.000000
0
VERTEX
8
TREE
10
35.358810
20
396.601124
30
0.000000
0
VERTEX
8
TREE
10
35.358810
20
393.998876
30
0.000000
0
VERTEX
8
TREE
10
37.198876
20
392.158810
30
0.000000
0
VERTEX
8
TREE
10
39.801124
20
392.158810
30
0.000000
0
VERTEX
8
TREE
10
41.641190
20
393.998876
30
0.000000
0
SEQEND
8
TREE
999
URBANOS_PATH deco.tree-0988
0
POLYLINE
8
TREE
66
1
70
1
10
0.000000
20
0.000000
30
0.000000
0
VERTEX
8
TREE
10
89.749846
20
392.260344
30
0.000000
0
VERTEX
8
TREE
10
87.260344
20
394.749846
30
0.000000
0
VERTEX
8
TREE
10
83.739656
20
394.749846
30
0.000000
0
VERTEX
8
TREE
10
81.250154
20
392.260344
30
0.000000
0
VERTEX
8
TREE
10
81.250154
20
388.739656
30
0.000000
0
VERTEX
8
TREE
10
83.739656
20
386.250154
30
0.000000
0
VERTEX
8
TREE
10
87.260344
20
386.250154
30
0.000000
0
VERTEX
8
TREE
10
89.749846
20
388.739656
30
0.000000
0
SEQEND
8
TREE
999
URBANOS_PATH deco.tree-0989
0
POLYLINE
8
TREE
66
1
70
1
10
0.000000
20
0.000000
30
0.000000
0
VERTEX
8
TREE
10
95.071639
20
396.848050
30
0.000000
0
VERTEX
8
TREE
10
93.448050
20
398.471639
30
0.000000
0
VERTEX
8
TREE
10
91.151950
20
398.471639
30
0.000000
0
VERTEX
8
TREE
10
89.528361
20
396.848050
30
0.000000
0
VERTEX
8
TREE
10
89.528361
20
394.551950
30
0.000000
0
VERTEX
8
TREE
10
91.151950
20
392.928361
30
0.000000
0
VERTEX
8
TREE
10
93.448050
20
392.928361
30
0.000000
0
VERTEX
8
TREE
10
95.071639
20
394.551950
30
0.000000
0
SEQEND
8
TREE
999
URBANOS_PATH deco.tree-0990
0
POLYLINE
8
TREE
66
1
70
1
10
0.000000
20
0.000000
30
0.000000
0
VERTEX
8
TREE
10
82.641190
20
396.601124
30
0.000000
0
VERTEX
8
TREE
10
80.801124
20
398.441190
30
0.000000
0
VERTEX
8
TREE
10
78.198876
20
398.441190
30
0.000000
0
VERTEX
8
TREE
10
76.358810
20
396.601124
30
0.000000
0
VERTEX
8
TREE
10
76.358810
20
393.998876
30
0.000000
0
VERTEX
8
TREE
10
78.198876
20
392.158810
30
0.000000
0
VERTEX
8
TREE
10
80.801124
20
392.158810
30
0.000000
0
VERTEX
8
TREE
10
82.641190
20
393.998876
30
0.000000
0
SEQEND
8
TREE
999
URBANOS_PATH deco.tree-0991
0
POLYLINE
8
TREE
66
1
70
1
10
0.000000
20
0.000000
30
0.000000
0
VERTEX
8
TREE
10
137.749846
20
392.260344
30
0.000000
0
VERTEX
8
TREE
10
135.260344
20
394.749846
30
0.000000
0
VERTEX
8
TREE
10
131.739656
20
394.749846
30
0.000000
0
VERTEX
8
TREE
10
129.250154
20
392.260344
30
0.000000
0
VERTEX
8
TREE
10
129.250154
20
388.739656
30
0.000000
0
VERTEX
8
TREE
10
131.739656
20
386.250154
30
0.000000
0
VERTEX
8
TREE
10
135.260344
20
386.250154
30
0.000000
0
VERTEX
8
TREE
10
137.749846
20
388.739656
30
0.000000
0
SEQEND
8
TREE
999
URBANOS_PATH deco.tree-0992
0
POLYLINE
8
TREE
66
1
70
1
10
0.000000
20
0.000000
30
0.000000
0
VERTEX
8
TREE
10
143.071639
20
386.448050
30
0.000000
0
VERTEX
8
TREE
10
141.448050
20
388.071639
30
0.000000
0
VERTEX
8
TREE
10
139.151950
20
388.071639
30
0.000000
0
VERTEX
8
TREE
10
137.528361
20
386.448050
30
0.000000
0
VERTEX
8
TREE
10
137.528361
20
384.151950
30
0.000000
0
VERTEX
8
TREE
10
139.151950
20
382.528361
30
0.000000
0
VERTEX
8
TREE
10
141.448050
20
382.528361
30
0.000000
0
VERTEX
8
TREE
10
143.071639
20
384.151950
30
0.000000
0
SEQEND
8
TREE
999
URBANOS_PATH deco.tree-0993
0
POLYLINE
8
TREE
66
1
70
1
10
0.000000
20
0.000000
30
0.000000
0
VERTEX
8
TREE
10
130.641190
20
387.001124
30
0.000000
0
VERTEX
8
TREE
10
128.801124
20
388.841190
30
0.000000
0
VERTEX
8
TREE
10
126.198876
20
388.841190
30
0.000000
0
VERTEX
8
TREE
10
124.358810
20
387.001124
30
0.000000
0
VERTEX
8
TREE
10
124.358810
20
384.398876
30
0.000000
0
VERTEX
8
TREE
10
126.198876
20
382.558810
30
0.000000
0
VERTEX
8
TREE
10
128.801124
20
382.558810
30
0.000000
0
VERTEX
8
TREE
10
130.641190
20
384.398876
30
0.000000
0
SEQEND
8
TREE
999
URBANOS_PATH deco.tree-0994
0
POLYLINE
8
TREE
66
1
70
1
10
0.000000
20
0.000000
30
0.000000
0
VERTEX
8
TREE
10
186.499846
20
392.260344
30
0.000000
0
VERTEX
8
TREE
10
184.010344
20
394.749846
30
0.000000
0
VERTEX
8
TREE
10
180.489656
20
394.749846
30
0.000000
0
VERTEX
8
TREE
10
178.000154
20
392.260344
30
0.000000
0
VERTEX
8
TREE
10
178.000154
20
388.739656
30
0.000000
0
VERTEX
8
TREE
10
180.489656
20
386.250154
30
0.000000
0
VERTEX
8
TREE
10
184.010344
20
386.250154
30
0.000000
0
VERTEX
8
TREE
10
186.499846
20
388.739656
30
0.000000
0
SEQEND
8
TREE
999
URBANOS_PATH deco.tree-0995
0
POLYLINE
8
TREE
66
1
70
1
10
0.000000
20
0.000000
30
0.000000
0
VERTEX
8
TREE
10
191.821639
20
396.848050
30
0.000000
0
VERTEX
8
TREE
10
190.198050
20
398.471639
30
0.000000
0
VERTEX
8
TREE
10
187.901950
20
398.471639
30
0.000000
0
VERTEX
8
TREE
10
186.278361
20
396.848050
30
0.000000
0
VERTEX
8
TREE
10
186.278361
20
394.551950
30
0.000000
0
VERTEX
8
TREE
10
187.901950
20
392.928361
30
0.000000
0
VERTEX
8
TREE
10
190.198050
20
392.928361
30
0.000000
0
VERTEX
8
TREE
10
191.821639
20
394.551950
30
0.000000
0
SEQEND
8
TREE
999
URBANOS_PATH deco.tree-0996
0
POLYLINE
8
TREE
66
1
70
1
10
0.000000
20
0.000000
30
0.000000
0
VERTEX
8
TREE
10
179.391190
20
396.601124
30
0.000000
0
VERTEX
8
TREE
10
177.551124
20
398.441190
30
0.000000
0
VERTEX
8
TREE
10
174.948876
20
398.441190
30
0.000000
0
VERTEX
8
TREE
10
173.108810
20
396.601124
30
0.000000
0
VERTEX
8
TREE
10
173.108810
20
393.998876
30
0.000000
0
VERTEX
8
TREE
10
174.948876
20
392.158810
30
0.000000
0
VERTEX
8
TREE
10
177.551124
20
392.158810
30
0.000000
0
VERTEX
8
TREE
10
179.391190
20
393.998876
30
0.000000
0
SEQEND
8
TREE
999
URBANOS_PATH deco.tree-0997
0
POLYLINE
8
TREE
66
1
70
1
10
0.000000
20
0.000000
30
0.000000
0
VERTEX
8
TREE
10
280.845518
20
395.105734
30
0.000000
0
VERTEX
8
TREE
10
278.680734
20
397.270518
30
0.000000
0
VERTEX
8
TREE
10
275.619266
20
397.270518
30
0.000000
0
VERTEX
8
TREE
10
273.454482
20
395.105734
30
0.000000
0
VERTEX
8
TREE
10
273.454482
20
392.044266
30
0.000000
0
VERTEX
8
TREE
10
275.619266
20
389.879482
30
0.000000
0
VERTEX
8
TREE
10
278.680734
20
389.879482
30
0.000000
0
VERTEX
8
TREE
10
280.845518
20
392.044266
30
0.000000
0
SEQEND
8
TREE
999
URBANOS_PATH deco.tree-0998
0
POLYLINE
8
TREE
66
1
70
1
10
0.000000
20
0.000000
30
0.000000
0
VERTEX
8
TREE
10
308.406415
20
394.799587
30
0.000000
0
VERTEX
8
TREE
10
306.674587
20
396.531415
30
0.000000
0
VERTEX
8
TREE
10
304.225413
20
396.531415
30
0.000000
0
VERTEX
8
TREE
10
302.493585
20
394.799587
30
0.000000
0
VERTEX
8
TREE
10
302.493585
20
392.350413
30
0.000000
0
VERTEX
8
TREE
10
304.225413
20
390.618585
30
0.000000
0
VERTEX
8
TREE
10
306.674587
20
390.618585
30
0.000000
0
VERTEX
8
TREE
10
308.406415
20
392.350413
30
0.000000
0
SEQEND
8
TREE
999
URBANOS_PATH deco.tree-0999
0
POLYLINE
8
TREE
66
1
70
1
10
0.000000
20
0.000000
30
0.000000
0
VERTEX
8
TREE
10
337.445518
20
395.105734
30
0.000000
0
VERTEX
8
TREE
10
335.280734
20
397.270518
30
0.000000
0
VERTEX
8
TREE
10
332.219266
20
397.270518
30
0.000000
0
VERTEX
8
TREE
10
330.054482
20
395.105734
30
0.000000
0
VERTEX
8
TREE
10
330.054482
20
392.044266
30
0.000000
0
VERTEX
8
TREE
10
332.219266
20
389.879482
30
0.000000
0
VERTEX
8
TREE
10
335.280734
20
389.879482
30
0.000000
0
VERTEX
8
TREE
10
337.445518
20
392.044266
30
0.000000
0
SEQEND
8
TREE
999
URBANOS_PATH deco.tree-1000
0
POLYLINE
8
TREE
66
1
70
1
10
0.000000
20
0.000000
30
0.000000
0
VERTEX
8
TREE
10
365.006415
20
394.799587
30
0.000000
0
VERTEX
8
TREE
10
363.274587
20
396.531415
30
0.000000
0
VERTEX
8
TREE
10
360.825413
20
396.531415
30
0.000000
0
VERTEX
8
TREE
10
359.093585
20
394.799587
30
0.000000
0
VERTEX
8
TREE
10
359.093585
20
392.350413
30
0.000000
0
VERTEX
8
TREE
10
360.825413
20
390.618585
30
0.000000
0
VERTEX
8
TREE
10
363.274587
20
390.618585
30
0.000000
0
VERTEX
8
TREE
10
365.006415
20
392.350413
30
0.000000
0
SEQEND
8
TREE
999
URBANOS_PATH deco.tree-1001
0
POLYLINE
8
TREE
66
1
70
1
10
0.000000
20
0.000000
30
0.000000
0
VERTEX
8
TREE
10
394.045518
20
395.105734
30
0.000000
0
VERTEX
8
TREE
10
391.880734
20
397.270518
30
0.000000
0
VERTEX
8
TREE
10
388.819266
20
397.270518
30
0.000000
0
VERTEX
8
TREE
10
386.654482
20
395.105734
30
0.000000
0
VERTEX
8
TREE
10
386.654482
20
392.044266
30
0.000000
0
VERTEX
8
TREE
10
388.819266
20
389.879482
30
0.000000
0
VERTEX
8
TREE
10
391.880734
20
389.879482
30
0.000000
0
VERTEX
8
TREE
10
394.045518
20
392.044266
30
0.000000
0
SEQEND
8
TREE
999
URBANOS_PATH deco.tree-1002
0
POLYLINE
8
TREE
66
1
70
1
10
0.000000
20
0.000000
30
0.000000
0
VERTEX
8
TREE
10
320.695518
20
299.180734
30
0.000000
0
VERTEX
8
TREE
10
318.530734
20
301.345518
30
0.000000
0
VERTEX
8
TREE
10
315.469266
20
301.345518
30
0.000000
0
VERTEX
8
TREE
10
313.304482
20
299.180734
30
0.000000
0
VERTEX
8
TREE
10
313.304482
20
296.119266
30
0.000000
0
VERTEX
8
TREE
10
315.469266
20
293.954482
30
0.000000
0
VERTEX
8
TREE
10
318.530734
20
293.954482
30
0.000000
0
VERTEX
8
TREE
10
320.695518
20
296.119266
30
0.000000
0
SEQEND
8
TREE
999
URBANOS_PATH deco.tree-1003
0
POLYLINE
8
TREE
66
1
70
1
10
0.000000
20
0.000000
30
0.000000
0
VERTEX
8
TREE
10
380.695518
20
299.180734
30
0.000000
0
VERTEX
8
TREE
10
378.530734
20
301.345518
30
0.000000
0
VERTEX
8
TREE
10
375.469266
20
301.345518
30
0.000000
0
VERTEX
8
TREE
10
373.304482
20
299.180734
30
0.000000
0
VERTEX
8
TREE
10
373.304482
20
296.119266
30
0.000000
0
VERTEX
8
TREE
10
375.469266
20
293.954482
30
0.000000
0
VERTEX
8
TREE
10
378.530734
20
293.954482
30
0.000000
0
VERTEX
8
TREE
10
380.695518
20
296.119266
30
0.000000
0
SEQEND
8
TREE
999
URBANOS_PATH deco.tree-1004
0
POLYLINE
8
TREE
66
1
70
1
10
0.000000
20
0.000000
30
0.000000
0
VERTEX
8
TREE
10
296.695518
20
329.180734
30
0.000000
0
VERTEX
8
TREE
10
294.530734
20
331.345518
30
0.000000
0
VERTEX
8
TREE
10
291.469266
20
331.345518
30
0.000000
0
VERTEX
8
TREE
10
289.304482
20
329.180734
30
0.000000
0
VERTEX
8
TREE
10
289.304482
20
326.119266
30
0.000000
0
VERTEX
8
TREE
10
291.469266
20
323.954482
30
0.000000
0
VERTEX
8
TREE
10
294.530734
20
323.954482
30
0.000000
0
VERTEX
8
TREE
10
296.695518
20
326.119266
30
0.000000
0
SEQEND
8
TREE
999
URBANOS_PATH deco.tree-1005
0
POLYLINE
8
TREE
66
1
70
1
10
0.000000
20
0.000000
30
0.000000
0
VERTEX
8
TREE
10
356.695518
20
329.180734
30
0.000000
0
VERTEX
8
TREE
10
354.530734
20
331.345518
30
0.000000
0
VERTEX
8
TREE
10
351.469266
20
331.345518
30
0.000000
0
VERTEX
8
TREE
10
349.304482
20
329.180734
30
0.000000
0
VERTEX
8
TREE
10
349.304482
20
326.119266
30
0.000000
0
VERTEX
8
TREE
10
351.469266
20
323.954482
30
0.000000
0
VERTEX
8
TREE
10
354.530734
20
323.954482
30
0.000000
0
VERTEX
8
TREE
10
356.695518
20
326.119266
30
0.000000
0
SEQEND
8
TREE
999
URBANOS_PATH deco.tree-1006
0
POLYLINE
8
TREE
66
1
70
1
10
0.000000
20
0.000000
30
0.000000
0
VERTEX
8
TREE
10
320.695518
20
347.180734
30
0.000000
0
VERTEX
8
TREE
10
318.530734
20
349.345518
30
0.000000
0
VERTEX
8
TREE
10
315.469266
20
349.345518
30
0.000000
0
VERTEX
8
TREE
10
313.304482
20
347.180734
30
0.000000
0
VERTEX
8
TREE
10
313.304482
20
344.119266
30
0.000000
0
VERTEX
8
TREE
10
315.469266
20
341.954482
30
0.000000
0
VERTEX
8
TREE
10
318.530734
20
341.954482
30
0.000000
0
VERTEX
8
TREE
10
320.695518
20
344.119266
30
0.000000
0
SEQEND
8
TREE
999
URBANOS_PATH deco.tree-1007
0
POLYLINE
8
TREE
66
1
70
1
10
0.000000
20
0.000000
30
0.000000
0
VERTEX
8
TREE
10
380.695518
20
347.180734
30
0.000000
0
VERTEX
8
TREE
10
378.530734
20
349.345518
30
0.000000
0
VERTEX
8
TREE
10
375.469266
20
349.345518
30
0.000000
0
VERTEX
8
TREE
10
373.304482
20
347.180734
30
0.000000
0
VERTEX
8
TREE
10
373.304482
20
344.119266
30
0.000000
0
VERTEX
8
TREE
10
375.469266
20
341.954482
30
0.000000
0
VERTEX
8
TREE
10
378.530734
20
341.954482
30
0.000000
0
VERTEX
8
TREE
10
380.695518
20
344.119266
30
0.000000
0
SEQEND
8
TREE
999
URBANOS_PATH deco.tree-1008
0
POLYLINE
8
TREE
66
1
70
1
10
0.000000
20
0.000000
30
0.000000
0
VERTEX
8
TREE
10
296.695518
20
377.180734
30
0.000000
0
VERTEX
8
TREE
10
294.530734
20
379.345518
30
0.000000
0
VERTEX
8
TREE
10
291.469266
20
379.345518
30
0.000000
0
VERTEX
8
TREE
10
289.304482
20
377.180734
30
0.000000
0
VERTEX
8
TREE
10
289.304482
20
374.119266
30
0.000000
0
VERTEX
8
TREE
10
291.469266
20
371.954482
30
0.000000
0
VERTEX
8
TREE
10
294.530734
20
371.954482
30
0.000000
0
VERTEX
8
TREE
10
296.695518
20
374.119266
30
0.000000
0
SEQEND
8
TREE
999
URBANOS_PATH deco.tree-1009
0
POLYLINE
8
TREE
66
1
70
1
10
0.000000
20
0.000000
30
0.000000
0
VERTEX
8
TREE
10
356.695518
20
377.180734
30
0.000000
0
VERTEX
8
TREE
10
354.530734
20
379.345518
30
0.000000
0
VERTEX
8
TREE
10
351.469266
20
379.345518
30
0.000000
0
VERTEX
8
TREE
10
349.304482
20
377.180734
30
0.000000
0
VERTEX
8
TREE
10
349.304482
20
374.119266
30
0.000000
0
VERTEX
8
TREE
10
351.469266
20
371.954482
30
0.000000
0
VERTEX
8
TREE
10
354.530734
20
371.954482
30
0.000000
0
VERTEX
8
TREE
10
356.695518
20
374.119266
30
0.000000
0
SEQEND
8
TREE
999
URBANOS_PATH deco.tree-1010
0
POLYLINE
8
TREE
66
1
70
1
10
0.000000
20
0.000000
30
0.000000
0
VERTEX
8
TREE
10
414.749846
20
297.410344
30
0.000000
0
VERTEX
8
TREE
10
412.260344
20
299.899846
30
0.000000
0
VERTEX
8
TREE
10
408.739656
20
299.899846
30
0.000000
0
VERTEX
8
TREE
10
406.250154
20
297.410344
30
0.000000
0
VERTEX
8
TREE
10
406.250154
20
293.889656
30
0.000000
0
VERTEX
8
TREE
10
408.739656
20
291.400154
30
0.000000
0
VERTEX
8
TREE
10
412.260344
20
291.400154
30
0.000000
0
VERTEX
8
TREE
10
414.749846
20
293.889656
30
0.000000
0
SEQEND
8
TREE
999
URBANOS_PATH deco.tree-1011
0
POLYLINE
8
TREE
66
1
70
1
10
0.000000
20
0.000000
30
0.000000
0
VERTEX
8
TREE
10
420.071639
20
291.598050
30
0.000000
0
VERTEX
8
TREE
10
418.448050
20
293.221639
30
0.000000
0
VERTEX
8
TREE
10
416.151950
20
293.221639
30
0.000000
0
VERTEX
8
TREE
10
414.528361
20
291.598050
30
0.000000
0
VERTEX
8
TREE
10
414.528361
20
289.301950
30
0.000000
0
VERTEX
8
TREE
10
416.151950
20
287.678361
30
0.000000
0
VERTEX
8
TREE
10
418.448050
20
287.678361
30
0.000000
0
VERTEX
8
TREE
10
420.071639
20
289.301950
30
0.000000
0
SEQEND
8
TREE
999
URBANOS_PATH deco.tree-1012
0
POLYLINE
8
TREE
66
1
70
1
10
0.000000
20
0.000000
30
0.000000
0
VERTEX
8
TREE
10
407.641190
20
301.751124
30
0.000000
0
VERTEX
8
TREE
10
405.801124
20
303.591190
30
0.000000
0
VERTEX
8
TREE
10
403.198876
20
303.591190
30
0.000000
0
VERTEX
8
TREE
10
401.358810
20
301.751124
30
0.000000
0
VERTEX
8
TREE
10
401.358810
20
299.148876
30
0.000000
0
VERTEX
8
TREE
10
403.198876
20
297.308810
30
0.000000
0
VERTEX
8
TREE
10
405.801124
20
297.308810
30
0.000000
0
VERTEX
8
TREE
10
407.641190
20
299.148876
30
0.000000
0
SEQEND
8
TREE
999
URBANOS_PATH deco.tree-1013
0
POLYLINE
8
TREE
66
1
70
1
10
0.000000
20
0.000000
30
0.000000
0
VERTEX
8
TREE
10
414.749846
20
338.410344
30
0.000000
0
VERTEX
8
TREE
10
412.260344
20
340.899846
30
0.000000
0
VERTEX
8
TREE
10
408.739656
20
340.899846
30
0.000000
0
VERTEX
8
TREE
10
406.250154
20
338.410344
30
0.000000
0
VERTEX
8
TREE
10
406.250154
20
334.889656
30
0.000000
0
VERTEX
8
TREE
10
408.739656
20
332.400154
30
0.000000
0
VERTEX
8
TREE
10
412.260344
20
332.400154
30
0.000000
0
VERTEX
8
TREE
10
414.749846
20
334.889656
30
0.000000
0
SEQEND
8
TREE
999
URBANOS_PATH deco.tree-1014
0
POLYLINE
8
TREE
66
1
70
1
10
0.000000
20
0.000000
30
0.000000
0
VERTEX
8
TREE
10
420.071639
20
342.998050
30
0.000000
0
VERTEX
8
TREE
10
418.448050
20
344.621639
30
0.000000
0
VERTEX
8
TREE
10
416.151950
20
344.621639
30
0.000000
0
VERTEX
8
TREE
10
414.528361
20
342.998050
30
0.000000
0
VERTEX
8
TREE
10
414.528361
20
340.701950
30
0.000000
0
VERTEX
8
TREE
10
416.151950
20
339.078361
30
0.000000
0
VERTEX
8
TREE
10
418.448050
20
339.078361
30
0.000000
0
VERTEX
8
TREE
10
420.071639
20
340.701950
30
0.000000
0
SEQEND
8
TREE
999
URBANOS_PATH deco.tree-1015
0
POLYLINE
8
TREE
66
1
70
1
10
0.000000
20
0.000000
30
0.000000
0
VERTEX
8
TREE
10
407.641190
20
342.751124
30
0.000000
0
VERTEX
8
TREE
10
405.801124
20
344.591190
30
0.000000
0
VERTEX
8
TREE
10
403.198876
20
344.591190
30
0.000000
0
VERTEX
8
TREE
10
401.358810
20
342.751124
30
0.000000
0
VERTEX
8
TREE
10
401.358810
20
340.148876
30
0.000000
0
VERTEX
8
TREE
10
403.198876
20
338.308810
30
0.000000
0
VERTEX
8
TREE
10
405.801124
20
338.308810
30
0.000000
0
VERTEX
8
TREE
10
407.641190
20
340.148876
30
0.000000
0
SEQEND
8
TREE
999
URBANOS_PATH deco.tree-1016
0
POLYLINE
8
TREE
66
1
70
1
10
0.000000
20
0.000000
30
0.000000
0
VERTEX
8
TREE
10
414.749846
20
388.335344
30
0.000000
0
VERTEX
8
TREE
10
412.260344
20
390.824846
30
0.000000
0
VERTEX
8
TREE
10
408.739656
20
390.824846
30
0.000000
0
VERTEX
8
TREE
10
406.250154
20
388.335344
30
0.000000
0
VERTEX
8
TREE
10
406.250154
20
384.814656
30
0.000000
0
VERTEX
8
TREE
10
408.739656
20
382.325154
30
0.000000
0
VERTEX
8
TREE
10
412.260344
20
382.325154
30
0.000000
0
VERTEX
8
TREE
10
414.749846
20
384.814656
30
0.000000
0
SEQEND
8
TREE
999
URBANOS_PATH deco.tree-1017
0
POLYLINE
8
TREE
66
1
70
1
10
0.000000
20
0.000000
30
0.000000
0
VERTEX
8
TREE
10
420.071639
20
382.523050
30
0.000000
0
VERTEX
8
TREE
10
418.448050
20
384.146639
30
0.000000
0
VERTEX
8
TREE
10
416.151950
20
384.146639
30
0.000000
0
VERTEX
8
TREE
10
414.528361
20
382.523050
30
0.000000
0
VERTEX
8
TREE
10
414.528361
20
380.226950
30
0.000000
0
VERTEX
8
TREE
10
416.151950
20
378.603361
30
0.000000
0
VERTEX
8
TREE
10
418.448050
20
378.603361
30
0.000000
0
VERTEX
8
TREE
10
420.071639
20
380.226950
30
0.000000
0
SEQEND
8
TREE
999
URBANOS_PATH deco.tree-1018
0
POLYLINE
8
TREE
66
1
70
1
10
0.000000
20
0.000000
30
0.000000
0
VERTEX
8
TREE
10
407.641190
20
383.076124
30
0.000000
0
VERTEX
8
TREE
10
405.801124
20
384.916190
30
0.000000
0
VERTEX
8
TREE
10
403.198876
20
384.916190
30
0.000000
0
VERTEX
8
TREE
10
401.358810
20
383.076124
30
0.000000
0
VERTEX
8
TREE
10
401.358810
20
380.473876
30
0.000000
0
VERTEX
8
TREE
10
403.198876
20
378.633810
30
0.000000
0
VERTEX
8
TREE
10
405.801124
20
378.633810
30
0.000000
0
VERTEX
8
TREE
10
407.641190
20
380.473876
30
0.000000
0
SEQEND
8
TREE
999
URBANOS_PATH anno.north-arrow
0
POLYLINE
8
ANNOTATION
66
1
70
1
10
0.000000
20
0.000000
30
0.000000
0
VERTEX
8
ANNOTATION
10
-16.500000
20
430.000000
30
0.000000
0
VERTEX
8
ANNOTATION
10
-11.500000
20
430.000000
30
0.000000
0
VERTEX
8
ANNOTATION
10
-14.000000
20
438.000000
30
0.000000
0
SEQEND
8
ANNOTATION
999
URBANOS_PATH anno.dim-width-line
0
POLYLINE
8
DIMENSION
66
1
70
0
10
0.000000
20
0.000000
30
0.000000
0
VERTEX
8
DIMENSION
10
0.000000
20
-10.000000
30
0.000000
0
VERTEX
8
DIMENSION
10
460.000000
20
-10.000000
30
0.000000
0
SEQEND
8
DIMENSION
999
URBANOS_PATH anno.dim-width-tick-a
0
POLYLINE
8
DIMENSION
66
1
70
0
10
0.000000
20
0.000000
30
0.000000
0
VERTEX
8
DIMENSION
10
0.000000
20
-12.000000
30
0.000000
0
VERTEX
8
DIMENSION
10
0.000000
20
-8.000000
30
0.000000
0
SEQEND
8
DIMENSION
999
URBANOS_PATH anno.dim-width-tick-b
0
POLYLINE
8
DIMENSION
66
1
70
0
10
0.000000
20
0.000000
30
0.000000
0
VERTEX
8
DIMENSION
10
460.000000
20
-12.000000
30
0.000000
0
VERTEX
8
DIMENSION
10
460.000000
20
-8.000000
30
0.000000
0
SEQEND
8
DIMENSION
999
URBANOS_PATH anno.dim-depth-line
0
POLYLINE
8
DIMENSION
66
1
70
0
10
0.000000
20
0.000000
30
0.000000
0
VERTEX
8
DIMENSION
10
-10.000000
20
0.000000
30
0.000000
0
VERTEX
8
DIMENSION
10
-10.000000
20
440.000000
30
0.000000
0
SEQEND
8
DIMENSION
999
URBANOS_PATH anno.dim-depth-tick-a
0
POLYLINE
8
DIMENSION
66
1
70
0
10
0.000000
20
0.000000
30
0.000000
0
VERTEX
8
DIMENSION
10
-12.000000
20
0.000000
30
0.000000
0
VERTEX
8
DIMENSION
10
-8.000000
20
0.000000
30
0.000000
0
SEQEND
8
DIMENSION
999
URBANOS_PATH anno.dim-depth-tick-b
0
POLYLINE
8
DIMENSION
66
1
70
0
10
0.000000
20
0.000000
30
0.000000
0
VERTEX
8
DIMENSION
10
-12.000000
20
440.000000
30
0.000000
0
VERTEX
8
DIMENSION
10
-8.000000
20
440.000000
30
0.000000
0
SEQEND
8
DIMENSION
999
URBANOS_TEXT anno.north-label
0
TEXT
8
ANNOTATION
10
-14.000000
20
425.000000
30
0.000000
40
4.000000
1
N (DECLARED)
50
0.000000
7
STANDARD
72
1
73
2
11
-14.000000
21
425.000000
31
0.000000
999
URBANOS_TEXT anno.watermark-demo
0
TEXT
8
WATERMARK
10
230.000000
20
220.000000
30
0.000000
40
60.000000
1
DEMO
50
30.000000
7
STANDARD
72
1
73
2
11
230.000000
21
220.000000
31
0.000000
999
URBANOS_TEXT anno.dim-width-text
0
TEXT
8
DIMENSION
10
230.000000
20
-16.000000
30
0.000000
40
3.200000
1
460.000 m
50
0.000000
7
STANDARD
72
1
73
2
11
230.000000
21
-16.000000
31
0.000000
999
URBANOS_TEXT anno.dim-depth-text
0
TEXT
8
DIMENSION
10
-16.000000
20
220.000000
30
0.000000
40
3.200000
1
440.000 m
50
90.000000
7
STANDARD
72
1
73
2
11
-16.000000
21
220.000000
31
0.000000
999
URBANOS_TEXT anno.setback-front
0
TEXT
8
DIMENSION
10
115.000000
20
10.000000
30
0.000000
40
2.600000
1
FRONT SETBACK 15.000 m [DEMO-B-SETBACK-FRONT]
50
0.000000
7
STANDARD
72
1
73
2
11
115.000000
21
10.000000
31
0.000000
999
URBANOS_TEXT anno.setback-periphery
0
TEXT
8
DIMENSION
10
345.000000
20
432.000000
30
0.000000
40
2.600000
1
PERIPHERY SETBACK 12.000 m [DEMO-B-SETBACK-PERIPHERY]
50
0.000000
7
STANDARD
72
1
73
2
11
345.000000
21
432.000000
31
0.000000
999
URBANOS_TEXT anno.spine-width
0
TEXT
8
DIMENSION
10
216.500000
20
272.800000
30
0.000000
40
2.600000
1
15.000 m ROW [DEMO-B-ROAD-WIDTH-PRIMARY]
50
90.000000
7
STANDARD
72
1
73
2
11
216.500000
21
272.800000
31
0.000000
999
URBANOS_TEXT anno.secondary-width
0
TEXT
8
DIMENSION
10
39.500000
20
34.500000
30
0.000000
40
2.200000
1
12.000 m ROW [DEMO-B-ROAD-WIDTH-SECONDARY]
50
0.000000
7
STANDARD
72
0
73
2
11
39.500000
21
34.500000
31
0.000000
999
URBANOS_TEXT anno.plot-dims
0
TEXT
8
DIMENSION
10
41.500000
20
114.500000
30
0.000000
40
2.200000
1
TYP. PLOT 8.000 x 18.000 m [DEMO-B-UNIT-PLOT-FRONTAGE-MIN, DEMO-B-UNIT-PLOT-DEPTH-MIN]
50
0.000000
7
STANDARD
72
0
73
2
11
41.500000
21
114.500000
31
0.000000
999
URBANOS_TEXT anno.access-road
0
TEXT
8
DIMENSION
10
230.000000
20
-22.000000
30
0.000000
40
2.600000
1
EXTERNAL ACCESS ROAD (SOUTH) 30.000 m — DECLARED FIXTURE INPUT
50
0.000000
7
STANDARD
72
1
73
2
11
230.000000
21
-22.000000
31
0.000000
999
URBANOS_TEXT anno.label-club
0
TEXT
8
TEXT
10
291.296000
20
205.300000
30
0.000000
40
2.600000
1
CLUB
50
0.000000
7
STANDARD
72
1
73
2
11
291.296000
21
205.300000
31
0.000000
999
URBANOS_TEXT anno.label-pool
0
TEXT
8
TEXT
10
329.296000
20
213.040000
30
0.000000
40
2.200000
1
POOL
50
0.000000
7
STANDARD
72
1
73
2
11
329.296000
21
213.040000
31
0.000000
999
URBANOS_TEXT anno.label-green-west
0
TEXT
8
TEXT
10
117.250000
20
256.796000
30
0.000000
40
3.200000
1
CENTRAL PARK
50
0.000000
7
STANDARD
72
1
73
2
11
117.250000
21
256.796000
31
0.000000
999
URBANOS_TEXT anno.label-gate
0
TEXT
8
TEXT
10
230.000000
20
-4.000000
30
0.000000
40
2.600000
1
ENTRY GATE
50
0.000000
7
STANDARD
72
1
73
2
11
230.000000
21
-4.000000
31
0.000000
999
URBANOS_TEXT anno.stamp-title-area
0
TEXT
8
ANNOTATION
10
-26.500000
20
-42.000000
30
0.000000
40
4.000000
1
Research Draft — Not for Construction · DEMO
50
0.000000
7
STANDARD
72
0
73
2
11
-26.500000
21
-42.000000
31
0.000000
999
URBANOS_TEXT anno.title-line-0
0
TEXT
8
ANNOTATION
10
-26.500000
20
-47.000000
30
0.000000
40
2.400000
1
SLICE: DEMO-SLICE-B | SCALE 1:1000 | UNITS: METRES | NORTH: DECLARED (PLAN-UP)
50
0.000000
7
STANDARD
72
0
73
2
11
-26.500000
21
-47.000000
31
0.000000
999
URBANOS_TEXT anno.title-line-1
0
TEXT
8
ANNOTATION
10
-26.500000
20
-51.000000
30
0.000000
40
2.400000
1
PLACED IN THIS REFERENCE LAYOUT: 226 DU | REQUESTED (INTENT): 500 DU | DENSITY CEILING: 1250 DU
50
0.000000
7
STANDARD
72
0
73
2
11
-26.500000
21
-51.000000
31
0.000000
999
URBANOS_TEXT anno.title-line-2
0
TEXT
8
ANNOTATION
10
-26.500000
20
-55.000000
30
0.000000
40
2.400000
1
HEIGHT CAP 9.000 m / G+1 [DEMO-B-HEIGHT-MAX, DEMO-B-STOREYS-MAX] — CITED LIMITS; NO ELEVATIONS DRAWN
50
0.000000
7
STANDARD
72
0
73
2
11
-26.500000
21
-55.000000
31
0.000000
999
URBANOS_TEXT anno.title-line-3
0
TEXT
8
ANNOTATION
10
-26.500000
20
-59.000000
30
0.000000
40
2.400000
1
PARKING 339 ECS REQUIRED AT 1.5/HOME [DEMO-B-PARKING-ECS-PER-DU] — PARKING STRATEGY NOT YET DEMONSTRATED
50
0.000000
7
STANDARD
72
0
73
2
11
-26.500000
21
-59.000000
31
0.000000
999
URBANOS_TEXT anno.title-line-4
0
TEXT
8
ANNOTATION
10
-26.500000
20
-63.000000
30
0.000000
40
2.400000
1
SANCTIONABLE TODAY: UNKNOWN — DEMO — imaginary site representing no jurisdiction: no real source instruments exist and no restraint sweep has been performed, so sanctionability cannot be assessed and no sanctionable-today claim is supportable.
50
0.000000
7
STANDARD
72
0
73
2
11
-26.500000
21
-63.000000
31
0.000000
999
URBANOS_TEXT anno.title-line-5
0
TEXT
8
ANNOTATION
10
-26.500000
20
-67.000000
30
0.000000
40
2.400000
1
ALL RULE VALUES ARE DEMO — ILLUSTRATIVE, UNVERIFIED; NO REAL JURISDICTION IS REPRESENTED
50
0.000000
7
STANDARD
72
0
73
2
11
-26.500000
21
-67.000000
31
0.000000
999
URBANOS_TEXT anno.title-line-6
0
TEXT
8
ANNOTATION
10
-26.500000
20
-71.000000
30
0.000000
40
2.400000
1
AXIS-ALIGNED REFERENCE LAYOUT — ONE FIXED IMAGINARY SITE, NO GENERAL SITE SOLVER
50
0.000000
7
STANDARD
72
0
73
2
11
-26.500000
21
-71.000000
31
0.000000
999
URBANOS_TEXT anno.title-line-7
0
TEXT
8
ANNOTATION
10
-26.500000
20
-75.000000
30
0.000000
40
2.400000
1
FIXTURE 8fd580064eae35cb… RULEBOOK c7ae502fd0e60077… GEOMETRY 64f4db4362069f4c…
50
0.000000
7
STANDARD
72
0
73
2
11
-26.500000
21
-75.000000
31
0.000000
0
ENDSEC
0
EOF
